Year,Month,WeekPeriod,train_station_code,StationName,Train_number,Planned_Train_Arrivel_Time,PassengersAscending,PassengersDescending,event_type
2026,6,יום חול,2800,,8,04:00:00,,,to_tlv
2026,6,יום חול,2800,,1008,04:00:00,,,to_tlv
2026,6,שישי,2800,,6008,04:00:00,,,to_tlv
2026,6,יום חול,1400,,7,04:01:00,,,from_tlv
2026,6,יום חול,3100,,5,04:01:00,,,from_tlv
2026,6,יום חול,3100,,1005,04:01:00,,,from_tlv
2026,6,יום חול,8600,,707,04:01:00,,,to_tlv
2026,6,יום חול,8600,,9707,04:01:00,,,to_tlv
2026,6,שישי,3100,,6005,04:01:00,,,from_tlv
2026,6,שישי,8600,,6707,04:01:00,,,to_tlv
2026,6,שישי,1400,,6007,04:01:00,,,from_tlv
2026,6,יום חול,1500,,6,04:03:00,,,to_tlv
2026,6,שישי,1500,,6006,04:03:00,,,to_tlv
2026,6,יום חול,8600,,10,04:04:00,,,from_tlv
2026,6,יום חול,8600,,1010,04:04:00,,,from_tlv
2026,6,שישי,8600,,6010,04:04:00,,,from_tlv
2026,6,יום חול,400,,3,04:06:00,,,to_tlv
2026,6,יום חול,400,,1003,04:06:00,,,to_tlv
2026,6,שישי,400,,6003,04:06:00,,,to_tlv
2026,6,יום חול,3700,,706,04:07:00,,,to_tlv
2026,6,יום חול,3700,,9706,04:07:00,,,to_tlv
2026,6,שישי,3700,,6706,04:07:00,,,to_tlv
2026,6,יום חול,3300,,1005,04:11:00,,,from_tlv
2026,6,יום חול,3300,,5,04:11:00,,,from_tlv
2026,6,שישי,3300,,6005,04:11:00,,,from_tlv
2026,6,יום חול,1600,,6,04:16:00,,,to_tlv
2026,6,שישי,1600,,6006,04:16:00,,,to_tlv
2026,6,יום חול,2100,,7,04:17:00,,,from_tlv
2026,6,יום חול,3500,,706,04:17:00,,,to_tlv
2026,6,יום חול,3500,,9706,04:17:00,,,to_tlv
2026,6,שישי,2100,,6007,04:17:00,,,from_tlv
2026,6,שישי,3500,,6706,04:17:00,,,to_tlv
2026,6,יום חול,2300,,8,04:19:00,,,to_tlv
2026,6,יום חול,3700,,1010,04:19:00,,,to_tlv
2026,6,יום חול,3700,,10,04:19:00,,,to_tlv
2026,6,שישי,3700,,6010,04:19:00,,,to_tlv
2026,6,שישי,2300,,6008,04:19:00,,,to_tlv
2026,6,שישי,1600,,6021,04:20:00,,,from_tlv
2026,6,יום חול,3500,,1005,04:23:00,,,from_tlv
2026,6,יום חול,3500,,5,04:23:00,,,from_tlv
2026,6,שישי,3500,,6005,04:23:00,,,from_tlv
2026,6,יום חול,2300,,7,04:26:00,,,from_tlv
2026,6,שישי,2300,,6007,04:26:00,,,from_tlv
2026,6,שישי,1500,,6021,04:27:00,,,from_tlv
2026,6,יום חול,2100,,8,04:28:00,,,to_tlv
2026,6,שישי,2100,,6008,04:28:00,,,to_tlv
2026,6,יום חול,680,,707,04:29:00,,,to_tlv
2026,6,יום חול,3500,,1010,04:29:00,,,to_tlv
2026,6,יום חול,3500,,10,04:29:00,,,to_tlv
2026,6,שישי,3500,,6010,04:29:00,,,to_tlv
2026,6,שישי,680,,6707,04:29:00,,,to_tlv
2026,6,יום חול,680,,708,04:32:00,,,to_tlv
2026,6,יום חול,3700,,5,04:32:00,,,to_tlv
2026,6,יום חול,3700,,1005,04:32:00,,,to_tlv
2026,6,שישי,3700,,6005,04:32:00,,,to_tlv
2026,6,שישי,680,,6708,04:33:00,,,to_tlv
2026,6,יום חול,7320,,616,04:34:00,,,from_tlv
2026,6,יום חול,1400,,8,04:39:00,,,to_tlv
2026,6,שישי,1400,,6008,04:39:00,,,to_tlv
2026,6,שישי,1400,,6021,04:39:00,,,from_tlv
2026,6,יום חול,3500,,709,04:40:00,,,from_tlv
2026,6,יום חול,3500,,9709,04:40:00,,,from_tlv
2026,6,שישי,3500,,6709,04:40:00,,,from_tlv
2026,6,יום חול,3300,,10,04:41:00,,,to_tlv
2026,6,יום חול,3300,,1010,04:41:00,,,to_tlv
2026,6,יום חול,7300,,616,04:41:00,,,from_tlv
2026,6,יום חול,7320,,20,04:41:00,,,from_tlv
2026,6,שישי,3300,,6010,04:41:00,,,to_tlv
2026,6,שישי,700,,6021,04:43:00,,,from_tlv
2026,6,יום חול,400,,12,04:44:00,,,from_tlv
2026,6,יום חול,2800,,7,04:45:00,,,from_tlv
2026,6,שישי,2800,,6007,04:45:00,,,from_tlv
2026,6,שישי,7320,,6020,04:45:00,,,from_tlv
2026,6,יום חול,2800,,1007,04:47:00,,,from_tlv
2026,6,יום חול,3700,,9709,04:47:00,,,to_tlv
2026,6,יום חול,3700,,709,04:47:00,,,to_tlv
2026,6,יום חול,8600,,1005,04:47:00,,,to_tlv
2026,6,יום חול,8600,,5,04:47:00,,,to_tlv
2026,6,שישי,1300,,6021,04:47:00,,,to_tlv
2026,6,שישי,8600,,6005,04:47:00,,,to_tlv
2026,6,שישי,3700,,6709,04:47:00,,,to_tlv
2026,6,יום חול,1220,,149,04:48:00,,,from_tlv
2026,6,יום חול,1600,,101,04:48:00,,,from_tlv
2026,6,יום חול,7300,,20,04:48:00,,,from_tlv
2026,6,שישי,400,,6012,04:48:00,,,from_tlv
2026,6,יום חול,1500,,8,04:49:00,,,to_tlv
2026,6,שישי,1500,,6008,04:49:00,,,to_tlv
2026,6,יום חול,3100,,1010,04:51:00,,,to_tlv
2026,6,יום חול,3100,,10,04:51:00,,,to_tlv
2026,6,שישי,3100,,6010,04:51:00,,,to_tlv
2026,6,שישי,1220,,6021,04:51:00,,,from_tlv
2026,6,יום חול,8600,,708,04:53:00,,,from_tlv
2026,6,שישי,7300,,6020,04:53:00,,,from_tlv
2026,6,שישי,8600,,6708,04:53:00,,,from_tlv
2026,6,יום חול,2100,,149,04:54:00,,,from_tlv
2026,6,שישי,5900,,6616,04:54:00,,,from_tlv
2026,6,יום חול,1500,,101,04:55:00,,,from_tlv
2026,6,יום חול,3100,,7,04:55:00,,,from_tlv
2026,6,יום חול,3100,,1007,04:55:00,,,from_tlv
2026,6,יום חול,9700,,616,04:55:00,,,from_tlv
2026,6,יום חול,8600,,9708,04:55:00,,,from_tlv
2026,6,שישי,3100,,6007,04:55:00,,,from_tlv
2026,6,יום חול,8600,,12,04:58:00,,,from_tlv
2026,6,יום חול,2200,,149,04:59:00,,,from_tlv
2026,6,יום חול,8550,,20,04:59:00,,,from_tlv
2026,6,שישי,2100,,6021,04:59:00,,,from_tlv
2026,6,יום חול,2800,,1010,05:00:00,,,to_tlv
2026,6,יום חול,1600,,8,05:00:00,,,to_tlv
2026,6,יום חול,2800,,10,05:00:00,,,to_tlv
2026,6,יום חול,5900,,222,05:00:00,,,from_tlv
2026,6,שישי,1600,,6008,05:00:00,,,to_tlv
2026,6,שישי,2800,,6010,05:00:00,,,to_tlv
2026,6,יום חול,8600,,9709,05:01:00,,,to_tlv
2026,6,יום חול,8600,,709,05:01:00,,,to_tlv
2026,6,שישי,4900,,6220,05:01:00,,,to_tlv
2026,6,שישי,8600,,6709,05:01:00,,,to_tlv
2026,6,שישי,5800,,6616,05:02:00,,,from_tlv
2026,6,יום חול,9650,,616,05:02:00,,,from_tlv
2026,6,שישי,5900,,6222,05:03:00,,,from_tlv
2026,6,שישי,7320,,6618,05:03:00,,,from_tlv
2026,6,שישי,8600,,6012,05:03:00,,,from_tlv
2026,6,שישי,5800,,6616,05:04:00,,,from_tlv
2026,6,שישי,2200,,6021,05:04:00,,,from_tlv
2026,6,שישי,4600,,6220,05:04:00,,,to_tlv
2026,6,יום חול,1400,,101,05:05:00,,,from_tlv
2026,6,יום חול,2300,,149,05:05:00,,,from_tlv
2026,6,יום חול,3300,,1007,05:05:00,,,from_tlv
2026,6,יום חול,3300,,7,05:05:00,,,from_tlv
2026,6,שישי,3300,,6007,05:05:00,,,from_tlv
2026,6,שישי,8550,,6020,05:05:00,,,from_tlv
2026,6,יום חול,400,,5,05:06:00,,,to_tlv
2026,6,יום חול,400,,1005,05:06:00,,,to_tlv
2026,6,שישי,400,,6005,05:06:00,,,to_tlv
2026,6,שישי,4900,,6708,05:06:00,,,to_tlv
2026,6,יום חול,3700,,9708,05:07:00,,,to_tlv
2026,6,יום חול,3700,,708,05:07:00,,,to_tlv
2026,6,יום חול,700,,101,05:08:00,,,from_tlv
2026,6,יום חול,5800,,222,05:08:00,,,from_tlv
2026,6,שישי,3700,,6220,05:09:00,,,to_tlv
2026,6,יום חול,5800,,222,05:10:00,,,from_tlv
2026,6,שישי,7300,,6618,05:10:00,,,from_tlv
2026,6,שישי,5800,,6222,05:11:00,,,from_tlv
2026,6,יום חול,9600,,616,05:11:00,,,from_tlv
2026,6,שישי,4600,,6708,05:11:00,,,to_tlv
2026,6,שישי,2300,,6021,05:11:00,,,from_tlv
2026,6,יום חול,1300,,101,05:12:00,,,to_tlv
2026,6,יום חול,3700,,12,05:12:00,,,to_tlv
2026,6,יום חול,7320,,618,05:12:00,,,from_tlv
2026,6,יום חול,3500,,613,05:13:00,,,from_tlv
2026,6,יום חול,3500,,8613,05:13:00,,,from_tlv
2026,6,שישי,5800,,6222,05:13:00,,,from_tlv
2026,6,יום חול,2500,,149,05:14:00,,,from_tlv
2026,6,שישי,9000,,6616,05:14:00,,,from_tlv
2026,6,שישי,3600,,6220,05:14:00,,,to_tlv
2026,6,שישי,4900,,6012,05:14:00,,,to_tlv
2026,6,יום חול,1600,,151,05:15:00,,,from_tlv
2026,6,יום חול,7000,,20,05:15:00,,,from_tlv
2026,6,שישי,1600,,6023,05:16:00,,,from_tlv
2026,6,שישי,3700,,6708,05:16:00,,,to_tlv
2026,6,יום חול,1220,,101,05:17:00,,,from_tlv
2026,6,יום חול,3500,,708,05:17:00,,,to_tlv
2026,6,יום חול,3500,,7,05:17:00,,,from_tlv
2026,6,יום חול,3500,,1007,05:17:00,,,from_tlv
2026,6,יום חול,3500,,9708,05:17:00,,,to_tlv
2026,6,שישי,3500,,6007,05:17:00,,,from_tlv
2026,6,שישי,3700,,6019,05:17:00,,,to_tlv
2026,6,יום חול,5410,,222,05:18:00,,,from_tlv
2026,6,יום חול,2940,,613,05:19:00,,,from_tlv
2026,6,יום חול,2300,,1010,05:19:00,,,to_tlv
2026,6,יום חול,2300,,10,05:19:00,,,to_tlv
2026,6,יום חול,2940,,8613,05:19:00,,,from_tlv
2026,6,יום חול,3700,,953,05:19:00,,,to_tlv
2026,6,יום חול,7300,,618,05:19:00,,,from_tlv
2026,6,שישי,2300,,6010,05:19:00,,,to_tlv
2026,6,שישי,4600,,6012,05:19:00,,,to_tlv
2026,6,שישי,4600,,6019,05:20:00,,,to_tlv
2026,6,שישי,5900,,6609,05:20:00,,,to_tlv
2026,6,יום חול,3500,,12,05:21:00,,,to_tlv
2026,6,שישי,3500,,6220,05:21:00,,,to_tlv
2026,6,שישי,3600,,6708,05:21:00,,,to_tlv
2026,6,יום חול,1500,,151,05:22:00,,,from_tlv
2026,6,יום חול,4600,,953,05:22:00,,,to_tlv
2026,6,שישי,2500,,6021,05:22:00,,,from_tlv
2026,6,שישי,9800,,6616,05:22:00,,,from_tlv
2026,6,שישי,7000,,6020,05:22:00,,,from_tlv
2026,6,יום חול,4900,,220,05:23:00,,,to_tlv
2026,6,יום חול,4900,,1220,05:23:00,,,to_tlv
2026,6,יום חול,5900,,616,05:23:00,,,from_tlv
2026,6,יום חול,5900,,616,05:23:00,,,from_tlv
2026,6,שישי,5410,,6222,05:23:00,,,from_tlv
2026,6,שישי,3700,,8611,05:23:00,,,to_tlv
2026,6,שישי,3700,,6611,05:23:00,,,to_tlv
2026,6,יום חול,2960,,613,05:24:00,,,from_tlv
2026,6,יום חול,2960,,8613,05:24:00,,,from_tlv
2026,6,יום חול,3500,,713,05:24:00,,,from_tlv
2026,6,יום חול,5200,,222,05:24:00,,,from_tlv
2026,6,שישי,3500,,6715,05:24:00,,,from_tlv
2026,6,שישי,3700,,6012,05:24:00,,,to_tlv
2026,6,שישי,9700,,6618,05:24:00,,,from_tlv
2026,6,יום חול,2100,,101,05:25:00,,,from_tlv
2026,6,שישי,1500,,6023,05:25:00,,,from_tlv
2026,6,שישי,4600,,6611,05:25:00,,,to_tlv
2026,6,שישי,4600,,8611,05:25:00,,,to_tlv
2026,6,יום חול,2800,,149,05:26:00,,,from_tlv
2026,6,יום חול,4600,,220,05:26:00,,,to_tlv
2026,6,יום חול,4900,,953,05:26:00,,,to_tlv
2026,6,יום חול,4600,,1220,05:26:00,,,to_tlv
2026,6,יום חול,5900,,609,05:26:00,,,to_tlv
2026,6,שישי,4690,,6616,05:26:00,,,from_tlv
2026,6,שישי,4900,,6019,05:26:00,,,to_tlv
2026,6,יום חול,3700,,7,05:27:00,,,to_tlv
2026,6,יום חול,3700,,1007,05:27:00,,,to_tlv
2026,6,יום חול,6150,,20,05:27:00,,,from_tlv
2026,6,שישי,3700,,6007,05:27:00,,,to_tlv
2026,6,יום חול,1600,,21,05:28:00,,,from_tlv
2026,6,יום חול,2100,,10,05:28:00,,,to_tlv
2026,6,יום חול,2100,,1010,05:28:00,,,to_tlv
2026,6,יום חול,9200,,613,05:28:00,,,from_tlv
2026,6,שישי,3500,,6708,05:28:00,,,to_tlv
2026,6,יום חול,9200,,8613,05:28:00,,,from_tlv
2026,6,שישי,2100,,6010,05:28:00,,,to_tlv
2026,6,יום חול,680,,709,05:29:00,,,to_tlv
2026,6,שישי,4680,,6616,05:29:00,,,from_tlv
2026,6,שישי,3400,,6220,05:29:00,,,to_tlv
2026,6,שישי,3600,,6012,05:29:00,,,to_tlv
2026,6,שישי,680,,6709,05:29:00,,,to_tlv
2026,6,יום חול,2200,,101,05:30:00,,,from_tlv
2026,6,יום חול,3600,,713,05:30:00,,,to_tlv
2026,6,יום חול,3700,,220,05:30:00,,,to_tlv
2026,6,יום חול,3700,,1220,05:30:00,,,to_tlv
2026,6,שישי,4900,,6611,05:30:00,,,to_tlv
2026,6,שישי,3600,,6715,05:30:00,,,to_tlv
2026,6,שישי,9600,,6609,05:30:00,,,to_tlv
2026,6,שישי,4900,,8611,05:30:00,,,to_tlv
2026,6,יום חול,5300,,222,05:30:00,,,from_tlv
2026,6,יום חול,1280,,59,05:31:00,,,from_tlv
2026,6,יום חול,8700,,613,05:31:00,,,from_tlv
2026,6,יום חול,8700,,8613,05:31:00,,,from_tlv
2026,6,שישי,5200,,6222,05:31:00,,,from_tlv
2026,6,יום חול,1400,,151,05:32:00,,,from_tlv
2026,6,יום חול,3300,,12,05:33:00,,,to_tlv
2026,6,יום חול,5800,,616,05:33:00,,,from_tlv
2026,6,יום חול,9700,,618,05:33:00,,,from_tlv
2026,6,שישי,3500,,6613,05:33:00,,,from_tlv
2026,6,שישי,9650,,6618,05:33:00,,,from_tlv
2026,6,שישי,3310,,6220,05:33:00,,,to_tlv
2026,6,שישי,3500,,8613,05:33:00,,,from_tlv
2026,6,יום חול,1840,,441,05:34:00,,,from_tlv
2026,6,יום חול,5900,,609,05:34:00,,,to_tlv
2026,6,יום חול,5200,,950,05:34:00,,,from_tlv
2026,6,יום חול,7320,,620,05:34:00,,,from_tlv
2026,6,שישי,4660,,6616,05:34:00,,,from_tlv
2026,6,יום חול,700,,151,05:35:00,,,from_tlv
2026,6,יום חול,680,,710,05:35:00,,,to_tlv
2026,6,יום חול,1500,,21,05:35:00,,,from_tlv
2026,6,יום חול,3600,,220,05:35:00,,,to_tlv
2026,6,יום חול,3600,,1220,05:35:00,,,to_tlv
2026,6,יום חול,3700,,713,05:35:00,,,to_tlv
2026,6,שישי,4640,,8611,05:35:00,,,to_tlv
2026,6,יום חול,5800,,8616,05:35:00,,,from_tlv
2026,6,שישי,1400,,6023,05:35:00,,,from_tlv
2026,6,שישי,3700,,6715,05:35:00,,,to_tlv
2026,6,שישי,4640,,6611,05:35:00,,,to_tlv
2026,6,יום חול,2300,,101,05:36:00,,,from_tlv
2026,6,יום חול,5000,,222,05:36:00,,,from_tlv
2026,6,יום חול,6900,,20,05:36:00,,,from_tlv
2026,6,יום חול,9600,,609,05:36:00,,,to_tlv
2026,6,שישי,2800,,6021,05:36:00,,,from_tlv
2026,6,יום חול,2800,,221,05:37:00,,,from_tlv
2026,6,יום חול,8800,,8613,05:37:00,,,from_tlv
2026,6,שישי,5300,,6222,05:37:00,,,from_tlv
2026,6,שישי,6150,,6020,05:37:00,,,from_tlv
2026,6,שישי,3500,,6012,05:37:00,,,to_tlv
2026,6,יום חול,5150,,953,05:37:00,,,to_tlv
2026,6,יום חול,8800,,613,05:37:00,,,from_tlv
2026,6,יום חול,8600,,100,05:38:00,,,from_tlv
2026,6,שישי,2940,,6613,05:38:00,,,from_tlv
2026,6,שישי,4660,,6611,05:38:00,,,to_tlv
2026,6,שישי,2940,,8613,05:38:00,,,from_tlv
2026,6,שישי,4660,,8611,05:38:00,,,to_tlv
2026,6,שישי,3300,,6220,05:38:00,,,to_tlv
2026,6,שישי,4640,,6616,05:38:00,,,from_tlv
2026,6,יום חול,1400,,1010,05:39:00,,,to_tlv
2026,6,יום חול,1300,,151,05:39:00,,,to_tlv
2026,6,יום חול,1400,,10,05:39:00,,,to_tlv
2026,6,יום חול,3700,,611,05:39:00,,,to_tlv
2026,6,יום חול,3700,,8611,05:39:00,,,to_tlv
2026,6,יום חול,4600,,713,05:39:00,,,to_tlv
2026,6,שישי,1400,,6010,05:39:00,,,to_tlv
2026,6,שישי,680,,6716,05:39:00,,,to_tlv
2026,6,שישי,700,,6023,05:39:00,,,from_tlv
2026,6,שישי,9650,,6609,05:39:00,,,to_tlv
2026,6,שישי,4600,,6715,05:40:00,,,to_tlv
2026,6,שישי,5000,,6019,05:40:00,,,to_tlv
2026,6,יום חול,2820,,221,05:41:00,,,from_tlv
2026,6,יום חול,1820,,441,05:41:00,,,from_tlv
2026,6,יום חול,4600,,8611,05:41:00,,,to_tlv
2026,6,יום חול,4600,,611,05:41:00,,,to_tlv
2026,6,יום חול,7320,,22,05:41:00,,,from_tlv
2026,6,יום חול,7300,,620,05:41:00,,,from_tlv
2026,6,שישי,2800,,6221,05:41:00,,,from_tlv
2026,6,יום חול,3700,,429,05:42:00,,,to_tlv
2026,6,יום חול,4250,,613,05:42:00,,,from_tlv
2026,6,יום חול,4250,,8613,05:42:00,,,from_tlv
2026,6,יום חול,5000,,953,05:42:00,,,to_tlv
2026,6,שישי,4680,,8611,05:42:00,,,to_tlv
2026,6,יום חול,8600,,1007,05:42:00,,,to_tlv
2026,6,יום חול,8600,,7,05:42:00,,,to_tlv
2026,6,יום חול,9650,,618,05:42:00,,,from_tlv
2026,6,שישי,4680,,6611,05:42:00,,,to_tlv
2026,6,שישי,8600,,6007,05:42:00,,,to_tlv
2026,6,שישי,4900,,6616,05:42:00,,,to_tlv
2026,6,שישי,9600,,6618,05:42:00,,,from_tlv
2026,6,יום חול,3500,,220,05:43:00,,,to_tlv
2026,6,יום חול,3100,,12,05:43:00,,,to_tlv
2026,6,יום חול,3500,,1220,05:43:00,,,to_tlv
2026,6,יום חול,5000,,950,05:43:00,,,from_tlv
2026,6,יום חול,4800,,222,05:43:00,,,from_tlv
2026,6,שישי,1300,,6023,05:43:00,,,to_tlv
2026,6,שישי,2960,,6613,05:43:00,,,from_tlv
2026,6,שישי,2960,,8613,05:43:00,,,from_tlv
2026,6,יום חול,1220,,151,05:44:00,,,from_tlv
2026,6,יום חול,9000,,616,05:44:00,,,from_tlv
2026,6,יום חול,9000,,8616,05:44:00,,,from_tlv
2026,6,שישי,5000,,6222,05:44:00,,,from_tlv
2026,6,יום חול,9600,,609,05:44:00,,,to_tlv
2026,6,יום חול,1260,,59,05:45:00,,,from_tlv
2026,6,יום חול,1400,,21,05:45:00,,,from_tlv
2026,6,יום חול,4600,,429,05:45:00,,,to_tlv
2026,6,יום חול,4900,,713,05:45:00,,,to_tlv
2026,6,יום חול,4900,,611,05:45:00,,,to_tlv
2026,6,יום חול,4900,,8611,05:45:00,,,to_tlv
2026,6,יום חול,9650,,609,05:45:00,,,to_tlv
2026,6,שישי,2820,,6221,05:45:00,,,from_tlv
2026,6,שישי,4900,,6715,05:45:00,,,to_tlv
2026,6,שישי,7320,,6022,05:45:00,,,from_tlv
2026,6,יום חול,4900,,614,05:46:00,,,to_tlv
2026,6,יום חול,5010,,20,05:46:00,,,from_tlv
2026,6,שישי,4690,,8611,05:46:00,,,to_tlv
2026,6,שישי,4690,,6611,05:46:00,,,to_tlv
2026,6,יום חול,3100,,221,05:47:00,,,from_tlv
2026,6,יום חול,4170,,8613,05:47:00,,,from_tlv
2026,6,יום חול,4170,,613,05:47:00,,,from_tlv
2026,6,יום חול,4900,,100,05:47:00,,,to_tlv
2026,6,שישי,5010,,6019,05:47:00,,,to_tlv
2026,6,שישי,3700,,6121,05:47:00,,,to_tlv
2026,6,שישי,1220,,6023,05:47:00,,,from_tlv
2026,6,שישי,4600,,6616,05:47:00,,,to_tlv
2026,6,שישי,9200,,8613,05:47:00,,,from_tlv
2026,6,שישי,9200,,6613,05:47:00,,,from_tlv
2026,6,יום חול,400,,152,05:48:00,,,from_tlv
2026,6,יום חול,1600,,103,05:48:00,,,from_tlv
2026,6,יום חול,3700,,501,05:48:00,,,to_tlv
2026,6,יום חול,3700,,1501,05:48:00,,,to_tlv
2026,6,יום חול,7300,,22,05:48:00,,,from_tlv
2026,6,שישי,6900,,6020,05:48:00,,,from_tlv
2026,6,שישי,9700,,6609,05:48:00,,,to_tlv
2026,6,שישי,3100,,6220,05:48:00,,,to_tlv
2026,6,יום חול,1500,,1010,05:49:00,,,to_tlv
2026,6,יום חול,1500,,10,05:49:00,,,to_tlv
2026,6,יום חול,3500,,8615,05:49:00,,,from_tlv
2026,6,יום חול,3500,,615,05:49:00,,,from_tlv
2026,6,יום חול,5150,,950,05:49:00,,,from_tlv
2026,6,יום חול,6300,,502,05:49:00,,,from_tlv
2026,6,שישי,1500,,6010,05:49:00,,,to_tlv
2026,6,שישי,9800,,8611,05:49:00,,,to_tlv
2026,6,שישי,9800,,6611,05:49:00,,,to_tlv
2026,6,יום חול,3300,,955,05:50:00,,,from_tlv
2026,6,יום חול,4660,,611,05:50:00,,,to_tlv
2026,6,יום חול,4600,,501,05:50:00,,,to_tlv
2026,6,יום חול,4600,,1501,05:50:00,,,to_tlv
2026,6,יום חול,4660,,8611,05:50:00,,,to_tlv
2026,6,יום חול,4600,,614,05:50:00,,,to_tlv
2026,6,יום חול,4900,,429,05:50:00,,,to_tlv
2026,6,יום חול,9100,,900,05:50:00,,,from_tlv
2026,6,שישי,4600,,6121,05:50:00,,,to_tlv
2026,6,שישי,3700,,6616,05:50:00,,,to_tlv
2026,6,שישי,8700,,6613,05:50:00,,,from_tlv
2026,6,שישי,8700,,8613,05:50:00,,,from_tlv
2026,6,יום חול,4600,,100,05:51:00,,,to_tlv
2026,6,יום חול,4900,,222,05:51:00,,,to_tlv
2026,6,יום חול,5000,,20,05:51:00,,,from_tlv
2026,6,יום חול,5000,,217,05:51:00,,,to_tlv
2026,6,שישי,4800,,6222,05:51:00,,,from_tlv
2026,6,שישי,3100,,6221,05:51:00,,,from_tlv
2026,6,שישי,6300,,6500,05:51:00,,,from_tlv
2026,6,יום חול,1400,,441,05:52:00,,,from_tlv
2026,6,יום חול,2100,,151,05:52:00,,,from_tlv
2026,6,יום חול,2800,,12,05:52:00,,,to_tlv
2026,6,יום חול,3400,,220,05:52:00,,,to_tlv
2026,6,יום חול,3400,,1220,05:52:00,,,to_tlv
2026,6,יום חול,4100,,613,05:52:00,,,from_tlv
2026,6,יום חול,4680,,8611,05:52:00,,,to_tlv
2026,6,יום חול,4100,,8613,05:52:00,,,from_tlv
2026,6,יום חול,4680,,611,05:52:00,,,to_tlv
2026,6,יום חול,9600,,618,05:52:00,,,from_tlv
2026,6,יום חול,1220,,21,05:53:00,,,from_tlv
2026,6,יום חול,3700,,614,05:53:00,,,to_tlv
2026,6,יום חול,5200,,953,05:53:00,,,to_tlv
2026,6,יום חול,9650,,609,05:53:00,,,to_tlv
2026,6,שישי,7300,,6022,05:53:00,,,from_tlv
2026,6,שישי,5900,,6618,05:53:00,,,from_tlv
2026,6,שישי,5900,,6618,05:53:00,,,from_tlv
2026,6,יום חול,300,,152,05:54:00,,,to_tlv
2026,6,יום חול,1250,,59,05:54:00,,,from_tlv
2026,6,יום חול,2940,,8615,05:54:00,,,from_tlv
2026,6,יום חול,2940,,615,05:54:00,,,from_tlv
2026,6,יום חול,3500,,715,05:54:00,,,from_tlv
2026,6,יום חול,9700,,609,05:54:00,,,to_tlv
2026,6,יום חול,700,,441,05:55:00,,,from_tlv
2026,6,יום חול,1500,,103,05:55:00,,,from_tlv
2026,6,יום חול,2500,,62,05:55:00,,,to_tlv
2026,6,יום חול,3400,,955,05:55:00,,,from_tlv
2026,6,יום חול,3600,,149,05:55:00,,,to_tlv
2026,6,יום חול,4900,,501,05:55:00,,,to_tlv
2026,6,יום חול,4900,,1501,05:55:00,,,to_tlv
2026,6,יום חול,9800,,616,05:55:00,,,from_tlv
2026,6,יום חול,9700,,620,05:55:00,,,from_tlv
2026,6,יום חול,9800,,8616,05:55:00,,,from_tlv
2026,6,שישי,3600,,6616,05:55:00,,,to_tlv
2026,6,שישי,2820,,6220,05:55:00,,,to_tlv
2026,6,יום חול,2800,,101,05:56:00,,,from_tlv
2026,6,יום חול,3310,,1220,05:56:00,,,to_tlv
2026,6,יום חול,3310,,220,05:56:00,,,to_tlv
2026,6,יום חול,3700,,100,05:56:00,,,to_tlv
2026,6,יום חול,3700,,219,05:56:00,,,to_tlv
2026,6,יום חול,4600,,222,05:56:00,,,to_tlv
2026,6,יום חול,5200,,224,05:56:00,,,from_tlv
2026,6,יום חול,5300,,217,05:56:00,,,to_tlv
2026,6,שישי,8800,,6613,05:56:00,,,from_tlv
2026,6,יום חול,8600,,713,05:56:00,,,to_tlv
2026,6,שישי,2100,,6023,05:56:00,,,from_tlv
2026,6,שישי,1280,,6063,05:56:00,,,from_tlv
2026,6,שישי,4900,,6121,05:56:00,,,to_tlv
2026,6,יום חול,9800,,8611,05:56:00,,,to_tlv
2026,6,שישי,8800,,8613,05:56:00,,,from_tlv
2026,6,שישי,8600,,6715,05:56:00,,,to_tlv
2026,6,יום חול,9800,,611,05:56:00,,,to_tlv
2026,6,יום חול,2200,,151,05:57:00,,,from_tlv
2026,6,יום חול,3300,,221,05:57:00,,,from_tlv
2026,6,שישי,6900,,6019,05:57:00,,,to_tlv
2026,6,יום חול,2960,,615,05:58:00,,,from_tlv
2026,6,יום חול,2960,,8615,05:58:00,,,from_tlv
2026,6,יום חול,3600,,8613,05:58:00,,,to_tlv
2026,6,יום חול,3600,,613,05:58:00,,,to_tlv
2026,6,יום חול,3600,,614,05:58:00,,,to_tlv
2026,6,יום חול,4600,,219,05:58:00,,,to_tlv
2026,6,יום חול,8600,,710,05:58:00,,,from_tlv
2026,6,שישי,5010,,6020,05:58:00,,,from_tlv
2026,6,שישי,9000,,6611,05:58:00,,,to_tlv
2026,6,שישי,9000,,8611,05:58:00,,,to_tlv
2026,6,יום חול,680,,542,05:59:00,,,to_tlv
2026,6,יום חול,1300,,441,05:59:00,,,to_tlv
2026,6,יום חול,1840,,403,05:59:00,,,from_tlv
2026,6,יום חול,3700,,149,05:59:00,,,to_tlv
2026,6,יום חול,4690,,8616,05:59:00,,,from_tlv
2026,6,יום חול,4900,,950,05:59:00,,,to_tlv
2026,6,יום חול,4690,,616,05:59:00,,,from_tlv
2026,6,יום חול,5000,,900,05:59:00,,,from_tlv
2026,6,שישי,8600,,6716,05:59:00,,,from_tlv
2026,6,יום חול,8550,,22,05:59:00,,,from_tlv
2026,6,שישי,4900,,6222,05:59:00,,,to_tlv
2026,6,יום חול,1600,,1010,06:00:00,,,to_tlv
2026,6,יום חול,1600,,10,06:00:00,,,to_tlv
2026,6,יום חול,3700,,222,06:00:00,,,to_tlv
2026,6,יום חול,3600,,715,06:00:00,,,to_tlv
2026,6,יום חול,5900,,226,06:00:00,,,from_tlv
2026,6,יום חול,5300,,224,06:00:00,,,from_tlv
2026,6,שישי,400,,6007,06:00:00,,,to_tlv
2026,6,שישי,1600,,6010,06:00:00,,,to_tlv
2026,6,שישי,2800,,6220,06:00:00,,,to_tlv
2026,6,יום חול,400,,1007,06:01:00,,,to_tlv
2026,6,יום חול,1280,,61,06:01:00,,,from_tlv
2026,6,יום חול,400,,7,06:01:00,,,to_tlv
2026,6,יום חול,1240,,59,06:01:00,,,from_tlv
2026,6,יום חול,2100,,21,06:01:00,,,from_tlv
2026,6,יום חול,3300,,220,06:01:00,,,to_tlv
2026,6,יום חול,3300,,1220,06:01:00,,,to_tlv
2026,6,יום חול,3600,,100,06:01:00,,,to_tlv
2026,6,יום חול,5200,,217,06:01:00,,,to_tlv
2026,6,שישי,4250,,8613,06:01:00,,,from_tlv
2026,6,שישי,3300,,6221,06:01:00,,,from_tlv
2026,6,שישי,4250,,6613,06:01:00,,,from_tlv
2026,6,שישי,9100,,6900,06:01:00,,,from_tlv
2026,6,שישי,4100,,6616,06:01:00,,,to_tlv
2026,6,יום חול,8600,,9710,06:01:00,,,from_tlv
2026,6,שישי,2200,,6023,06:01:00,,,from_tlv
2026,6,יום חול,3310,,221,06:02:00,,,from_tlv
2026,6,יום חול,4680,,8616,06:02:00,,,from_tlv
2026,6,יום חול,4680,,616,06:02:00,,,from_tlv
2026,6,יום חול,5200,,217,06:02:00,,,to_tlv
2026,6,יום חול,9650,,620,06:02:00,,,from_tlv
2026,6,יום חול,9200,,8615,06:02:00,,,from_tlv
2026,6,יום חול,9700,,609,06:02:00,,,to_tlv
2026,6,שישי,1840,,6441,06:02:00,,,from_tlv
2026,6,יום חול,9200,,615,06:02:00,,,from_tlv
2026,6,שישי,3500,,6021,06:02:00,,,from_tlv
2026,6,יום חול,1220,,441,06:03:00,,,from_tlv
2026,6,יום חול,2300,,62,06:03:00,,,to_tlv
2026,6,יום חול,2300,,151,06:03:00,,,from_tlv
2026,6,יום חול,4900,,219,06:03:00,,,to_tlv
2026,6,יום חול,7500,,830,06:03:00,,,from_tlv
2026,6,יום חול,7500,,990,06:03:00,,,from_tlv
2026,6,שישי,5900,,6224,06:03:00,,,from_tlv
2026,6,שישי,7320,,6620,06:03:00,,,from_tlv
2026,6,שישי,5800,,6618,06:03:00,,,from_tlv
2026,6,שישי,7300,,6609,06:03:00,,,to_tlv
2026,6,יום חול,3500,,955,06:04:00,,,from_tlv
2026,6,יום חול,4100,,614,06:04:00,,,to_tlv
2026,6,יום חול,4600,,149,06:04:00,,,to_tlv
2026,6,יום חול,4600,,950,06:04:00,,,to_tlv
2026,6,יום חול,5000,,429,06:04:00,,,to_tlv
2026,6,יום חול,5900,,618,06:04:00,,,from_tlv
2026,6,יום חול,5900,,618,06:04:00,,,from_tlv
2026,6,שישי,4600,,6222,06:04:00,,,to_tlv
2026,6,שישי,2800,,6012,06:04:00,,,to_tlv
2026,6,שישי,5000,,6020,06:04:00,,,from_tlv
2026,6,יום חול,1400,,103,06:05:00,,,from_tlv
2026,6,יום חול,3400,,221,06:05:00,,,from_tlv
2026,6,יום חול,3700,,715,06:05:00,,,to_tlv
2026,6,יום חול,3600,,222,06:05:00,,,to_tlv
2026,6,יום חול,4900,,20,06:05:00,,,to_tlv
2026,6,יום חול,5150,,1501,06:05:00,,,to_tlv
2026,6,יום חול,8700,,8615,06:05:00,,,from_tlv
2026,6,יום חול,8700,,615,06:05:00,,,from_tlv
2026,6,יום חול,9000,,611,06:05:00,,,to_tlv
2026,6,יום חול,8600,,152,06:05:00,,,from_tlv
2026,6,שישי,8550,,6022,06:05:00,,,from_tlv
2026,6,שישי,5800,,8618,06:05:00,,,from_tlv
2026,6,יום חול,9000,,8611,06:05:00,,,to_tlv
2026,6,יום חול,5150,,501,06:05:00,,,to_tlv
2026,6,יום חול,400,,543,06:06:00,,,to_tlv
2026,6,יום חול,2200,,21,06:06:00,,,from_tlv
2026,6,יום חול,1820,,403,06:06:00,,,from_tlv
2026,6,יום חול,3700,,8613,06:06:00,,,to_tlv
2026,6,יום חול,3700,,613,06:06:00,,,to_tlv
2026,6,יום חול,5000,,224,06:06:00,,,from_tlv
2026,6,שישי,3310,,6221,06:06:00,,,from_tlv
2026,6,שישי,4170,,8613,06:06:00,,,from_tlv
2026,6,שישי,4170,,6613,06:06:00,,,from_tlv
2026,6,שישי,4170,,6616,06:06:00,,,to_tlv
2026,6,יום חול,2800,,223,06:07:00,,,from_tlv
2026,6,יום חול,4660,,616,06:07:00,,,from_tlv
2026,6,יום חול,4660,,8616,06:07:00,,,from_tlv
2026,6,שישי,8600,,6121,06:07:00,,,to_tlv
2026,6,יום חול,700,,103,06:08:00,,,from_tlv
2026,6,יום חול,3700,,950,06:08:00,,,to_tlv
2026,6,יום חול,5010,,502,06:08:00,,,from_tlv
2026,6,יום חול,5800,,226,06:08:00,,,from_tlv
2026,6,שישי,2300,,6023,06:08:00,,,from_tlv
2026,6,שישי,5800,,6611,06:08:00,,,to_tlv
2026,6,שישי,5800,,8611,06:08:00,,,to_tlv
2026,6,שישי,6150,,6019,06:08:00,,,to_tlv
2026,6,יום חול,680,,714,06:09:00,,,to_tlv
2026,6,יום חול,2200,,62,06:09:00,,,to_tlv
2026,6,יום חול,4170,,614,06:09:00,,,to_tlv
2026,6,יום חול,4900,,149,06:09:00,,,to_tlv
2026,6,יום חול,4600,,715,06:09:00,,,to_tlv
2026,6,שישי,3400,,6221,06:09:00,,,from_tlv
2026,6,שישי,3700,,6222,06:09:00,,,to_tlv
2026,6,יום חול,2300,,12,06:10:00,,,to_tlv
2026,6,יום חול,3100,,1220,06:10:00,,,to_tlv
2026,6,יום חול,3100,,220,06:10:00,,,to_tlv
2026,6,יום חול,4600,,20,06:10:00,,,to_tlv
2026,6,יום חול,4900,,710,06:10:00,,,to_tlv
2026,6,יום חול,4900,,9710,06:10:00,,,to_tlv
2026,6,יום חול,5410,,217,06:10:00,,,to_tlv
2026,6,יום חול,5800,,226,06:10:00,,,from_tlv
2026,6,יום חול,7300,,609,06:10:00,,,to_tlv
2026,6,שישי,3600,,6021,06:10:00,,,to_tlv
2026,6,שישי,4900,,6716,06:10:00,,,to_tlv
2026,6,שישי,1820,,6441,06:10:00,,,from_tlv
2026,6,שישי,7300,,6620,06:10:00,,,from_tlv
2026,6,יום חול,1230,,59,06:11:00,,,from_tlv
2026,6,יום חול,2820,,223,06:11:00,,,from_tlv
2026,6,יום חול,2100,,441,06:11:00,,,from_tlv
2026,6,יום חול,4640,,616,06:11:00,,,from_tlv
2026,6,יום חול,3600,,955,06:11:00,,,to_tlv
2026,6,יום חול,4600,,613,06:11:00,,,to_tlv
2026,6,יום חול,4640,,8616,06:11:00,,,from_tlv
2026,6,יום חול,4600,,8613,06:11:00,,,to_tlv
2026,6,יום חול,8800,,8615,06:11:00,,,from_tlv
2026,6,יום חול,5000,,1501,06:11:00,,,to_tlv
2026,6,יום חול,5410,,217,06:11:00,,,to_tlv
2026,6,יום חול,5000,,501,06:11:00,,,to_tlv
2026,6,שישי,4250,,6616,06:11:00,,,to_tlv
2026,6,שישי,5800,,6224,06:11:00,,,from_tlv
2026,6,יום חול,8800,,615,06:11:00,,,from_tlv
2026,6,יום חול,9600,,620,06:11:00,,,from_tlv
2026,6,שישי,4100,,6613,06:11:00,,,from_tlv
2026,6,שישי,5010,,6500,06:11:00,,,from_tlv
2026,6,שישי,400,,6120,06:11:00,,,from_tlv
2026,6,שישי,5000,,6900,06:11:00,,,from_tlv
2026,6,שישי,4100,,8613,06:11:00,,,from_tlv
2026,6,יום חול,1300,,103,06:12:00,,,to_tlv
2026,6,יום חול,3700,,19,06:12:00,,,to_tlv
2026,6,יום חול,4800,,219,06:12:00,,,to_tlv
2026,6,שישי,7320,,6609,06:12:00,,,to_tlv
2026,6,יום חול,7320,,622,06:12:00,,,from_tlv
2026,6,שישי,1260,,6063,06:12:00,,,from_tlv
2026,6,יום חול,300,,543,06:13:00,,,from_tlv
2026,6,יום חול,2500,,151,06:13:00,,,from_tlv
2026,6,יום חול,2300,,21,06:13:00,,,from_tlv
2026,6,יום חול,2100,,62,06:13:00,,,to_tlv
2026,6,יום חול,3500,,222,06:13:00,,,to_tlv
2026,6,יום חול,3500,,221,06:13:00,,,from_tlv
2026,6,יום חול,3600,,950,06:13:00,,,to_tlv
2026,6,יום חול,4800,,224,06:13:00,,,from_tlv
2026,6,יום חול,5000,,502,06:13:00,,,from_tlv
2026,6,שישי,5800,,6224,06:13:00,,,from_tlv
2026,6,יום חול,1260,,61,06:14:00,,,from_tlv
2026,6,יום חול,4250,,614,06:14:00,,,to_tlv
2026,6,יום חול,5800,,618,06:14:00,,,from_tlv
2026,6,שישי,9000,,8618,06:14:00,,,from_tlv
2026,6,שישי,3600,,6222,06:14:00,,,to_tlv
2026,6,שישי,9000,,6618,06:14:00,,,from_tlv
2026,6,יום חול,1600,,153,06:15:00,,,from_tlv
2026,6,יום חול,3700,,20,06:15:00,,,to_tlv
2026,6,יום חול,4600,,710,06:15:00,,,to_tlv
2026,6,יום חול,4600,,19,06:15:00,,,to_tlv
2026,6,יום חול,4900,,715,06:15:00,,,to_tlv
2026,6,יום חול,4900,,8613,06:15:00,,,to_tlv
2026,6,יום חול,4900,,8616,06:15:00,,,to_tlv
2026,6,יום חול,4600,,9710,06:15:00,,,to_tlv
2026,6,יום חול,4900,,613,06:15:00,,,to_tlv
2026,6,יום חול,4900,,616,06:15:00,,,to_tlv
2026,6,יום חול,7000,,22,06:15:00,,,from_tlv
2026,6,שישי,3700,,6021,06:15:00,,,to_tlv
2026,6,שישי,4600,,6716,06:15:00,,,to_tlv
2026,6,יום חול,300,,542,06:16:00,,,to_tlv
2026,6,יום חול,2200,,441,06:16:00,,,from_tlv
2026,6,יום חול,3700,,955,06:16:00,,,to_tlv
2026,6,יום חול,4900,,152,06:16:00,,,to_tlv
2026,6,יום חול,5000,,901,06:16:00,,,to_tlv
2026,6,יום חול,5010,,1501,06:16:00,,,to_tlv
2026,6,יום חול,5800,,8618,06:16:00,,,from_tlv
2026,6,יום חול,5800,,8611,06:16:00,,,to_tlv
2026,6,יום חול,5010,,501,06:16:00,,,to_tlv
2026,6,שישי,5000,,6500,06:16:00,,,from_tlv
2026,6,שישי,1600,,6025,06:16:00,,,from_tlv
2026,6,יום חול,5800,,611,06:16:00,,,to_tlv
2026,6,שישי,3600,,8613,06:16:00,,,to_tlv
2026,6,שישי,3600,,6613,06:16:00,,,to_tlv
2026,6,יום חול,1220,,103,06:17:00,,,from_tlv
2026,6,יום חול,2200,,12,06:17:00,,,to_tlv
2026,6,יום חול,2300,,440,06:17:00,,,to_tlv
2026,6,יום חול,3100,,223,06:17:00,,,from_tlv
2026,6,יום חול,4250,,8615,06:17:00,,,from_tlv
2026,6,יום חול,4250,,615,06:17:00,,,from_tlv
2026,6,שישי,3500,,6221,06:17:00,,,from_tlv
2026,6,שישי,4900,,6020,06:17:00,,,to_tlv
2026,6,שישי,300,,6120,06:17:00,,,to_tlv
2026,6,שישי,8800,,6616,06:17:00,,,to_tlv
2026,6,יום חול,1400,,403,06:18:00,,,from_tlv
2026,6,יום חול,400,,102,06:18:00,,,from_tlv
2026,6,יום חול,2100,,59,06:18:00,,,from_tlv
2026,6,יום חול,2820,,220,06:18:00,,,to_tlv
2026,6,יום חול,2820,,1220,06:18:00,,,to_tlv
2026,6,יום חול,5410,,226,06:18:00,,,from_tlv
2026,6,יום חול,7300,,609,06:18:00,,,to_tlv
2026,6,שישי,5900,,6611,06:18:00,,,to_tlv
2026,6,יום חול,3500,,8617,06:19:00,,,from_tlv
2026,6,יום חול,3300,,503,06:19:00,,,from_tlv
2026,6,יום חול,3600,,221,06:19:00,,,to_tlv
2026,6,יום חול,3500,,617,06:19:00,,,from_tlv
2026,6,יום חול,5150,,502,06:19:00,,,from_tlv
2026,6,יום חול,7320,,609,06:19:00,,,to_tlv
2026,6,יום חול,5800,,217,06:19:00,,,to_tlv
2026,6,יום חול,8800,,614,06:19:00,,,to_tlv
2026,6,יום חול,5000,,219,06:19:00,,,to_tlv
2026,6,יום חול,8600,,149,06:19:00,,,to_tlv
2026,6,יום חול,7300,,622,06:19:00,,,from_tlv
2026,6,יום חול,1230,,62,06:20:00,,,to_tlv
2026,6,יום חול,3600,,20,06:20:00,,,to_tlv
2026,6,יום חול,4640,,613,06:20:00,,,to_tlv
2026,6,יום חול,4600,,616,06:20:00,,,to_tlv
2026,6,יום חול,4600,,8616,06:20:00,,,to_tlv
2026,6,יום חול,4640,,8613,06:20:00,,,to_tlv
2026,6,יום חול,4900,,19,06:20:00,,,to_tlv
2026,6,יום חול,5800,,217,06:20:00,,,to_tlv
2026,6,יום חול,5800,,217,06:20:00,,,to_tlv
2026,6,שישי,2500,,6023,06:20:00,,,from_tlv
2026,6,שישי,2500,,6012,06:20:00,,,to_tlv
2026,6,שישי,3700,,6716,06:20:00,,,to_tlv
2026,6,שישי,4600,,6021,06:20:00,,,to_tlv
2026,6,שישי,1250,,6063,06:20:00,,,from_tlv
2026,6,שישי,5900,,6611,06:20:00,,,to_tlv
2026,6,יום חול,1250,,61,06:21:00,,,from_tlv
2026,6,יום חול,2100,,12,06:21:00,,,to_tlv
2026,6,יום חול,3700,,710,06:21:00,,,to_tlv
2026,6,יום חול,3700,,9710,06:21:00,,,to_tlv
2026,6,יום חול,3500,,950,06:21:00,,,to_tlv
2026,6,יום חול,4600,,152,06:21:00,,,to_tlv
2026,6,יום חול,4600,,955,06:21:00,,,to_tlv
2026,6,יום חול,4900,,224,06:21:00,,,to_tlv
2026,6,שישי,3500,,6222,06:21:00,,,to_tlv
2026,6,שישי,3700,,8613,06:21:00,,,to_tlv
2026,6,שישי,300,,6121,06:21:00,,,from_tlv
2026,6,שישי,3700,,6613,06:21:00,,,to_tlv
2026,6,יום חול,1500,,153,06:22:00,,,from_tlv
2026,6,יום חול,680,,713,06:22:00,,,to_tlv
2026,6,יום חול,3400,,222,06:22:00,,,to_tlv
2026,6,יום חול,4170,,615,06:22:00,,,from_tlv
2026,6,יום חול,4170,,8615,06:22:00,,,from_tlv
2026,6,שישי,7000,,6022,06:22:00,,,from_tlv
2026,6,שישי,7500,,6830,06:22:00,,,from_tlv
2026,6,שישי,1400,,6441,06:22:00,,,from_tlv
2026,6,שישי,680,,6715,06:22:00,,,to_tlv
2026,6,שישי,5150,,6500,06:22:00,,,from_tlv
2026,6,שישי,7000,,6019,06:22:00,,,to_tlv
2026,6,שישי,4600,,6020,06:22:00,,,to_tlv
2026,6,שישי,9800,,8618,06:22:00,,,from_tlv
2026,6,שישי,9800,,6618,06:22:00,,,from_tlv
2026,6,יום חול,2200,,440,06:23:00,,,to_tlv
2026,6,יום חול,2800,,1220,06:23:00,,,to_tlv
2026,6,יום חול,2200,,59,06:23:00,,,from_tlv
2026,6,יום חול,2800,,220,06:23:00,,,to_tlv
2026,6,יום חול,3700,,8616,06:23:00,,,to_tlv
2026,6,יום חול,3700,,616,06:23:00,,,to_tlv
2026,6,יום חול,4660,,613,06:23:00,,,to_tlv
2026,6,יום חול,4660,,8613,06:23:00,,,to_tlv
2026,6,יום חול,5900,,620,06:23:00,,,from_tlv
2026,6,יום חול,5900,,620,06:23:00,,,from_tlv
2026,6,שישי,5410,,6224,06:23:00,,,from_tlv
2026,6,שישי,3600,,6221,06:23:00,,,to_tlv
2026,6,שישי,8700,,6616,06:23:00,,,to_tlv
2026,6,יום חול,300,,102,06:24:00,,,to_tlv
2026,6,יום חול,400,,542,06:24:00,,,from_tlv
2026,6,יום חול,2940,,617,06:24:00,,,from_tlv
2026,6,יום חול,2300,,441,06:24:00,,,from_tlv
2026,6,יום חול,2940,,8617,06:24:00,,,from_tlv
2026,6,יום חול,3700,,221,06:24:00,,,to_tlv
2026,6,יום חול,3500,,717,06:24:00,,,from_tlv
2026,6,יום חול,3600,,101,06:24:00,,,to_tlv
2026,6,יום חול,5200,,226,06:24:00,,,from_tlv
2026,6,שישי,9700,,6620,06:24:00,,,from_tlv
2026,6,שישי,3500,,6719,06:24:00,,,from_tlv
2026,6,יום חול,1220,,403,06:25:00,,,from_tlv
2026,6,יום חול,2100,,103,06:25:00,,,from_tlv
2026,6,יום חול,3400,,503,06:25:00,,,from_tlv
2026,6,שישי,4600,,6613,06:25:00,,,to_tlv
2026,6,יום חול,9000,,618,06:25:00,,,from_tlv
2026,6,יום חול,8700,,614,06:25:00,,,to_tlv
2026,6,יום חול,9100,,901,06:25:00,,,to_tlv
2026,6,יום חול,9000,,8618,06:25:00,,,from_tlv
2026,6,שישי,3600,,6716,06:25:00,,,to_tlv
2026,6,שישי,1500,,6025,06:25:00,,,from_tlv
2026,6,שישי,700,,6441,06:25:00,,,from_tlv
2026,6,שישי,4600,,8613,06:25:00,,,to_tlv
2026,6,יום חול,2800,,151,06:26:00,,,from_tlv
2026,6,יום חול,3310,,222,06:26:00,,,to_tlv
2026,6,יום חול,3700,,152,06:26:00,,,to_tlv
2026,6,יום חול,3600,,9710,06:26:00,,,to_tlv
2026,6,יום חול,3600,,710,06:26:00,,,to_tlv
2026,6,יום חול,4600,,224,06:26:00,,,to_tlv
2026,6,יום חול,4900,,955,06:26:00,,,to_tlv
2026,6,יום חול,8600,,715,06:26:00,,,to_tlv
2026,6,יום חול,5300,,219,06:26:00,,,to_tlv
2026,6,יום חול,5900,,611,06:26:00,,,to_tlv
2026,6,שישי,4690,,8618,06:26:00,,,from_tlv
2026,6,שישי,4690,,6618,06:26:00,,,from_tlv
2026,6,שישי,4900,,6021,06:26:00,,,to_tlv
2026,6,יום חול,2100,,440,06:27:00,,,to_tlv
2026,6,יום חול,3300,,223,06:27:00,,,from_tlv
2026,6,יום חול,4680,,613,06:27:00,,,to_tlv
2026,6,יום חול,4100,,615,06:27:00,,,from_tlv
2026,6,יום חול,4100,,8615,06:27:00,,,from_tlv
2026,6,יום חול,4680,,8613,06:27:00,,,to_tlv
2026,6,יום חול,6150,,22,06:27:00,,,from_tlv
2026,6,יום חול,8800,,824,06:27:00,,,to_tlv
2026,6,יום חול,7300,,830,06:27:00,,,from_tlv
2026,6,יום חול,7320,,402,06:27:00,,,from_tlv
2026,6,יום חול,7300,,990,06:27:00,,,from_tlv
2026,6,שישי,3700,,6020,06:27:00,,,to_tlv
2026,6,יום חול,7320,,609,06:27:00,,,to_tlv
2026,6,שישי,3300,,6503,06:27:00,,,from_tlv
2026,6,שישי,9200,,6616,06:27:00,,,to_tlv
2026,6,יום חול,1240,,61,06:28:00,,,from_tlv
2026,6,יום חול,1600,,23,06:28:00,,,from_tlv
2026,6,יום חול,2960,,8617,06:28:00,,,from_tlv
2026,6,יום חול,3500,,20,06:28:00,,,to_tlv
2026,6,יום חול,2960,,617,06:28:00,,,from_tlv
2026,6,יום חול,3600,,616,06:28:00,,,to_tlv
2026,6,יום חול,3600,,8616,06:28:00,,,to_tlv
2026,6,יום חול,4600,,221,06:28:00,,,to_tlv
2026,6,יום חול,9200,,614,06:28:00,,,to_tlv
2026,6,יום חול,5900,,611,06:28:00,,,to_tlv
2026,6,שישי,3700,,6221,06:28:00,,,to_tlv
2026,6,שישי,8600,,6120,06:28:00,,,from_tlv
2026,6,יום חול,1220,,12,06:29:00,,,to_tlv
2026,6,יום חול,680,,544,06:29:00,,,to_tlv
2026,6,יום חול,2300,,59,06:29:00,,,from_tlv
2026,6,יום חול,3700,,101,06:29:00,,,to_tlv
2026,6,יום חול,4900,,502,06:29:00,,,to_tlv
2026,6,יום חול,7000,,429,06:29:00,,,to_tlv
2026,6,יום חול,5900,,217,06:29:00,,,to_tlv
2026,6,שישי,4680,,8618,06:29:00,,,from_tlv
2026,6,יום חול,8600,,714,06:29:00,,,from_tlv
2026,6,שישי,400,,6121,06:29:00,,,to_tlv
2026,6,שישי,680,,6542,06:29:00,,,to_tlv
2026,6,שישי,1240,,6063,06:29:00,,,from_tlv
2026,6,שישי,1300,,6441,06:29:00,,,to_tlv
2026,6,שישי,4680,,6618,06:29:00,,,from_tlv
2026,6,שישי,3400,,6222,06:29:00,,,to_tlv
2026,6,יום חול,1240,,62,06:30:00,,,to_tlv
2026,6,יום חול,2200,,103,06:30:00,,,from_tlv
2026,6,יום חול,3400,,950,06:30:00,,,to_tlv
2026,6,יום חול,3700,,224,06:30:00,,,to_tlv
2026,6,יום חול,3600,,717,06:30:00,,,to_tlv
2026,6,יום חול,5300,,226,06:30:00,,,from_tlv
2026,6,יום חול,5900,,228,06:30:00,,,from_tlv
2026,6,שישי,2960,,6616,06:30:00,,,to_tlv
2026,6,יום חול,5900,,217,06:30:00,,,to_tlv
2026,6,שישי,2500,,6064,06:30:00,,,to_tlv
2026,6,שישי,4900,,6613,06:30:00,,,to_tlv
2026,6,שישי,3600,,6719,06:30:00,,,to_tlv
2026,6,שישי,2300,,6012,06:30:00,,,to_tlv
2026,6,שישי,9600,,6611,06:30:00,,,to_tlv
2026,6,שישי,4900,,8613,06:30:00,,,to_tlv
2026,6,יום חול,1280,,63,06:31:00,,,from_tlv
2026,6,יום חול,2960,,614,06:31:00,,,to_tlv
2026,6,יום חול,3300,,222,06:31:00,,,to_tlv
2026,6,יום חול,2800,,100,06:31:00,,,to_tlv
2026,6,יום חול,3600,,152,06:31:00,,,to_tlv
2026,6,יום חול,4690,,8613,06:31:00,,,to_tlv
2026,6,יום חול,4690,,613,06:31:00,,,to_tlv
2026,6,יום חול,5200,,219,06:31:00,,,to_tlv
2026,6,שישי,5200,,6224,06:31:00,,,from_tlv
2026,6,יום חול,1400,,153,06:32:00,,,from_tlv
2026,6,יום חול,3310,,223,06:32:00,,,from_tlv
2026,6,יום חול,3600,,8615,06:32:00,,,to_tlv
2026,6,יום חול,3900,,827,06:32:00,,,to_tlv
2026,6,יום חול,3600,,615,06:32:00,,,to_tlv
2026,6,יום חול,9200,,8617,06:32:00,,,from_tlv
2026,6,יום חול,9200,,617,06:32:00,,,from_tlv
2026,6,שישי,4600,,6221,06:32:00,,,to_tlv
2026,6,שישי,3600,,6020,06:32:00,,,to_tlv
2026,6,שישי,4900,,6500,06:32:00,,,to_tlv
2026,6,יום חול,1300,,12,06:33:00,,,to_tlv
2026,6,יום חול,2100,,403,06:33:00,,,from_tlv
2026,6,יום חול,3500,,9710,06:33:00,,,to_tlv
2026,6,יום חול,3500,,710,06:33:00,,,to_tlv
2026,6,יום חול,4900,,221,06:33:00,,,to_tlv
2026,6,יום חול,5800,,620,06:33:00,,,from_tlv
2026,6,יום חול,9700,,622,06:33:00,,,from_tlv
2026,6,שישי,3500,,6615,06:33:00,,,from_tlv
2026,6,שישי,3400,,6503,06:33:00,,,from_tlv
2026,6,שישי,3310,,6222,06:33:00,,,to_tlv
2026,6,שישי,3500,,8615,06:33:00,,,from_tlv
2026,6,שישי,9650,,6620,06:33:00,,,from_tlv
2026,6,שישי,1220,,6441,06:33:00,,,from_tlv
2026,6,יום חול,1220,,440,06:34:00,,,to_tlv
2026,6,יום חול,1840,,443,06:34:00,,,from_tlv
2026,6,יום חול,3500,,503,06:34:00,,,from_tlv
2026,6,יום חול,4600,,101,06:34:00,,,to_tlv
2026,6,יום חול,4100,,616,06:34:00,,,to_tlv
2026,6,יום חול,4100,,8616,06:34:00,,,to_tlv
2026,6,יום חול,4600,,502,06:34:00,,,to_tlv
2026,6,יום חול,5200,,952,06:34:00,,,from_tlv
2026,6,יום חול,9800,,613,06:34:00,,,to_tlv
2026,6,יום חול,7300,,402,06:34:00,,,from_tlv
2026,6,יום חול,7320,,624,06:34:00,,,from_tlv
2026,6,שישי,3500,,6716,06:34:00,,,to_tlv
2026,6,שישי,4660,,8618,06:34:00,,,from_tlv
2026,6,יום חול,9800,,8613,06:34:00,,,to_tlv
2026,6,שישי,4660,,6618,06:34:00,,,from_tlv
2026,6,יום חול,1500,,23,06:35:00,,,from_tlv
2026,6,יום חול,300,,149,06:35:00,,,from_tlv
2026,6,יום חול,700,,153,06:35:00,,,from_tlv
2026,6,יום חול,680,,543,06:35:00,,,to_tlv
2026,6,יום חול,2940,,614,06:35:00,,,to_tlv
2026,6,יום חול,3400,,223,06:35:00,,,from_tlv
2026,6,יום חול,3700,,717,06:35:00,,,to_tlv
2026,6,יום חול,3600,,224,06:35:00,,,to_tlv
2026,6,יום חול,8700,,617,06:35:00,,,from_tlv
2026,6,יום חול,8600,,102,06:35:00,,,from_tlv
2026,6,יום חול,8700,,8617,06:35:00,,,from_tlv
2026,6,שישי,3700,,6719,06:35:00,,,to_tlv
2026,6,שישי,1400,,6025,06:35:00,,,from_tlv
2026,6,שישי,4640,,8613,06:35:00,,,to_tlv
2026,6,יום חול,5800,,8620,06:35:00,,,from_tlv
2026,6,שישי,2940,,6616,06:35:00,,,to_tlv
2026,6,שישי,4640,,6613,06:35:00,,,to_tlv
2026,6,שישי,5000,,6901,06:35:00,,,to_tlv
2026,6,יום חול,2300,,103,06:36:00,,,from_tlv
2026,6,יום חול,6900,,22,06:36:00,,,from_tlv
2026,6,יום חול,5000,,19,06:36:00,,,to_tlv
2026,6,יום חול,5000,,226,06:36:00,,,from_tlv
2026,6,יום חול,9800,,8618,06:36:00,,,from_tlv
2026,6,יום חול,9800,,618,06:36:00,,,from_tlv
2026,6,שישי,2800,,6023,06:36:00,,,from_tlv
2026,6,יום חול,700,,12,06:37:00,,,to_tlv
2026,6,יום חול,3300,,950,06:37:00,,,to_tlv
2026,6,יום חול,2800,,225,06:37:00,,,from_tlv
2026,6,יום חול,3700,,615,06:37:00,,,to_tlv
2026,6,יום חול,3700,,8615,06:37:00,,,to_tlv
2026,6,יום חול,4310,,824,06:37:00,,,to_tlv
2026,6,יום חול,6300,,501,06:37:00,,,to_tlv
2026,6,יום חול,6300,,1501,06:37:00,,,to_tlv
2026,6,יום חול,5150,,955,06:37:00,,,to_tlv
2026,6,שישי,4900,,6221,06:37:00,,,to_tlv
2026,6,שישי,4600,,6500,06:37:00,,,to_tlv
2026,6,שישי,5300,,6224,06:37:00,,,from_tlv
2026,6,שישי,6150,,6022,06:37:00,,,from_tlv
2026,6,יום חול,1250,,62,06:38:00,,,to_tlv
2026,6,יום חול,2200,,403,06:38:00,,,from_tlv
2026,6,יום חול,3700,,502,06:38:00,,,to_tlv
2026,6,יום חול,5800,,228,06:38:00,,,from_tlv
2026,6,יום חול,9600,,611,06:38:00,,,to_tlv
2026,6,שישי,2940,,6615,06:38:00,,,from_tlv
2026,6,שישי,3300,,6222,06:38:00,,,to_tlv
2026,6,שישי,4640,,6618,06:38:00,,,from_tlv
2026,6,שישי,4660,,6613,06:38:00,,,to_tlv
2026,6,שישי,4660,,8613,06:38:00,,,to_tlv
2026,6,שישי,4640,,8618,06:38:00,,,from_tlv
2026,6,שישי,2940,,8615,06:38:00,,,from_tlv
2026,6,יום חול,1300,,440,06:39:00,,,to_tlv
2026,6,יום חול,680,,716,06:39:00,,,to_tlv
2026,6,יום חול,1300,,153,06:39:00,,,to_tlv
2026,6,יום חול,2500,,59,06:39:00,,,from_tlv
2026,6,יום חול,4170,,616,06:39:00,,,to_tlv
2026,6,יום חול,4170,,8616,06:39:00,,,to_tlv
2026,6,יום חול,4600,,717,06:39:00,,,to_tlv
2026,6,יום חול,4690,,8618,06:39:00,,,from_tlv
2026,6,יום חול,4690,,618,06:39:00,,,from_tlv
2026,6,יום חול,4900,,101,06:39:00,,,to_tlv
2026,6,שישי,680,,6720,06:39:00,,,to_tlv
2026,6,שישי,700,,6025,06:39:00,,,from_tlv
2026,6,שישי,4600,,6719,06:39:00,,,to_tlv
2026,6,שישי,4900,,6120,06:39:00,,,to_tlv
2026,6,שישי,2300,,6064,06:39:00,,,to_tlv
2026,6,שישי,9650,,6611,06:39:00,,,to_tlv
2026,6,שישי,2200,,6012,06:39:00,,,to_tlv
2026,6,יום חול,1400,,12,06:40:00,,,to_tlv
2026,6,יום חול,3100,,222,06:40:00,,,to_tlv
2026,6,יום חול,4900,,714,06:40:00,,,to_tlv
2026,6,יום חול,5800,,228,06:40:00,,,from_tlv
2026,6,שישי,5000,,6021,06:40:00,,,to_tlv
2026,6,שישי,3500,,6020,06:40:00,,,to_tlv
2026,6,יום חול,2820,,225,06:41:00,,,from_tlv
2026,6,יום חול,1820,,443,06:41:00,,,from_tlv
2026,6,יום חול,3600,,503,06:41:00,,,to_tlv
2026,6,יום חול,3500,,614,06:41:00,,,to_tlv
2026,6,יום חול,4600,,615,06:41:00,,,to_tlv
2026,6,יום חול,4600,,8615,06:41:00,,,to_tlv
2026,6,יום חול,4680,,8618,06:41:00,,,from_tlv
2026,6,יום חול,4680,,618,06:41:00,,,from_tlv
2026,6,יום חול,7300,,624,06:41:00,,,from_tlv
2026,6,יום חול,8800,,617,06:41:00,,,from_tlv
2026,6,יום חול,7320,,24,06:41:00,,,from_tlv
2026,6,יום חול,8800,,8617,06:41:00,,,from_tlv
2026,6,שישי,1230,,6063,06:41:00,,,from_tlv
2026,6,שישי,2800,,6223,06:41:00,,,from_tlv
2026,6,שישי,2100,,6441,06:41:00,,,from_tlv
2026,6,יום חול,3700,,401,06:42:00,,,to_tlv
2026,6,יום חול,4800,,221,06:42:00,,,to_tlv
2026,6,יום חול,5000,,955,06:42:00,,,to_tlv
2026,6,יום חול,9650,,622,06:42:00,,,from_tlv
2026,6,שישי,3500,,6616,06:42:00,,,to_tlv
2026,6,שישי,3700,,6500,06:42:00,,,to_tlv
2026,6,שישי,4900,,8618,06:42:00,,,to_tlv
2026,6,שישי,9600,,6620,06:42:00,,,from_tlv
2026,6,שישי,3500,,6503,06:42:00,,,from_tlv
2026,6,יום חול,5010,,19,06:42:00,,,to_tlv
2026,6,שישי,4680,,8613,06:42:00,,,to_tlv
2026,6,שישי,4680,,6613,06:42:00,,,to_tlv
2026,6,שישי,4900,,6618,06:42:00,,,to_tlv
2026,6,יום חול,3500,,224,06:43:00,,,to_tlv
2026,6,יום חול,3500,,223,06:43:00,,,from_tlv
2026,6,יום חול,3600,,502,06:43:00,,,to_tlv
2026,6,יום חול,4660,,8618,06:43:00,,,from_tlv
2026,6,יום חול,4800,,226,06:43:00,,,from_tlv
2026,6,יום חול,4660,,618,06:43:00,,,from_tlv
2026,6,יום חול,5000,,952,06:43:00,,,from_tlv
2026,6,שישי,2960,,8615,06:43:00,,,from_tlv
2026,6,יום חול,9000,,613,06:43:00,,,to_tlv
2026,6,יום חול,9000,,8613,06:43:00,,,to_tlv
2026,6,יום חול,9800,,306,06:43:00,,,from_tlv
2026,6,שישי,1300,,6025,06:43:00,,,to_tlv
2026,6,שישי,2960,,6615,06:43:00,,,from_tlv
2026,6,שישי,400,,6543,06:43:00,,,to_tlv
2026,6,שישי,8550,,6019,06:43:00,,,to_tlv
2026,6,יום חול,400,,149,06:44:00,,,to_tlv
2026,6,יום חול,700,,440,06:44:00,,,to_tlv
2026,6,יום חול,1220,,153,06:44:00,,,from_tlv
2026,6,יום חול,2300,,403,06:44:00,,,from_tlv
2026,6,יום חול,4250,,8616,06:44:00,,,to_tlv
2026,6,יום חול,4300,,824,06:44:00,,,to_tlv
2026,6,יום חול,4250,,616,06:44:00,,,to_tlv
2026,6,שישי,9100,,6901,06:44:00,,,to_tlv
2026,6,יום חול,9000,,620,06:44:00,,,from_tlv
2026,6,יום חול,9000,,8620,06:44:00,,,from_tlv
2026,6,שישי,2100,,6012,06:44:00,,,to_tlv
2026,6,שישי,4600,,6120,06:44:00,,,to_tlv
2026,6,שישי,5000,,6224,06:44:00,,,from_tlv
2026,6,יום חול,1400,,23,06:45:00,,,from_tlv
2026,6,יום חול,1260,,63,06:45:00,,,from_tlv
2026,6,יום חול,4600,,401,06:45:00,,,to_tlv
2026,6,יום חול,4300,,827,06:45:00,,,to_tlv
2026,6,יום חול,4600,,714,06:45:00,,,to_tlv
2026,6,יום חול,4640,,8618,06:45:00,,,from_tlv
2026,6,יום חול,4640,,618,06:45:00,,,from_tlv
2026,6,יום חול,4690,,306,06:45:00,,,from_tlv
2026,6,יום חול,4900,,717,06:45:00,,,to_tlv
2026,6,יום חול,4900,,8615,06:45:00,,,to_tlv
2026,6,יום חול,4900,,615,06:45:00,,,to_tlv
2026,6,יום חול,4900,,618,06:45:00,,,to_tlv
2026,6,שישי,2820,,6223,06:45:00,,,from_tlv
2026,6,שישי,4900,,6719,06:45:00,,,to_tlv
2026,6,שישי,7320,,6024,06:45:00,,,from_tlv
2026,6,שישי,300,,6542,06:45:00,,,to_tlv
2026,6,יום חול,2100,,61,06:46:00,,,from_tlv
2026,6,יום חול,3700,,503,06:46:00,,,to_tlv
2026,6,יום חול,4900,,102,06:46:00,,,to_tlv
2026,6,שישי,2300,,6440,06:46:00,,,to_tlv
2026,6,שישי,4800,,6221,06:46:00,,,to_tlv
2026,6,שישי,4690,,6613,06:46:00,,,to_tlv
2026,6,יום חול,5010,,22,06:46:00,,,from_tlv
2026,6,שישי,2200,,6441,06:46:00,,,from_tlv
2026,6,שישי,7300,,6830,06:46:00,,,from_tlv
2026,6,שישי,4690,,8613,06:46:00,,,to_tlv
2026,6,יום חול,1260,,62,06:47:00,,,to_tlv
2026,6,יום חול,3100,,225,06:47:00,,,from_tlv
2026,6,יום חול,4250,,8617,06:47:00,,,from_tlv
2026,6,יום חול,4250,,617,06:47:00,,,from_tlv
2026,6,שישי,3700,,6123,06:47:00,,,to_tlv
2026,6,שישי,1220,,6025,06:47:00,,,from_tlv
2026,6,שישי,2200,,6064,06:47:00,,,to_tlv
2026,6,יום חול,9650,,611,06:47:00,,,to_tlv
2026,6,שישי,5010,,6021,06:47:00,,,to_tlv
2026,6,שישי,9200,,6615,06:47:00,,,from_tlv
2026,6,שישי,3600,,6500,06:47:00,,,to_tlv
2026,6,שישי,4600,,6618,06:47:00,,,to_tlv
2026,6,שישי,9200,,8615,06:47:00,,,from_tlv
2026,6,שישי,4600,,8618,06:47:00,,,to_tlv
2026,6,יום חול,400,,154,06:48:00,,,from_tlv
2026,6,יום חול,2820,,222,06:48:00,,,to_tlv
2026,6,יום חול,1600,,105,06:48:00,,,from_tlv
2026,6,יום חול,4680,,306,06:48:00,,,from_tlv
2026,6,יום חול,5410,,228,06:48:00,,,from_tlv
2026,6,יום חול,7300,,24,06:48:00,,,from_tlv
2026,6,שישי,3100,,6222,06:48:00,,,to_tlv
2026,6,שישי,2100,,6063,06:48:00,,,from_tlv
2026,6,שישי,6900,,6022,06:48:00,,,from_tlv
2026,6,שישי,9700,,6611,06:48:00,,,to_tlv
2026,6,יום חול,300,,544,06:49:00,,,to_tlv
2026,6,יום חול,1500,,12,06:49:00,,,to_tlv
2026,6,יום חול,1400,,440,06:49:00,,,to_tlv
2026,6,יום חול,2300,,100,06:49:00,,,to_tlv
2026,6,יום חול,3500,,619,06:49:00,,,from_tlv
2026,6,יום חול,3600,,223,06:49:00,,,to_tlv
2026,6,יום חול,3500,,8619,06:49:00,,,from_tlv
2026,6,יום חול,4900,,8618,06:49:00,,,to_tlv
2026,6,יום חול,4900,,618,06:49:00,,,to_tlv
2026,6,יום חול,5150,,952,06:49:00,,,from_tlv
2026,6,יום חול,5000,,221,06:49:00,,,to_tlv
2026,6,יום חול,6300,,504,06:49:00,,,from_tlv
2026,6,יום חול,8800,,616,06:49:00,,,to_tlv
2026,6,שישי,3600,,6503,06:49:00,,,to_tlv
2026,6,יום חול,8800,,8616,06:49:00,,,to_tlv
2026,6,שישי,300,,6543,06:49:00,,,from_tlv
2026,6,שישי,9800,,6613,06:49:00,,,to_tlv
2026,6,שישי,3700,,6120,06:49:00,,,to_tlv
2026,6,שישי,9800,,8613,06:49:00,,,to_tlv
2026,6,יום חול,3300,,957,06:50:00,,,from_tlv
2026,6,יום חול,3700,,714,06:50:00,,,to_tlv
2026,6,יום חול,4600,,503,06:50:00,,,to_tlv
2026,6,יום חול,4660,,615,06:50:00,,,to_tlv
2026,6,יום חול,4600,,618,06:50:00,,,to_tlv
2026,6,יום חול,4900,,401,06:50:00,,,to_tlv
2026,6,יום חול,4660,,8615,06:50:00,,,to_tlv
2026,6,שישי,8700,,6615,06:50:00,,,from_tlv
2026,6,יום חול,9100,,902,06:50:00,,,from_tlv
2026,6,שישי,3700,,6618,06:50:00,,,to_tlv
2026,6,שישי,8700,,8615,06:50:00,,,from_tlv
2026,6,שישי,3700,,8618,06:50:00,,,to_tlv
2026,6,יום חול,8600,,101,06:50:00,,,to_tlv
2026,6,שישי,4600,,6123,06:50:00,,,to_tlv
2026,6,יום חול,3500,,502,06:51:00,,,to_tlv
2026,6,יום חול,4600,,102,06:51:00,,,to_tlv
2026,6,יום חול,4900,,226,06:51:00,,,to_tlv
2026,6,יום חול,5000,,22,06:51:00,,,from_tlv
2026,6,שישי,3100,,6223,06:51:00,,,from_tlv
2026,6,שישי,4800,,6224,06:51:00,,,from_tlv
2026,6,שישי,2100,,6064,06:51:00,,,to_tlv
2026,6,יום חול,6900,,19,06:51:00,,,to_tlv
2026,6,שישי,6300,,6502,06:51:00,,,from_tlv
2026,6,יום חול,1220,,400,06:52:00,,,to_tlv
2026,6,יום חול,1220,,1400,06:52:00,,,to_tlv
2026,6,יום חול,680,,715,06:52:00,,,to_tlv
2026,6,יום חול,1400,,443,06:52:00,,,from_tlv
2026,6,יום חול,2100,,153,06:52:00,,,from_tlv
2026,6,יום חול,3400,,224,06:52:00,,,to_tlv
2026,6,יום חול,4310,,827,06:52:00,,,to_tlv
2026,6,יום חול,4170,,617,06:52:00,,,from_tlv
2026,6,יום חול,4680,,615,06:52:00,,,to_tlv
2026,6,יום חול,4170,,8617,06:52:00,,,from_tlv
2026,6,יום חול,4680,,8615,06:52:00,,,to_tlv
2026,6,שישי,2200,,6063,06:52:00,,,from_tlv
2026,6,שישי,400,,6542,06:52:00,,,from_tlv
2026,6,שישי,2200,,6440,06:52:00,,,to_tlv
2026,6,יום חול,9600,,622,06:52:00,,,from_tlv
2026,6,יום חול,1220,,23,06:53:00,,,from_tlv
2026,6,יום חול,2800,,222,06:53:00,,,to_tlv
2026,6,יום חול,3700,,618,06:53:00,,,to_tlv
2026,6,יום חול,4660,,306,06:53:00,,,from_tlv
2026,6,יום חול,5800,,308,06:53:00,,,from_tlv
2026,6,יום חול,5200,,955,06:53:00,,,to_tlv
2026,6,שישי,1220,,6012,06:53:00,,,to_tlv
2026,6,שישי,5000,,6221,06:53:00,,,to_tlv
2026,6,שישי,7300,,6024,06:53:00,,,from_tlv
2026,6,שישי,5900,,6620,06:53:00,,,from_tlv
2026,6,יום חול,7300,,429,06:53:00,,,to_tlv
2026,6,שישי,7300,,6019,06:53:00,,,to_tlv
2026,6,שישי,5900,,6620,06:53:00,,,from_tlv
2026,6,יום חול,1250,,63,06:54:00,,,from_tlv
2026,6,יום חול,300,,154,06:54:00,,,to_tlv
2026,6,יום חול,3600,,151,06:54:00,,,to_tlv
2026,6,יום חול,2940,,8619,06:54:00,,,from_tlv
2026,6,יום חול,2940,,619,06:54:00,,,from_tlv
2026,6,יום חול,3500,,719,06:54:00,,,from_tlv
2026,6,יום חול,3700,,223,06:54:00,,,to_tlv
2026,6,יום חול,4600,,8618,06:54:00,,,to_tlv
2026,6,יום חול,4600,,618,06:54:00,,,to_tlv
2026,6,יום חול,5200,,228,06:54:00,,,from_tlv
2026,6,יום חול,5800,,8613,06:54:00,,,to_tlv
2026,6,יום חול,5800,,613,06:54:00,,,to_tlv
2026,6,שישי,2300,,6441,06:54:00,,,from_tlv
2026,6,שישי,3700,,6503,06:54:00,,,to_tlv
2026,6,יום חול,1300,,400,06:55:00,,,to_tlv
2026,6,יום חול,700,,443,06:55:00,,,from_tlv
2026,6,יום חול,1300,,1400,06:55:00,,,to_tlv
2026,6,יום חול,1500,,105,06:55:00,,,from_tlv
2026,6,יום חול,2500,,64,06:55:00,,,to_tlv
2026,6,יום חול,3400,,957,06:55:00,,,from_tlv
2026,6,יום חול,3600,,714,06:55:00,,,to_tlv
2026,6,יום חול,4900,,503,06:55:00,,,to_tlv
2026,6,יום חול,8700,,8616,06:55:00,,,to_tlv
2026,6,יום חול,9800,,620,06:55:00,,,from_tlv
2026,6,יום חול,9700,,624,06:55:00,,,from_tlv
2026,6,יום חול,8700,,616,06:55:00,,,to_tlv
2026,6,יום חול,9800,,8620,06:55:00,,,from_tlv
2026,6,שישי,2820,,6222,06:55:00,,,to_tlv
2026,6,שישי,3500,,6500,06:55:00,,,to_tlv
2026,6,שישי,3600,,8618,06:55:00,,,to_tlv
2026,6,שישי,3600,,6618,06:55:00,,,to_tlv
2026,6,יום חול,2200,,100,06:56:00,,,to_tlv
2026,6,יום חול,2800,,103,06:56:00,,,from_tlv
2026,6,יום חול,3310,,224,06:56:00,,,to_tlv
2026,6,יום חול,3700,,102,06:56:00,,,to_tlv
2026,6,יום חול,4640,,306,06:56:00,,,from_tlv
2026,6,יום חול,4600,,226,06:56:00,,,to_tlv
2026,6,יום חול,9800,,8615,06:56:00,,,to_tlv
2026,6,יום חול,5300,,221,06:56:00,,,to_tlv
2026,6,יום חול,8600,,717,06:56:00,,,to_tlv
2026,6,שישי,2100,,6025,06:56:00,,,from_tlv
2026,6,שישי,1280,,6065,06:56:00,,,from_tlv
2026,6,יום חול,9800,,615,06:56:00,,,to_tlv
2026,6,יום חול,9700,,611,06:56:00,,,to_tlv
2026,6,שישי,8800,,6615,06:56:00,,,from_tlv
2026,6,שישי,2100,,6440,06:56:00,,,to_tlv
2026,6,שישי,8800,,8615,06:56:00,,,from_tlv
2026,6,שישי,4900,,6123,06:56:00,,,to_tlv
2026,6,שישי,8600,,6719,06:56:00,,,to_tlv
2026,6,יום חול,400,,544,06:57:00,,,from_tlv
2026,6,יום חול,2300,,442,06:57:00,,,to_tlv
2026,6,יום חול,2200,,153,06:57:00,,,from_tlv
2026,6,יום חול,3500,,21,06:57:00,,,from_tlv
2026,6,יום חול,3300,,225,06:57:00,,,from_tlv
2026,6,יום חול,4100,,8617,06:57:00,,,from_tlv
2026,6,יום חול,3700,,618,06:57:00,,,to_tlv
2026,6,יום חול,3700,,8618,06:57:00,,,to_tlv
2026,6,יום חול,4100,,617,06:57:00,,,from_tlv
2026,6,יום חול,7000,,402,06:57:00,,,from_tlv
2026,6,יום חול,8800,,826,06:57:00,,,to_tlv
2026,6,שישי,6900,,6021,06:57:00,,,to_tlv
2026,6,יום חול,700,,1400,06:58:00,,,to_tlv
2026,6,יום חול,700,,400,06:58:00,,,to_tlv
2026,6,יום חול,2960,,619,06:58:00,,,from_tlv
2026,6,יום חול,2960,,8619,06:58:00,,,from_tlv
2026,6,יום חול,3600,,618,06:58:00,,,to_tlv
2026,6,יום חול,4600,,223,06:58:00,,,to_tlv
2026,6,יום חול,9200,,8616,06:58:00,,,to_tlv
2026,6,שישי,1300,,6012,06:58:00,,,to_tlv
2026,6,שישי,5010,,6022,06:58:00,,,from_tlv
2026,6,יום חול,9200,,616,06:58:00,,,to_tlv
2026,6,שישי,9000,,6613,06:58:00,,,to_tlv
2026,6,שישי,4600,,6503,06:58:00,,,to_tlv
2026,6,שישי,9000,,8613,06:58:00,,,to_tlv
2026,6,שישי,1230,,6064,06:58:00,,,to_tlv
2026,6,יום חול,680,,546,06:59:00,,,to_tlv
2026,6,יום חול,1300,,443,06:59:00,,,to_tlv
2026,6,יום חול,1840,,405,06:59:00,,,from_tlv
2026,6,יום חול,3900,,824,06:59:00,,,to_tlv
2026,6,יום חול,3700,,151,06:59:00,,,to_tlv
2026,6,יום חול,4690,,8620,06:59:00,,,from_tlv
2026,6,יום חול,4690,,620,06:59:00,,,from_tlv
2026,6,יום חול,5000,,902,06:59:00,,,from_tlv
2026,6,יום חול,8600,,716,06:59:00,,,from_tlv
2026,6,יום חול,8550,,24,06:59:00,,,from_tlv
2026,6,שישי,2300,,6063,06:59:00,,,from_tlv
2026,6,יום חול,4900,,952,06:59:00,,,to_tlv
2026,6,שישי,8600,,6720,06:59:00,,,from_tlv
2026,6,שישי,4900,,6224,06:59:00,,,to_tlv
2026,6,יום חול,1280,,62,07:00:00,,,to_tlv
2026,6,יום חול,2100,,100,07:00:00,,,to_tlv
2026,6,יום חול,1600,,12,07:00:00,,,to_tlv
2026,6,יום חול,3700,,226,07:00:00,,,to_tlv
2026,6,יום חול,3600,,719,07:00:00,,,to_tlv
2026,6,יום חול,5300,,228,07:00:00,,,from_tlv
2026,6,יום חול,4900,,306,07:00:00,,,to_tlv
2026,6,יום חול,5900,,230,07:00:00,,,from_tlv
2026,6,יום חול,6150,,19,07:00:00,,,to_tlv
2026,6,שישי,2800,,6222,07:00:00,,,to_tlv
2026,6,שישי,5300,,6221,07:00:00,,,to_tlv
2026,6,יום חול,1240,,63,07:01:00,,,from_tlv
2026,6,יום חול,1400,,1400,07:01:00,,,to_tlv
2026,6,יום חול,1280,,65,07:01:00,,,from_tlv
2026,6,יום חול,1400,,400,07:01:00,,,to_tlv
2026,6,יום חול,2960,,616,07:01:00,,,to_tlv
2026,6,יום חול,2100,,23,07:01:00,,,from_tlv
2026,6,יום חול,2800,,152,07:01:00,,,to_tlv
2026,6,יום חול,3400,,502,07:01:00,,,to_tlv
2026,6,יום חול,3300,,224,07:01:00,,,to_tlv
2026,6,יום חול,2960,,8616,07:01:00,,,to_tlv
2026,6,יום חול,3600,,102,07:01:00,,,to_tlv
2026,6,יום חול,5200,,221,07:01:00,,,to_tlv
2026,6,שישי,9100,,6902,07:01:00,,,from_tlv
2026,6,יום חול,7300,,831,07:01:00,,,to_tlv
2026,6,שישי,2200,,6025,07:01:00,,,from_tlv
2026,6,שישי,3300,,6223,07:01:00,,,from_tlv
2026,6,שישי,4100,,8618,07:01:00,,,to_tlv
2026,6,שישי,4250,,6615,07:01:00,,,from_tlv
2026,6,שישי,4100,,6618,07:01:00,,,to_tlv
2026,6,יום חול,7300,,991,07:01:00,,,to_tlv
2026,6,שישי,4250,,8615,07:01:00,,,from_tlv
2026,6,יום חול,1820,,440,07:02:00,,,to_tlv
2026,6,יום חול,3600,,617,07:02:00,,,to_tlv
2026,6,יום חול,3310,,225,07:02:00,,,from_tlv
2026,6,יום חול,3900,,829,07:02:00,,,to_tlv
2026,6,יום חול,3600,,618,07:02:00,,,to_tlv
2026,6,יום חול,3600,,8617,07:02:00,,,to_tlv
2026,6,יום חול,3600,,8618,07:02:00,,,to_tlv
2026,6,יום חול,4680,,620,07:02:00,,,from_tlv
2026,6,יום חול,4680,,8620,07:02:00,,,from_tlv
2026,6,יום חול,7320,,429,07:02:00,,,to_tlv
2026,6,יום חול,5200,,221,07:02:00,,,to_tlv
2026,6,יום חול,9000,,308,07:02:00,,,from_tlv
2026,6,יום חול,9200,,8619,07:02:00,,,from_tlv
2026,6,יום חול,9200,,619,07:02:00,,,from_tlv
2026,6,יום חול,9650,,624,07:02:00,,,from_tlv
2026,6,שישי,1840,,6443,07:02:00,,,from_tlv
2026,6,שישי,3500,,6023,07:02:00,,,from_tlv
2026,6,שישי,700,,6012,07:02:00,,,to_tlv
2026,6,שישי,7320,,6019,07:02:00,,,to_tlv
2026,6,יום חול,1220,,443,07:03:00,,,from_tlv
2026,6,יום חול,2200,,442,07:03:00,,,to_tlv
2026,6,יום חול,2300,,64,07:03:00,,,to_tlv
2026,6,יום חול,2300,,153,07:03:00,,,from_tlv
2026,6,יום חול,3500,,714,07:03:00,,,to_tlv
2026,6,יום חול,4900,,223,07:03:00,,,to_tlv
2026,6,שישי,7300,,6611,07:03:00,,,to_tlv
2026,6,שישי,3400,,6500,07:03:00,,,to_tlv
2026,6,שישי,4900,,6503,07:03:00,,,to_tlv
2026,6,שישי,5900,,6226,07:03:00,,,from_tlv
2026,6,שישי,5800,,6620,07:03:00,,,from_tlv
2026,6,שישי,7320,,6622,07:03:00,,,from_tlv
2026,6,יום חול,3500,,957,07:04:00,,,from_tlv
2026,6,יום חול,4100,,618,07:04:00,,,to_tlv
2026,6,יום חול,4600,,952,07:04:00,,,to_tlv
2026,6,יום חול,4600,,151,07:04:00,,,to_tlv
2026,6,יום חול,5900,,613,07:04:00,,,to_tlv
2026,6,יום חול,5900,,622,07:04:00,,,from_tlv
2026,6,יום חול,5000,,401,07:04:00,,,to_tlv
2026,6,יום חול,5900,,622,07:04:00,,,from_tlv
2026,6,שישי,2800,,6020,07:04:00,,,to_tlv
2026,6,שישי,1220,,6440,07:04:00,,,to_tlv
2026,6,שישי,4600,,6224,07:04:00,,,to_tlv
2026,6,יום חול,8800,,827,07:04:00,,,from_tlv
2026,6,שישי,5000,,6022,07:04:00,,,from_tlv
2026,6,יום חול,300,,101,07:05:00,,,from_tlv
2026,6,יום חול,1400,,105,07:05:00,,,from_tlv
2026,6,יום חול,2940,,616,07:05:00,,,to_tlv
2026,6,יום חול,3600,,21,07:05:00,,,to_tlv
2026,6,יום חול,2940,,8616,07:05:00,,,to_tlv
2026,6,יום חול,3400,,225,07:05:00,,,from_tlv
2026,6,יום חול,3600,,226,07:05:00,,,to_tlv
2026,6,יום חול,3700,,719,07:05:00,,,to_tlv
2026,6,יום חול,4600,,306,07:05:00,,,to_tlv
2026,6,יום חול,4900,,22,07:05:00,,,to_tlv
2026,6,יום חול,9000,,8615,07:05:00,,,to_tlv
2026,6,יום חול,5150,,503,07:05:00,,,to_tlv
2026,6,יום חול,8700,,8619,07:05:00,,,from_tlv
2026,6,יום חול,8700,,619,07:05:00,,,from_tlv
2026,6,יום חול,9000,,615,07:05:00,,,to_tlv
2026,6,יום חול,8600,,154,07:05:00,,,from_tlv
2026,6,שישי,5800,,8620,07:05:00,,,from_tlv
2026,6,שישי,8550,,6024,07:05:00,,,from_tlv
2026,6,שישי,1400,,6012,07:05:00,,,to_tlv
2026,6,שישי,5200,,6221,07:05:00,,,to_tlv
2026,6,יום חול,400,,547,07:06:00,,,to_tlv
2026,6,יום חול,1820,,405,07:06:00,,,from_tlv
2026,6,יום חול,2200,,23,07:06:00,,,from_tlv
2026,6,יום חול,5000,,228,07:06:00,,,from_tlv
2026,6,יום חול,5900,,613,07:06:00,,,to_tlv
2026,6,שישי,4170,,6615,07:06:00,,,from_tlv
2026,6,שישי,4170,,6618,07:06:00,,,to_tlv
2026,6,שישי,3310,,6223,07:06:00,,,from_tlv
2026,6,שישי,4170,,8615,07:06:00,,,from_tlv
2026,6,שישי,4170,,8618,07:06:00,,,to_tlv
2026,6,יום חול,2100,,442,07:07:00,,,to_tlv
2026,6,יום חול,2800,,227,07:07:00,,,from_tlv
2026,6,יום חול,4310,,826,07:07:00,,,to_tlv
2026,6,יום חול,3700,,8617,07:07:00,,,to_tlv
2026,6,יום חול,3700,,617,07:07:00,,,to_tlv
2026,6,יום חול,4660,,620,07:07:00,,,from_tlv
2026,6,יום חול,4660,,8620,07:07:00,,,from_tlv
2026,6,שישי,8600,,6123,07:07:00,,,to_tlv
2026,6,יום חול,700,,105,07:08:00,,,from_tlv
2026,6,יום חול,1220,,100,07:08:00,,,to_tlv
2026,6,יום חול,3300,,502,07:08:00,,,to_tlv
2026,6,יום חול,3100,,403,07:08:00,,,from_tlv
2026,6,יום חול,4100,,618,07:08:00,,,to_tlv
2026,6,יום חול,3700,,952,07:08:00,,,to_tlv
2026,6,יום חול,3700,,306,07:08:00,,,to_tlv
2026,6,יום חול,4100,,8618,07:08:00,,,to_tlv
2026,6,יום חול,5800,,230,07:08:00,,,from_tlv
2026,6,יום חול,5010,,504,07:08:00,,,from_tlv
2026,6,שישי,6150,,6021,07:08:00,,,to_tlv
2026,6,שישי,2300,,6025,07:08:00,,,from_tlv
2026,6,שישי,5800,,6613,07:08:00,,,to_tlv
2026,6,שישי,5800,,8613,07:08:00,,,to_tlv
2026,6,יום חול,680,,718,07:09:00,,,to_tlv
2026,6,יום חול,2200,,64,07:09:00,,,to_tlv
2026,6,יום חול,4170,,618,07:09:00,,,to_tlv
2026,6,יום חול,4600,,719,07:09:00,,,to_tlv
2026,6,יום חול,4900,,151,07:09:00,,,to_tlv
2026,6,שישי,3400,,6223,07:09:00,,,from_tlv
2026,6,שישי,1240,,6064,07:09:00,,,to_tlv
2026,6,שישי,7300,,6831,07:09:00,,,to_tlv
2026,6,שישי,1300,,6440,07:09:00,,,to_tlv
2026,6,שישי,3700,,6224,07:09:00,,,to_tlv
2026,6,יום חול,3100,,224,07:10:00,,,to_tlv
2026,6,יום חול,3700,,21,07:10:00,,,to_tlv
2026,6,יום חול,4600,,22,07:10:00,,,to_tlv
2026,6,יום חול,4900,,716,07:10:00,,,to_tlv
2026,6,יום חול,5410,,221,07:10:00,,,to_tlv
2026,6,שישי,680,,6543,07:10:00,,,to_tlv
2026,6,שישי,3600,,6023,07:10:00,,,to_tlv
2026,6,שישי,7300,,6622,07:10:00,,,from_tlv
2026,6,יום חול,5800,,230,07:10:00,,,from_tlv
2026,6,שישי,2500,,6063,07:10:00,,,from_tlv
2026,6,שישי,1820,,6443,07:10:00,,,from_tlv
2026,6,שישי,4900,,6720,07:10:00,,,to_tlv
2026,6,יום חול,1230,,63,07:11:00,,,from_tlv
2026,6,יום חול,2100,,443,07:11:00,,,from_tlv
2026,6,יום חול,2820,,227,07:11:00,,,from_tlv
2026,6,יום חול,3500,,616,07:11:00,,,to_tlv
2026,6,יום חול,3500,,8616,07:11:00,,,to_tlv
2026,6,יום חול,3600,,957,07:11:00,,,to_tlv
2026,6,יום חול,4640,,620,07:11:00,,,from_tlv
2026,6,יום חול,4600,,8617,07:11:00,,,to_tlv
2026,6,יום חול,4640,,8620,07:11:00,,,from_tlv
2026,6,יום חול,4600,,617,07:11:00,,,to_tlv
2026,6,יום חול,5000,,503,07:11:00,,,to_tlv
2026,6,יום חול,5410,,221,07:11:00,,,to_tlv
2026,6,שישי,4100,,6615,07:11:00,,,from_tlv
2026,6,יום חול,8800,,8619,07:11:00,,,from_tlv
2026,6,יום חול,9600,,624,07:11:00,,,from_tlv
2026,6,יום חול,9800,,308,07:11:00,,,from_tlv
2026,6,יום חול,8800,,619,07:11:00,,,from_tlv
2026,6,שישי,4250,,6618,07:11:00,,,to_tlv
2026,6,שישי,5010,,6502,07:11:00,,,from_tlv
2026,6,שישי,5000,,6902,07:11:00,,,from_tlv
2026,6,שישי,400,,6122,07:11:00,,,from_tlv
2026,6,שישי,4100,,8615,07:11:00,,,from_tlv
2026,6,שישי,5800,,6226,07:11:00,,,from_tlv
2026,6,שישי,4250,,8618,07:11:00,,,to_tlv
2026,6,יום חול,1300,,105,07:12:00,,,to_tlv
2026,6,יום חול,2300,,23,07:12:00,,,from_tlv
2026,6,יום חול,2300,,20,07:12:00,,,to_tlv
2026,6,יום חול,4800,,223,07:12:00,,,to_tlv
2026,6,יום חול,7000,,19,07:12:00,,,to_tlv
2026,6,יום חול,7300,,611,07:12:00,,,to_tlv
2026,6,שישי,3300,,6500,07:12:00,,,to_tlv
2026,6,שישי,1260,,6065,07:12:00,,,from_tlv
2026,6,יום חול,7320,,626,07:12:00,,,from_tlv
2026,6,שישי,7320,,6611,07:12:00,,,to_tlv
2026,6,יום חול,300,,547,07:13:00,,,from_tlv
2026,6,יום חול,1300,,100,07:13:00,,,to_tlv
2026,6,יום חול,1820,,1400,07:13:00,,,to_tlv
2026,6,יום חול,2100,,64,07:13:00,,,to_tlv
2026,6,יום חול,2500,,153,07:13:00,,,from_tlv
2026,6,יום חול,3500,,226,07:13:00,,,to_tlv
2026,6,יום חול,4170,,618,07:13:00,,,to_tlv
2026,6,יום חול,3600,,306,07:13:00,,,to_tlv
2026,6,יום חול,3500,,225,07:13:00,,,from_tlv
2026,6,יום חול,3600,,952,07:13:00,,,to_tlv
2026,6,יום חול,4170,,8618,07:13:00,,,to_tlv
2026,6,יום חול,4800,,228,07:13:00,,,from_tlv
2026,6,יום חול,5000,,504,07:13:00,,,from_tlv
2026,6,שישי,700,,6440,07:13:00,,,to_tlv
2026,6,שישי,5800,,6226,07:13:00,,,from_tlv
2026,6,יום חול,1820,,400,07:14:00,,,to_tlv
2026,6,יום חול,400,,101,07:14:00,,,to_tlv
2026,6,יום חול,1260,,65,07:14:00,,,from_tlv
2026,6,יום חול,2500,,152,07:14:00,,,to_tlv
2026,6,יום חול,4250,,618,07:14:00,,,to_tlv
2026,6,יום חול,4300,,826,07:14:00,,,to_tlv
2026,6,יום חול,5800,,622,07:14:00,,,from_tlv
2026,6,שישי,9000,,8620,07:14:00,,,from_tlv
2026,6,שישי,5150,,6503,07:14:00,,,to_tlv
2026,6,שישי,5410,,6221,07:14:00,,,to_tlv
2026,6,שישי,3600,,6224,07:14:00,,,to_tlv
2026,6,שישי,9000,,6620,07:14:00,,,from_tlv
2026,6,יום חול,1220,,442,07:15:00,,,to_tlv
2026,6,יום חול,1600,,155,07:15:00,,,from_tlv
2026,6,יום חול,3700,,22,07:15:00,,,to_tlv
2026,6,יום חול,4300,,829,07:15:00,,,to_tlv
2026,6,יום חול,4600,,21,07:15:00,,,to_tlv
2026,6,יום חול,4600,,716,07:15:00,,,to_tlv
2026,6,יום חול,4900,,620,07:15:00,,,to_tlv
2026,6,יום חול,4690,,308,07:15:00,,,from_tlv
2026,6,יום חול,4900,,617,07:15:00,,,to_tlv
2026,6,יום חול,4900,,8620,07:15:00,,,to_tlv
2026,6,יום חול,4900,,719,07:15:00,,,to_tlv
2026,6,יום חול,4900,,8617,07:15:00,,,to_tlv
2026,6,יום חול,7000,,24,07:15:00,,,from_tlv
2026,6,שישי,3700,,6023,07:15:00,,,to_tlv
2026,6,שישי,4600,,6720,07:15:00,,,to_tlv
2026,6,יום חול,300,,546,07:16:00,,,to_tlv
2026,6,יום חול,1840,,440,07:16:00,,,to_tlv
2026,6,יום חול,2200,,443,07:16:00,,,from_tlv
2026,6,יום חול,3700,,957,07:16:00,,,to_tlv
2026,6,יום חול,5010,,503,07:16:00,,,to_tlv
2026,6,יום חול,5000,,903,07:16:00,,,to_tlv
2026,6,יום חול,4900,,154,07:16:00,,,to_tlv
2026,6,יום חול,5800,,8622,07:16:00,,,from_tlv
2026,6,יום חול,5800,,615,07:16:00,,,to_tlv
2026,6,יום חול,5800,,8615,07:16:00,,,to_tlv
2026,6,שישי,3600,,8615,07:16:00,,,to_tlv
2026,6,שישי,1600,,6027,07:16:00,,,from_tlv
2026,6,שישי,1400,,6440,07:16:00,,,to_tlv
2026,6,יום חול,9600,,613,07:16:00,,,to_tlv
2026,6,שישי,1500,,6012,07:16:00,,,to_tlv
2026,6,שישי,5000,,6502,07:16:00,,,from_tlv
2026,6,שישי,3600,,6615,07:16:00,,,to_tlv
2026,6,יום חול,1220,,105,07:17:00,,,from_tlv
2026,6,יום חול,700,,100,07:17:00,,,to_tlv
2026,6,יום חול,3100,,227,07:17:00,,,from_tlv
2026,6,יום חול,4250,,8619,07:17:00,,,from_tlv
2026,6,יום חול,4250,,619,07:17:00,,,from_tlv
2026,6,שישי,4900,,6022,07:17:00,,,to_tlv
2026,6,שישי,300,,6122,07:17:00,,,to_tlv
2026,6,שישי,8800,,6618,07:17:00,,,to_tlv
2026,6,שישי,3500,,6223,07:17:00,,,from_tlv
2026,6,שישי,8800,,8618,07:17:00,,,to_tlv
2026,6,יום חול,1400,,405,07:18:00,,,from_tlv
2026,6,יום חול,400,,104,07:18:00,,,from_tlv
2026,6,יום חול,2820,,224,07:18:00,,,to_tlv
2026,6,יום חול,2100,,63,07:18:00,,,from_tlv
2026,6,יום חול,4250,,618,07:18:00,,,to_tlv
2026,6,יום חול,4250,,8618,07:18:00,,,to_tlv
2026,6,יום חול,4680,,308,07:18:00,,,from_tlv
2026,6,יום חול,5410,,230,07:18:00,,,from_tlv
2026,6,שישי,1250,,6064,07:18:00,,,to_tlv
2026,6,שישי,5900,,6613,07:18:00,,,to_tlv
2026,6,יום חול,2200,,20,07:19:00,,,to_tlv
2026,6,יום חול,3300,,505,07:19:00,,,from_tlv
2026,6,יום חול,3500,,621,07:19:00,,,from_tlv
2026,6,יום חול,3600,,225,07:19:00,,,to_tlv
2026,6,יום חול,4100,,306,07:19:00,,,to_tlv
2026,6,יום חול,5000,,223,07:19:00,,,to_tlv
2026,6,יום חול,7300,,626,07:19:00,,,from_tlv
2026,6,יום חול,5150,,504,07:19:00,,,from_tlv
2026,6,יום חול,5800,,221,07:19:00,,,to_tlv
2026,6,יום חול,8800,,618,07:19:00,,,to_tlv
2026,6,יום חול,1400,,100,07:20:00,,,to_tlv
2026,6,יום חול,1300,,442,07:20:00,,,to_tlv
2026,6,יום חול,1230,,64,07:20:00,,,to_tlv
2026,6,יום חול,3600,,22,07:20:00,,,to_tlv
2026,6,יום חול,3700,,716,07:20:00,,,to_tlv
2026,6,יום חול,4600,,620,07:20:00,,,to_tlv
2026,6,יום חול,4600,,8620,07:20:00,,,to_tlv
2026,6,יום חול,4900,,21,07:20:00,,,to_tlv
2026,6,יום חול,4640,,8617,07:20:00,,,to_tlv
2026,6,יום חול,4640,,617,07:20:00,,,to_tlv
2026,6,יום חול,5800,,221,07:20:00,,,to_tlv
2026,6,שישי,1250,,6065,07:20:00,,,from_tlv
2026,6,שישי,2500,,6020,07:20:00,,,to_tlv
2026,6,יום חול,8600,,151,07:20:00,,,to_tlv
2026,6,שישי,3700,,6720,07:20:00,,,to_tlv
2026,6,שישי,2500,,6025,07:20:00,,,from_tlv
2026,6,שישי,5000,,6503,07:20:00,,,to_tlv
2026,6,יום חול,5800,,221,07:20:00,,,to_tlv
2026,6,שישי,4600,,6023,07:20:00,,,to_tlv
2026,6,שישי,5900,,6613,07:20:00,,,to_tlv
2026,6,יום חול,1250,,65,07:21:00,,,from_tlv
2026,6,יום חול,3500,,952,07:21:00,,,to_tlv
2026,6,יום חול,4600,,154,07:21:00,,,to_tlv
2026,6,יום חול,4600,,957,07:21:00,,,to_tlv
2026,6,יום חול,4900,,228,07:21:00,,,to_tlv
2026,6,יום חול,7320,,611,07:21:00,,,to_tlv
2026,6,שישי,300,,6123,07:21:00,,,from_tlv
2026,6,שישי,3700,,6615,07:21:00,,,to_tlv
2026,6,שישי,3700,,8615,07:21:00,,,to_tlv
2026,6,שישי,3500,,6224,07:21:00,,,to_tlv
2026,6,יום חול,680,,717,07:22:00,,,to_tlv
2026,6,יום חול,1500,,155,07:22:00,,,from_tlv
2026,6,יום חול,3400,,226,07:22:00,,,to_tlv
2026,6,יום חול,4310,,829,07:22:00,,,to_tlv
2026,6,יום חול,4170,,8619,07:22:00,,,from_tlv
2026,6,יום חול,4170,,619,07:22:00,,,from_tlv
2026,6,יום חול,5000,,402,07:22:00,,,from_tlv
2026,6,שישי,1400,,6443,07:22:00,,,from_tlv
2026,6,שישי,9800,,8620,07:22:00,,,from_tlv
2026,6,שישי,680,,6719,07:22:00,,,to_tlv
2026,6,שישי,4600,,6022,07:22:00,,,to_tlv
2026,6,שישי,7000,,6021,07:22:00,,,to_tlv
2026,6,שישי,7000,,6024,07:22:00,,,from_tlv
2026,6,שישי,5150,,6502,07:22:00,,,from_tlv
2026,6,שישי,9800,,6620,07:22:00,,,from_tlv
2026,6,יום חול,2100,,20,07:23:00,,,to_tlv
2026,6,יום חול,2200,,63,07:23:00,,,from_tlv
2026,6,יום חול,2800,,224,07:23:00,,,to_tlv
2026,6,יום חול,3700,,8620,07:23:00,,,to_tlv
2026,6,יום חול,3700,,620,07:23:00,,,to_tlv
2026,6,יום חול,4660,,8617,07:23:00,,,to_tlv
2026,6,יום חול,4660,,617,07:23:00,,,to_tlv
2026,6,יום חול,4660,,308,07:23:00,,,from_tlv
2026,6,יום חול,5900,,624,07:23:00,,,from_tlv
2026,6,יום חול,8800,,8618,07:23:00,,,to_tlv
2026,6,יום חול,5900,,624,07:23:00,,,from_tlv
2026,6,יום חול,8800,,618,07:23:00,,,to_tlv
2026,6,שישי,3600,,6223,07:23:00,,,to_tlv
2026,6,שישי,8700,,8618,07:23:00,,,to_tlv
2026,6,שישי,8700,,6618,07:23:00,,,to_tlv
2026,6,שישי,5410,,6226,07:23:00,,,from_tlv
2026,6,יום חול,300,,104,07:24:00,,,to_tlv
2026,6,יום חול,400,,546,07:24:00,,,from_tlv
2026,6,יום חול,680,,8718,07:24:00,,,to_tlv
2026,6,יום חול,700,,442,07:24:00,,,to_tlv
2026,6,יום חול,2940,,621,07:24:00,,,from_tlv
2026,6,יום חול,1840,,1400,07:24:00,,,to_tlv
2026,6,יום חול,2300,,443,07:24:00,,,from_tlv
2026,6,יום חול,2300,,152,07:24:00,,,to_tlv
2026,6,יום חול,3500,,721,07:24:00,,,from_tlv
2026,6,יום חול,3700,,225,07:24:00,,,to_tlv
2026,6,יום חול,3600,,103,07:24:00,,,to_tlv
2026,6,יום חול,4170,,306,07:24:00,,,to_tlv
2026,6,יום חול,9650,,613,07:24:00,,,to_tlv
2026,6,שישי,9700,,6622,07:24:00,,,from_tlv
2026,6,יום חול,5200,,230,07:24:00,,,from_tlv
2026,6,שישי,5800,,6221,07:24:00,,,to_tlv
2026,6,שישי,3500,,6723,07:24:00,,,from_tlv
2026,6,שישי,5800,,6221,07:24:00,,,to_tlv
2026,6,יום חול,1220,,405,07:25:00,,,from_tlv
2026,6,יום חול,2100,,105,07:25:00,,,from_tlv
2026,6,יום חול,3600,,716,07:25:00,,,to_tlv
2026,6,יום חול,3400,,505,07:25:00,,,from_tlv
2026,6,יום חול,9100,,903,07:25:00,,,to_tlv
2026,6,יום חול,9000,,8622,07:25:00,,,from_tlv
2026,6,יום חול,7500,,831,07:25:00,,,to_tlv
2026,6,יום חול,7500,,991,07:25:00,,,to_tlv
2026,6,יום חול,8700,,618,07:25:00,,,to_tlv
2026,6,שישי,700,,6443,07:25:00,,,from_tlv
2026,6,שישי,1500,,6027,07:25:00,,,from_tlv
2026,6,שישי,4600,,6615,07:25:00,,,to_tlv
2026,6,יום חול,9000,,622,07:25:00,,,from_tlv
2026,6,שישי,3600,,6720,07:25:00,,,to_tlv
2026,6,שישי,4600,,8615,07:25:00,,,to_tlv
2026,6,יום חול,2800,,153,07:26:00,,,from_tlv
2026,6,יום חול,3310,,226,07:26:00,,,to_tlv
2026,6,יום חול,3700,,154,07:26:00,,,to_tlv
2026,6,יום חול,4600,,228,07:26:00,,,to_tlv
2026,6,יום חול,4640,,308,07:26:00,,,from_tlv
2026,6,יום חול,4900,,957,07:26:00,,,to_tlv
2026,6,יום חול,5300,,223,07:26:00,,,to_tlv
2026,6,יום חול,5900,,615,07:26:00,,,to_tlv
2026,6,יום חול,8600,,719,07:26:00,,,to_tlv
2026,6,שישי,5010,,6503,07:26:00,,,to_tlv
2026,6,שישי,4690,,8620,07:26:00,,,from_tlv
2026,6,שישי,4690,,6620,07:26:00,,,from_tlv
2026,6,שישי,4900,,6023,07:26:00,,,to_tlv
2026,6,יום חול,1400,,442,07:27:00,,,to_tlv
2026,6,יום חול,1840,,400,07:27:00,,,to_tlv
2026,6,יום חול,3500,,403,07:27:00,,,from_tlv
2026,6,יום חול,3300,,227,07:27:00,,,from_tlv
2026,6,יום חול,4100,,619,07:27:00,,,from_tlv
2026,6,יום חול,4100,,8619,07:27:00,,,from_tlv
2026,6,יום חול,4680,,8617,07:27:00,,,to_tlv
2026,6,יום חול,4680,,617,07:27:00,,,to_tlv
2026,6,יום חול,6150,,24,07:27:00,,,from_tlv
2026,6,יום חול,7320,,404,07:27:00,,,from_tlv
2026,6,שישי,3700,,6022,07:27:00,,,to_tlv
2026,6,שישי,3300,,6505,07:27:00,,,from_tlv
2026,6,שישי,9200,,6618,07:27:00,,,to_tlv
2026,6,יום חול,8800,,828,07:27:00,,,to_tlv
2026,6,שישי,9200,,8618,07:27:00,,,to_tlv
2026,6,יום חול,1240,,65,07:28:00,,,from_tlv
2026,6,יום חול,1600,,25,07:28:00,,,from_tlv
2026,6,יום חול,2960,,621,07:28:00,,,from_tlv
2026,6,יום חול,3500,,22,07:28:00,,,to_tlv
2026,6,יום חול,3600,,620,07:28:00,,,to_tlv
2026,6,יום חול,3600,,8620,07:28:00,,,to_tlv
2026,6,יום חול,4600,,225,07:28:00,,,to_tlv
2026,6,יום חול,5900,,615,07:28:00,,,to_tlv
2026,6,שישי,1600,,6012,07:28:00,,,to_tlv
2026,6,שישי,1260,,6064,07:28:00,,,to_tlv
2026,6,יום חול,9200,,618,07:28:00,,,to_tlv
2026,6,שישי,3700,,6223,07:28:00,,,to_tlv
2026,6,שישי,8600,,6122,07:28:00,,,from_tlv
2026,6,יום חול,2300,,63,07:29:00,,,from_tlv
2026,6,יום חול,1500,,100,07:29:00,,,to_tlv
2026,6,יום חול,4250,,306,07:29:00,,,to_tlv
2026,6,יום חול,3700,,103,07:29:00,,,to_tlv
2026,6,יום חול,3900,,826,07:29:00,,,to_tlv
2026,6,יום חול,4900,,504,07:29:00,,,to_tlv
2026,6,יום חול,5900,,221,07:29:00,,,to_tlv
2026,6,יום חול,7000,,401,07:29:00,,,to_tlv
2026,6,יום חול,8700,,8618,07:29:00,,,to_tlv
2026,6,יום חול,8600,,718,07:29:00,,,from_tlv
2026,6,יום חול,8700,,618,07:29:00,,,to_tlv
2026,6,שישי,400,,6123,07:29:00,,,to_tlv
2026,6,שישי,4680,,6620,07:29:00,,,from_tlv
2026,6,שישי,1240,,6065,07:29:00,,,from_tlv
2026,6,שישי,3400,,6224,07:29:00,,,to_tlv
2026,6,שישי,1820,,6440,07:29:00,,,to_tlv
2026,6,שישי,680,,6544,07:29:00,,,to_tlv
2026,6,שישי,4680,,8620,07:29:00,,,from_tlv
2026,6,שישי,1300,,6443,07:29:00,,,to_tlv
2026,6,יום חול,1240,,64,07:30:00,,,to_tlv
2026,6,יום חול,2200,,105,07:30:00,,,from_tlv
2026,6,יום חול,3400,,952,07:30:00,,,to_tlv
2026,6,יום חול,3600,,721,07:30:00,,,to_tlv
2026,6,יום חול,3700,,228,07:30:00,,,to_tlv
2026,6,יום חול,4900,,308,07:30:00,,,to_tlv
2026,6,יום חול,5900,,221,07:30:00,,,to_tlv
2026,6,יום חול,5900,,232,07:30:00,,,from_tlv
2026,6,יום חול,5300,,230,07:30:00,,,from_tlv
2026,6,שישי,4900,,8615,07:30:00,,,to_tlv
2026,6,שישי,2960,,6618,07:30:00,,,to_tlv
2026,6,שישי,2960,,8618,07:30:00,,,to_tlv
2026,6,שישי,2300,,6020,07:30:00,,,to_tlv
2026,6,שישי,2500,,6066,07:30:00,,,to_tlv
2026,6,שישי,9600,,6613,07:30:00,,,to_tlv
2026,6,שישי,4900,,6615,07:30:00,,,to_tlv
2026,6,שישי,3600,,6723,07:30:00,,,to_tlv
2026,6,יום חול,1280,,67,07:31:00,,,from_tlv
2026,6,יום חול,1220,,20,07:31:00,,,to_tlv
2026,6,יום חול,2960,,618,07:31:00,,,to_tlv
2026,6,יום חול,2800,,102,07:31:00,,,to_tlv
2026,6,יום חול,2200,,152,07:31:00,,,to_tlv
2026,6,יום חול,3300,,226,07:31:00,,,to_tlv
2026,6,יום חול,3600,,154,07:31:00,,,to_tlv
2026,6,יום חול,4690,,617,07:31:00,,,to_tlv
2026,6,יום חול,4690,,8617,07:31:00,,,to_tlv
2026,6,יום חול,5200,,223,07:31:00,,,to_tlv
2026,6,יום חול,8550,,19,07:31:00,,,to_tlv
2026,6,שישי,5200,,6226,07:31:00,,,from_tlv
2026,6,יום חול,1400,,155,07:32:00,,,from_tlv
2026,6,יום חול,3310,,227,07:32:00,,,from_tlv
2026,6,יום חול,3900,,831,07:32:00,,,to_tlv
2026,6,יום חול,3600,,8619,07:32:00,,,to_tlv
2026,6,יום חול,3600,,619,07:32:00,,,to_tlv
2026,6,יום חול,9200,,618,07:32:00,,,to_tlv
2026,6,יום חול,9200,,621,07:32:00,,,from_tlv
2026,6,יום חול,9200,,8618,07:32:00,,,to_tlv
2026,6,שישי,3600,,6022,07:32:00,,,to_tlv
2026,6,שישי,4900,,6502,07:32:00,,,to_tlv
2026,6,שישי,4600,,6223,07:32:00,,,to_tlv
2026,6,יום חול,2100,,405,07:33:00,,,from_tlv
2026,6,יום חול,3500,,716,07:33:00,,,to_tlv
2026,6,יום חול,4900,,225,07:33:00,,,to_tlv
2026,6,יום חול,9700,,626,07:33:00,,,from_tlv
2026,6,שישי,1220,,6443,07:33:00,,,from_tlv
2026,6,שישי,3400,,6505,07:33:00,,,from_tlv
2026,6,יום חול,9700,,613,07:33:00,,,to_tlv
2026,6,יום חול,5800,,624,07:33:00,,,from_tlv
2026,6,שישי,3500,,6617,07:33:00,,,from_tlv
2026,6,שישי,7500,,6831,07:33:00,,,to_tlv
2026,6,שישי,3310,,6224,07:33:00,,,to_tlv
2026,6,שישי,3500,,8617,07:33:00,,,from_tlv
2026,6,שישי,9650,,6622,07:33:00,,,from_tlv
2026,6,יום חול,1840,,445,07:34:00,,,from_tlv
2026,6,יום חול,3500,,505,07:34:00,,,from_tlv
2026,6,יום חול,4600,,504,07:34:00,,,to_tlv
2026,6,יום חול,4100,,620,07:34:00,,,to_tlv
2026,6,יום חול,4100,,8620,07:34:00,,,to_tlv
2026,6,יום חול,4600,,103,07:34:00,,,to_tlv
2026,6,יום חול,5200,,954,07:34:00,,,from_tlv
2026,6,יום חול,8800,,306,07:34:00,,,to_tlv
2026,6,יום חול,7300,,404,07:34:00,,,from_tlv
2026,6,יום חול,7320,,628,07:34:00,,,from_tlv
2026,6,יום חול,8800,,829,07:34:00,,,from_tlv
2026,6,יום חול,9800,,617,07:34:00,,,to_tlv
2026,6,יום חול,9800,,8617,07:34:00,,,to_tlv
2026,6,שישי,4660,,8620,07:34:00,,,from_tlv
2026,6,שישי,3500,,6720,07:34:00,,,to_tlv
2026,6,שישי,4660,,6620,07:34:00,,,from_tlv
2026,6,יום חול,1500,,25,07:35:00,,,from_tlv
2026,6,יום חול,700,,155,07:35:00,,,from_tlv
2026,6,יום חול,300,,151,07:35:00,,,from_tlv
2026,6,יום חול,680,,547,07:35:00,,,to_tlv
2026,6,יום חול,2960,,618,07:35:00,,,to_tlv
2026,6,יום חול,2940,,618,07:35:00,,,to_tlv
2026,6,יום חול,2100,,152,07:35:00,,,to_tlv
2026,6,יום חול,2960,,8618,07:35:00,,,to_tlv
2026,6,יום חול,3400,,227,07:35:00,,,from_tlv
2026,6,יום חול,3600,,403,07:35:00,,,to_tlv
2026,6,יום חול,3600,,228,07:35:00,,,to_tlv
2026,6,יום חול,4600,,308,07:35:00,,,to_tlv
2026,6,יום חול,3700,,721,07:35:00,,,to_tlv
2026,6,יום חול,4900,,402,07:35:00,,,to_tlv
2026,6,יום חול,5800,,8624,07:35:00,,,from_tlv
2026,6,יום חול,8700,,621,07:35:00,,,from_tlv
2026,6,יום חול,8600,,104,07:35:00,,,from_tlv
2026,6,שישי,1400,,6027,07:35:00,,,from_tlv
2026,6,שישי,2940,,8618,07:35:00,,,to_tlv
2026,6,שישי,5000,,6903,07:35:00,,,to_tlv
2026,6,שישי,5900,,6221,07:35:00,,,to_tlv
2026,6,שישי,4640,,8615,07:35:00,,,to_tlv
2026,6,שישי,2940,,6618,07:35:00,,,to_tlv
2026,6,שישי,3700,,6723,07:35:00,,,to_tlv
2026,6,שישי,4640,,6615,07:35:00,,,to_tlv
2026,6,יום חול,400,,549,07:36:00,,,to_tlv
2026,6,יום חול,2300,,105,07:36:00,,,from_tlv
2026,6,יום חול,5000,,230,07:36:00,,,from_tlv
2026,6,יום חול,6900,,24,07:36:00,,,from_tlv
2026,6,יום חול,5000,,21,07:36:00,,,to_tlv
2026,6,יום חול,9800,,622,07:36:00,,,from_tlv
2026,6,יום חול,9800,,8622,07:36:00,,,from_tlv
2026,6,שישי,2800,,6025,07:36:00,,,from_tlv
2026,6,יום חול,2800,,229,07:37:00,,,from_tlv
2026,6,יום חול,3300,,952,07:37:00,,,to_tlv
2026,6,יום חול,3700,,8619,07:37:00,,,to_tlv
2026,6,יום חול,4310,,828,07:37:00,,,to_tlv
2026,6,יום חול,3700,,619,07:37:00,,,to_tlv
2026,6,יום חול,5150,,957,07:37:00,,,to_tlv
2026,6,שישי,4600,,6502,07:37:00,,,to_tlv
2026,6,שישי,6150,,6024,07:37:00,,,from_tlv
2026,6,שישי,5300,,6226,07:37:00,,,from_tlv
2026,6,יום חול,6300,,503,07:37:00,,,to_tlv
2026,6,שישי,4900,,6223,07:37:00,,,to_tlv
2026,6,יום חול,1250,,64,07:38:00,,,to_tlv
2026,6,יום חול,1400,,20,07:38:00,,,to_tlv
2026,6,יום חול,2200,,405,07:38:00,,,from_tlv
2026,6,יום חול,3700,,504,07:38:00,,,to_tlv
2026,6,יום חול,3700,,308,07:38:00,,,to_tlv
2026,6,יום חול,5800,,232,07:38:00,,,from_tlv
2026,6,שישי,2940,,8617,07:38:00,,,from_tlv
2026,6,יום חול,9600,,615,07:38:00,,,to_tlv
2026,6,שישי,3300,,6224,07:38:00,,,to_tlv
2026,6,שישי,4640,,6620,07:38:00,,,from_tlv
2026,6,שישי,4660,,6615,07:38:00,,,to_tlv
2026,6,שישי,4660,,8615,07:38:00,,,to_tlv
2026,6,שישי,4640,,8620,07:38:00,,,from_tlv
2026,6,שישי,2940,,6617,07:38:00,,,from_tlv
2026,6,יום חול,1300,,155,07:39:00,,,to_tlv
2026,6,יום חול,680,,720,07:39:00,,,to_tlv
2026,6,יום חול,1600,,100,07:39:00,,,to_tlv
2026,6,יום חול,2940,,8618,07:39:00,,,to_tlv
2026,6,יום חול,2500,,63,07:39:00,,,from_tlv
2026,6,יום חול,2940,,618,07:39:00,,,to_tlv
2026,6,יום חול,4170,,620,07:39:00,,,to_tlv
2026,6,יום חול,4600,,721,07:39:00,,,to_tlv
2026,6,יום חול,4170,,8620,07:39:00,,,to_tlv
2026,6,יום חול,4900,,103,07:39:00,,,to_tlv
2026,6,שישי,4900,,6122,07:39:00,,,to_tlv
2026,6,שישי,680,,6724,07:39:00,,,to_tlv
2026,6,שישי,700,,6027,07:39:00,,,from_tlv
2026,6,שישי,4600,,6723,07:39:00,,,to_tlv
2026,6,שישי,2200,,6020,07:39:00,,,to_tlv
2026,6,שישי,9650,,6613,07:39:00,,,to_tlv
2026,6,שישי,2300,,6066,07:39:00,,,to_tlv
2026,6,יום חול,3100,,226,07:40:00,,,to_tlv
2026,6,יום חול,3700,,403,07:40:00,,,to_tlv
2026,6,יום חול,4600,,402,07:40:00,,,to_tlv
2026,6,יום חול,4900,,718,07:40:00,,,to_tlv
2026,6,יום חול,8700,,306,07:40:00,,,to_tlv
2026,6,יום חול,5800,,232,07:40:00,,,from_tlv
2026,6,שישי,3500,,6022,07:40:00,,,to_tlv
2026,6,שישי,5000,,6023,07:40:00,,,to_tlv
2026,6,יום חול,1820,,445,07:41:00,,,from_tlv
2026,6,יום חול,2820,,229,07:41:00,,,from_tlv
2026,6,יום חול,3500,,618,07:41:00,,,to_tlv
2026,6,יום חול,3600,,505,07:41:00,,,to_tlv
2026,6,יום חול,4600,,8619,07:41:00,,,to_tlv
2026,6,יום חול,4600,,619,07:41:00,,,to_tlv
2026,6,יום חול,7320,,26,07:41:00,,,from_tlv
2026,6,יום חול,8800,,621,07:41:00,,,from_tlv
2026,6,יום חול,7300,,19,07:41:00,,,to_tlv
2026,6,יום חול,7300,,628,07:41:00,,,from_tlv
2026,6,שישי,2800,,6225,07:41:00,,,from_tlv
2026,6,שישי,1230,,6065,07:41:00,,,from_tlv
2026,6,שישי,2100,,6443,07:41:00,,,from_tlv
2026,6,יום חול,1820,,442,07:42:00,,,to_tlv
2026,6,יום חול,5010,,21,07:42:00,,,to_tlv
2026,6,יום חול,4800,,225,07:42:00,,,to_tlv
2026,6,יום חול,5000,,957,07:42:00,,,to_tlv
2026,6,שישי,9600,,6622,07:42:00,,,from_tlv
2026,6,שישי,3500,,6618,07:42:00,,,to_tlv
2026,6,שישי,4900,,6620,07:42:00,,,to_tlv
2026,6,שישי,3700,,6502,07:42:00,,,to_tlv
2026,6,יום חול,9650,,626,07:42:00,,,from_tlv
2026,6,שישי,4680,,8615,07:42:00,,,to_tlv
2026,6,שישי,3500,,8618,07:42:00,,,to_tlv
2026,6,שישי,3500,,6505,07:42:00,,,from_tlv
2026,6,שישי,1280,,6064,07:42:00,,,to_tlv
2026,6,שישי,4680,,6615,07:42:00,,,to_tlv
2026,6,שישי,4900,,8620,07:42:00,,,to_tlv
2026,6,יום חול,300,,549,07:43:00,,,from_tlv
2026,6,יום חול,1220,,152,07:43:00,,,to_tlv
2026,6,יום חול,3500,,227,07:43:00,,,from_tlv
2026,6,יום חול,3500,,228,07:43:00,,,to_tlv
2026,6,יום חול,3600,,308,07:43:00,,,to_tlv
2026,6,יום חול,3600,,504,07:43:00,,,to_tlv
2026,6,יום חול,4800,,230,07:43:00,,,from_tlv
2026,6,יום חול,5000,,954,07:43:00,,,from_tlv
2026,6,שישי,2960,,6617,07:43:00,,,from_tlv
2026,6,יום חול,9000,,8617,07:43:00,,,to_tlv
2026,6,יום חול,9000,,617,07:43:00,,,to_tlv
2026,6,יום חול,9200,,306,07:43:00,,,to_tlv
2026,6,שישי,400,,6545,07:43:00,,,to_tlv
2026,6,שישי,2960,,8617,07:43:00,,,from_tlv
2026,6,יום חול,9800,,310,07:43:00,,,from_tlv
2026,6,שישי,1840,,6440,07:43:00,,,to_tlv
2026,6,שישי,1300,,6027,07:43:00,,,to_tlv
2026,6,שישי,8550,,6021,07:43:00,,,to_tlv
2026,6,יום חול,1220,,155,07:44:00,,,from_tlv
2026,6,יום חול,400,,151,07:44:00,,,to_tlv
2026,6,יום חול,2300,,405,07:44:00,,,from_tlv
2026,6,יום חול,4300,,828,07:44:00,,,to_tlv
2026,6,יום חול,4250,,8620,07:44:00,,,to_tlv
2026,6,יום חול,4250,,620,07:44:00,,,to_tlv
2026,6,שישי,4600,,6122,07:44:00,,,to_tlv
2026,6,יום חול,8600,,8718,07:44:00,,,from_tlv
2026,6,יום חול,9000,,624,07:44:00,,,from_tlv
2026,6,שישי,2100,,6020,07:44:00,,,to_tlv
2026,6,יום חול,9000,,8624,07:44:00,,,from_tlv
2026,6,שישי,5000,,6226,07:44:00,,,from_tlv
2026,6,שישי,9100,,6903,07:44:00,,,to_tlv
2026,6,יום חול,1260,,67,07:45:00,,,from_tlv
2026,6,יום חול,3500,,618,07:45:00,,,to_tlv
2026,6,יום חול,3500,,8618,07:45:00,,,to_tlv
2026,6,יום חול,3700,,402,07:45:00,,,to_tlv
2026,6,יום חול,4600,,718,07:45:00,,,to_tlv
2026,6,יום חול,4300,,831,07:45:00,,,to_tlv
2026,6,יום חול,4600,,403,07:45:00,,,to_tlv
2026,6,יום חול,4690,,310,07:45:00,,,from_tlv
2026,6,יום חול,4900,,721,07:45:00,,,to_tlv
2026,6,יום חול,4900,,619,07:45:00,,,to_tlv
2026,6,יום חול,4900,,622,07:45:00,,,to_tlv
2026,6,יום חול,4900,,8619,07:45:00,,,to_tlv
2026,6,יום חול,4900,,8622,07:45:00,,,to_tlv
2026,6,שישי,300,,6544,07:45:00,,,to_tlv
2026,6,שישי,7320,,6026,07:45:00,,,from_tlv
2026,6,שישי,2820,,6225,07:45:00,,,from_tlv
2026,6,שישי,4900,,6723,07:45:00,,,to_tlv
2026,6,יום חול,1400,,25,07:46:00,,,from_tlv
2026,6,יום חול,2100,,65,07:46:00,,,from_tlv
2026,6,יום חול,2960,,306,07:46:00,,,to_tlv
2026,6,יום חול,3700,,505,07:46:00,,,to_tlv
2026,6,יום חול,4900,,104,07:46:00,,,to_tlv
2026,6,יום חול,5010,,24,07:46:00,,,from_tlv
2026,6,שישי,4690,,6615,07:46:00,,,to_tlv
2026,6,שישי,2200,,6443,07:46:00,,,from_tlv
2026,6,שישי,2300,,6442,07:46:00,,,to_tlv
2026,6,שישי,4690,,8615,07:46:00,,,to_tlv
2026,6,שישי,4800,,6223,07:46:00,,,to_tlv
2026,6,יום חול,1260,,64,07:47:00,,,to_tlv
2026,6,יום חול,3100,,229,07:47:00,,,from_tlv
2026,6,יום חול,4250,,621,07:47:00,,,from_tlv
2026,6,יום חול,9650,,615,07:47:00,,,to_tlv
2026,6,שישי,2200,,6066,07:47:00,,,to_tlv
2026,6,שישי,4600,,6620,07:47:00,,,to_tlv
2026,6,שישי,5010,,6023,07:47:00,,,to_tlv
2026,6,שישי,9200,,6617,07:47:00,,,from_tlv
2026,6,שישי,3700,,6125,07:47:00,,,to_tlv
2026,6,שישי,3600,,6502,07:47:00,,,to_tlv
2026,6,שישי,9200,,8617,07:47:00,,,from_tlv
2026,6,שישי,1220,,6027,07:47:00,,,from_tlv
2026,6,שישי,4600,,8620,07:47:00,,,to_tlv
2026,6,יום חול,1500,,20,07:48:00,,,to_tlv
2026,6,יום חול,1600,,107,07:48:00,,,from_tlv
2026,6,יום חול,1300,,152,07:48:00,,,to_tlv
2026,6,יום חול,400,,156,07:48:00,,,from_tlv
2026,6,יום חול,2820,,226,07:48:00,,,to_tlv
2026,6,יום חול,4680,,310,07:48:00,,,from_tlv
2026,6,יום חול,5410,,232,07:48:00,,,from_tlv
2026,6,יום חול,7300,,26,07:48:00,,,from_tlv
2026,6,יום חול,7300,,613,07:48:00,,,to_tlv
2026,6,שישי,3100,,6224,07:48:00,,,to_tlv
2026,6,שישי,9700,,6613,07:48:00,,,to_tlv
2026,6,שישי,6900,,6024,07:48:00,,,from_tlv
2026,6,שישי,2100,,6065,07:48:00,,,from_tlv
2026,6,יום חול,2300,,102,07:49:00,,,to_tlv
2026,6,יום חול,3500,,623,07:49:00,,,from_tlv
2026,6,יום חול,3500,,8623,07:49:00,,,from_tlv
2026,6,יום חול,3600,,227,07:49:00,,,to_tlv
2026,6,יום חול,4100,,308,07:49:00,,,to_tlv
2026,6,יום חול,5150,,954,07:49:00,,,from_tlv
2026,6,יום חול,6300,,506,07:49:00,,,from_tlv
2026,6,יום חול,5000,,225,07:49:00,,,to_tlv
2026,6,יום חול,8800,,8620,07:49:00,,,to_tlv
2026,6,יום חול,8800,,620,07:49:00,,,to_tlv
2026,6,שישי,3600,,6505,07:49:00,,,to_tlv
2026,6,שישי,3700,,6122,07:49:00,,,to_tlv
2026,6,שישי,9800,,8615,07:49:00,,,to_tlv
2026,6,שישי,300,,6545,07:49:00,,,from_tlv
2026,6,שישי,6300,,6503,07:49:00,,,to_tlv
2026,6,שישי,9800,,6615,07:49:00,,,to_tlv
2026,6,יום חול,3300,,959,07:50:00,,,from_tlv
2026,6,יום חול,2940,,306,07:50:00,,,to_tlv
2026,6,יום חול,3700,,718,07:50:00,,,to_tlv
2026,6,יום חול,3600,,402,07:50:00,,,to_tlv
2026,6,יום חול,4600,,505,07:50:00,,,to_tlv
2026,6,יום חול,4600,,622,07:50:00,,,to_tlv
2026,6,יום חול,4600,,8622,07:50:00,,,to_tlv
2026,6,יום חול,4660,,619,07:50:00,,,to_tlv
2026,6,יום חול,4900,,403,07:50:00,,,to_tlv
2026,6,יום חול,4660,,8619,07:50:00,,,to_tlv
2026,6,יום חול,7320,,19,07:50:00,,,to_tlv
2026,6,שישי,8700,,6617,07:50:00,,,from_tlv
2026,6,יום חול,8600,,103,07:50:00,,,to_tlv
2026,6,שישי,4600,,6125,07:50:00,,,to_tlv
2026,6,שישי,8700,,8617,07:50:00,,,from_tlv
2026,6,יום חול,9100,,904,07:50:00,,,from_tlv
2026,6,שישי,3700,,6620,07:50:00,,,to_tlv
2026,6,שישי,3700,,8620,07:50:00,,,to_tlv
2026,6,יום חול,3500,,504,07:51:00,,,to_tlv
2026,6,יום חול,4900,,230,07:51:00,,,to_tlv
2026,6,יום חול,4600,,104,07:51:00,,,to_tlv
2026,6,יום חול,5000,,24,07:51:00,,,from_tlv
2026,6,שישי,6300,,6504,07:51:00,,,from_tlv
2026,6,יום חול,6900,,21,07:51:00,,,to_tlv
2026,6,שישי,2100,,6066,07:51:00,,,to_tlv
2026,6,שישי,3100,,6225,07:51:00,,,from_tlv
2026,6,שישי,4800,,6226,07:51:00,,,from_tlv
2026,6,יום חול,700,,152,07:52:00,,,to_tlv
2026,6,יום חול,1400,,445,07:52:00,,,from_tlv
2026,6,יום חול,680,,719,07:52:00,,,to_tlv
2026,6,יום חול,2100,,155,07:52:00,,,from_tlv
2026,6,יום חול,3400,,228,07:52:00,,,to_tlv
2026,6,יום חול,4310,,831,07:52:00,,,to_tlv
2026,6,יום חול,4170,,621,07:52:00,,,from_tlv
2026,6,יום חול,4680,,619,07:52:00,,,to_tlv
2026,6,יום חול,4680,,8619,07:52:00,,,to_tlv
2026,6,יום חול,9600,,626,07:52:00,,,from_tlv
2026,6,שישי,400,,6544,07:52:00,,,from_tlv
2026,6,שישי,2200,,6065,07:52:00,,,from_tlv
2026,6,שישי,2200,,6442,07:52:00,,,to_tlv
2026,6,יום חול,1220,,25,07:53:00,,,from_tlv
2026,6,יום חול,2800,,226,07:53:00,,,to_tlv
2026,6,יום חול,3700,,622,07:53:00,,,to_tlv
2026,6,יום חול,3700,,8622,07:53:00,,,to_tlv
2026,6,יום חול,4660,,310,07:53:00,,,from_tlv
2026,6,יום חול,5200,,957,07:53:00,,,to_tlv
2026,6,יום חול,5800,,312,07:53:00,,,from_tlv
2026,6,שישי,7300,,6021,07:53:00,,,to_tlv
2026,6,שישי,1220,,6020,07:53:00,,,to_tlv
2026,6,שישי,5900,,6622,07:53:00,,,from_tlv
2026,6,שישי,5900,,6622,07:53:00,,,from_tlv
2026,6,שישי,7300,,6026,07:53:00,,,from_tlv
2026,6,שישי,5000,,6223,07:53:00,,,to_tlv
2026,6,יום חול,300,,156,07:54:00,,,to_tlv
2026,6,יום חול,1250,,67,07:54:00,,,from_tlv
2026,6,יום חול,3500,,723,07:54:00,,,from_tlv
2026,6,יום חול,2940,,623,07:54:00,,,from_tlv
2026,6,יום חול,2940,,8623,07:54:00,,,from_tlv
2026,6,יום חול,3600,,153,07:54:00,,,to_tlv
2026,6,יום חול,3700,,227,07:54:00,,,to_tlv
2026,6,יום חול,4170,,308,07:54:00,,,to_tlv
2026,6,יום חול,5800,,617,07:54:00,,,to_tlv
2026,6,יום חול,7300,,401,07:54:00,,,to_tlv
2026,6,יום חול,5200,,232,07:54:00,,,from_tlv
2026,6,יום חול,5800,,8617,07:54:00,,,to_tlv
2026,6,שישי,2300,,6443,07:54:00,,,from_tlv
2026,6,שישי,3700,,6505,07:54:00,,,to_tlv
2026,6,יום חול,700,,445,07:55:00,,,from_tlv
2026,6,יום חול,1400,,152,07:55:00,,,to_tlv
2026,6,יום חול,1500,,107,07:55:00,,,from_tlv
2026,6,יום חול,2500,,66,07:55:00,,,to_tlv
2026,6,יום חול,3400,,959,07:55:00,,,from_tlv
2026,6,יום חול,3600,,718,07:55:00,,,to_tlv
2026,6,יום חול,4900,,505,07:55:00,,,to_tlv
2026,6,יום חול,4900,,8718,07:55:00,,,to_tlv
2026,6,יום חול,8700,,8620,07:55:00,,,to_tlv
2026,6,יום חול,9700,,628,07:55:00,,,from_tlv
2026,6,יום חול,8700,,620,07:55:00,,,to_tlv
2026,6,שישי,3600,,8620,07:55:00,,,to_tlv
2026,6,יום חול,9800,,624,07:55:00,,,from_tlv
2026,6,שישי,3600,,6620,07:55:00,,,to_tlv
2026,6,שישי,2820,,6224,07:55:00,,,to_tlv
2026,6,שישי,3500,,6502,07:55:00,,,to_tlv
2026,6,יום חול,9800,,8624,07:55:00,,,from_tlv
2026,6,יום חול,2200,,102,07:56:00,,,to_tlv
2026,6,יום חול,2800,,105,07:56:00,,,from_tlv
2026,6,יום חול,1840,,442,07:56:00,,,to_tlv
2026,6,יום חול,3500,,306,07:56:00,,,to_tlv
2026,6,יום חול,3310,,228,07:56:00,,,to_tlv
2026,6,יום חול,3700,,104,07:56:00,,,to_tlv
2026,6,יום חול,4640,,310,07:56:00,,,from_tlv
2026,6,יום חול,4600,,230,07:56:00,,,to_tlv
2026,6,יום חול,5300,,225,07:56:00,,,to_tlv
2026,6,יום חול,8600,,721,07:56:00,,,to_tlv
2026,6,שישי,2100,,6442,07:56:00,,,to_tlv
2026,6,יום חול,9800,,8619,07:56:00,,,to_tlv
2026,6,יום חול,9800,,619,07:56:00,,,to_tlv
2026,6,שישי,8800,,6617,07:56:00,,,from_tlv
2026,6,שישי,2100,,6027,07:56:00,,,from_tlv
2026,6,יום חול,9700,,615,07:56:00,,,to_tlv
2026,6,שישי,8800,,8617,07:56:00,,,from_tlv
2026,6,שישי,4900,,6125,07:56:00,,,to_tlv
2026,6,שישי,1280,,6067,07:56:00,,,from_tlv
2026,6,שישי,8600,,6723,07:56:00,,,to_tlv
2026,6,יום חול,2300,,444,07:57:00,,,to_tlv
2026,6,יום חול,2200,,155,07:57:00,,,from_tlv
2026,6,יום חול,3500,,23,07:57:00,,,from_tlv
2026,6,יום חול,3300,,229,07:57:00,,,from_tlv
2026,6,יום חול,4100,,621,07:57:00,,,from_tlv
2026,6,יום חול,7000,,404,07:57:00,,,from_tlv
2026,6,יום חול,7320,,613,07:57:00,,,to_tlv
2026,6,שישי,6900,,6023,07:57:00,,,to_tlv
2026,6,יום חול,8800,,830,07:57:00,,,to_tlv
2026,6,יום חול,2960,,623,07:58:00,,,from_tlv
2026,6,יום חול,1600,,20,07:58:00,,,to_tlv
2026,6,יום חול,3600,,622,07:58:00,,,to_tlv
2026,6,יום חול,2960,,8623,07:58:00,,,from_tlv
2026,6,יום חול,3600,,8622,07:58:00,,,to_tlv
2026,6,יום חול,4600,,227,07:58:00,,,to_tlv
2026,6,יום חול,9200,,620,07:58:00,,,to_tlv
2026,6,שישי,5010,,6024,07:58:00,,,from_tlv
2026,6,יום חול,9200,,8620,07:58:00,,,to_tlv
2026,6,שישי,1230,,6066,07:58:00,,,to_tlv
2026,6,שישי,1300,,6020,07:58:00,,,to_tlv
2026,6,שישי,9000,,8615,07:58:00,,,to_tlv
2026,6,שישי,4600,,6505,07:58:00,,,to_tlv
2026,6,שישי,9000,,6615,07:58:00,,,to_tlv
2026,6,יום חול,680,,550,07:59:00,,,to_tlv
2026,6,יום חול,1300,,445,07:59:00,,,to_tlv
2026,6,יום חול,1840,,407,07:59:00,,,from_tlv
2026,6,יום חול,3500,,402,07:59:00,,,to_tlv
2026,6,יום חול,3900,,828,07:59:00,,,to_tlv
2026,6,יום חול,3700,,153,07:59:00,,,to_tlv
2026,6,יום חול,4250,,308,07:59:00,,,to_tlv
2026,6,יום חול,4690,,8624,07:59:00,,,from_tlv
2026,6,יום חול,4690,,624,07:59:00,,,from_tlv
2026,6,יום חול,4900,,954,07:59:00,,,to_tlv
2026,6,יום חול,8550,,26,07:59:00,,,from_tlv
2026,6,יום חול,8600,,720,07:59:00,,,from_tlv
2026,6,שישי,2300,,6065,07:59:00,,,from_tlv
2026,6,שישי,8600,,6724,07:59:00,,,from_tlv
2026,6,יום חול,5000,,904,07:59:00,,,from_tlv
2026,6,שישי,4900,,6226,07:59:00,,,to_tlv
2026,6,יום חול,1280,,64,08:00:00,,,to_tlv
2026,6,יום חול,2100,,102,08:00:00,,,to_tlv
2026,6,יום חול,3600,,723,08:00:00,,,to_tlv
2026,6,יום חול,3700,,230,08:00:00,,,to_tlv
2026,6,יום חול,4600,,8718,08:00:00,,,to_tlv
2026,6,יום חול,4900,,310,08:00:00,,,to_tlv
2026,6,יום חול,5900,,234,08:00:00,,,from_tlv
2026,6,יום חול,5300,,232,08:00:00,,,from_tlv
2026,6,יום חול,6150,,21,08:00:00,,,to_tlv
2026,6,שישי,2800,,6224,08:00:00,,,to_tlv
2026,6,שישי,5300,,6223,08:00:00,,,to_tlv
2026,6,יום חול,1240,,67,08:01:00,,,from_tlv
2026,6,יום חול,1280,,69,08:01:00,,,from_tlv
2026,6,יום חול,2100,,25,08:01:00,,,from_tlv
2026,6,יום חול,2960,,620,08:01:00,,,to_tlv
2026,6,יום חול,2800,,154,08:01:00,,,to_tlv
2026,6,יום חול,3300,,228,08:01:00,,,to_tlv
2026,6,יום חול,2960,,8620,08:01:00,,,to_tlv
2026,6,יום חול,3400,,504,08:01:00,,,to_tlv
2026,6,יום חול,3600,,104,08:01:00,,,to_tlv
2026,6,יום חול,5200,,225,08:01:00,,,to_tlv
2026,6,שישי,3300,,6225,08:01:00,,,from_tlv
2026,6,שישי,4100,,8620,08:01:00,,,to_tlv
2026,6,שישי,2200,,6027,08:01:00,,,from_tlv
2026,6,שישי,4250,,8617,08:01:00,,,from_tlv
2026,6,שישי,4250,,6617,08:01:00,,,from_tlv
2026,6,שישי,4100,,6620,08:01:00,,,to_tlv
2026,6,שישי,9100,,6904,08:01:00,,,from_tlv
2026,6,יום חול,3310,,229,08:02:00,,,from_tlv
2026,6,יום חול,3600,,621,08:02:00,,,to_tlv
2026,6,יום חול,3900,,833,08:02:00,,,to_tlv
2026,6,יום חול,4680,,624,08:02:00,,,from_tlv
2026,6,יום חול,4680,,8624,08:02:00,,,from_tlv
2026,6,יום חול,5200,,225,08:02:00,,,to_tlv
2026,6,יום חול,9200,,623,08:02:00,,,from_tlv
2026,6,יום חול,9000,,312,08:02:00,,,from_tlv
2026,6,שישי,700,,6020,08:02:00,,,to_tlv
2026,6,יום חול,9650,,628,08:02:00,,,from_tlv
2026,6,יום חול,9200,,8623,08:02:00,,,from_tlv
2026,6,שישי,3500,,6025,08:02:00,,,from_tlv
2026,6,שישי,1840,,6445,08:02:00,,,from_tlv
2026,6,שישי,7320,,6021,08:02:00,,,to_tlv
2026,6,יום חול,1220,,445,08:03:00,,,from_tlv
2026,6,יום חול,2300,,155,08:03:00,,,from_tlv
2026,6,יום חול,2200,,444,08:03:00,,,to_tlv
2026,6,יום חול,2300,,66,08:03:00,,,to_tlv
2026,6,יום חול,3500,,718,08:03:00,,,to_tlv
2026,6,יום חול,4900,,227,08:03:00,,,to_tlv
2026,6,שישי,3400,,6502,08:03:00,,,to_tlv
2026,6,יום חול,7500,,834,08:03:00,,,from_tlv
2026,6,יום חול,7320,,401,08:03:00,,,to_tlv
2026,6,יום חול,7500,,994,08:03:00,,,from_tlv
2026,6,שישי,4900,,6505,08:03:00,,,to_tlv
2026,6,שישי,5800,,6622,08:03:00,,,from_tlv
2026,6,שישי,5900,,6228,08:03:00,,,from_tlv
2026,6,שישי,7300,,6613,08:03:00,,,to_tlv
2026,6,שישי,7320,,6624,08:03:00,,,from_tlv
2026,6,יום חול,1500,,152,08:04:00,,,to_tlv
2026,6,יום חול,3500,,959,08:04:00,,,from_tlv
2026,6,יום חול,4100,,622,08:04:00,,,to_tlv
2026,6,יום חול,4100,,8622,08:04:00,,,to_tlv
2026,6,יום חול,4600,,153,08:04:00,,,to_tlv
2026,6,יום חול,4600,,954,08:04:00,,,to_tlv
2026,6,יום חול,5000,,403,08:04:00,,,to_tlv
2026,6,יום חול,5900,,626,08:04:00,,,from_tlv
2026,6,יום חול,5900,,626,08:04:00,,,from_tlv
2026,6,יום חול,5900,,617,08:04:00,,,to_tlv
2026,6,יום חול,8800,,831,08:04:00,,,from_tlv
2026,6,שישי,4600,,6226,08:04:00,,,to_tlv
2026,6,יום חול,8800,,308,08:04:00,,,to_tlv
2026,6,שישי,2800,,6022,08:04:00,,,to_tlv
2026,6,שישי,1220,,6442,08:04:00,,,to_tlv
2026,6,שישי,5000,,6024,08:04:00,,,from_tlv
2026,6,יום חול,680,,549,08:05:00,,,to_tlv
2026,6,יום חול,1400,,107,08:05:00,,,from_tlv
2026,6,יום חול,300,,103,08:05:00,,,from_tlv
2026,6,יום חול,2940,,8620,08:05:00,,,to_tlv
2026,6,יום חול,2940,,620,08:05:00,,,to_tlv
2026,6,יום חול,3400,,229,08:05:00,,,from_tlv
2026,6,יום חול,3700,,723,08:05:00,,,to_tlv
2026,6,יום חול,3600,,23,08:05:00,,,to_tlv
2026,6,יום חול,3600,,230,08:05:00,,,to_tlv
2026,6,יום חול,3700,,8718,08:05:00,,,to_tlv
2026,6,יום חול,4600,,310,08:05:00,,,to_tlv
2026,6,יום חול,4900,,24,08:05:00,,,to_tlv
2026,6,יום חול,5150,,505,08:05:00,,,to_tlv
2026,6,יום חול,8700,,8623,08:05:00,,,from_tlv
2026,6,יום חול,8700,,623,08:05:00,,,from_tlv
2026,6,יום חול,9000,,8619,08:05:00,,,to_tlv
2026,6,יום חול,8600,,156,08:05:00,,,from_tlv
2026,6,שישי,1400,,6020,08:05:00,,,to_tlv
2026,6,שישי,5200,,6223,08:05:00,,,to_tlv
2026,6,יום חול,9000,,619,08:05:00,,,to_tlv
2026,6,שישי,5800,,8622,08:05:00,,,from_tlv
2026,6,שישי,8550,,6026,08:05:00,,,from_tlv
2026,6,יום חול,400,,551,08:06:00,,,to_tlv
2026,6,יום חול,2200,,25,08:06:00,,,from_tlv
2026,6,יום חול,1820,,407,08:06:00,,,from_tlv
2026,6,יום חול,5900,,617,08:06:00,,,to_tlv
2026,6,יום חול,5000,,232,08:06:00,,,from_tlv
2026,6,שישי,4170,,6620,08:06:00,,,to_tlv
2026,6,שישי,4170,,8617,08:06:00,,,from_tlv
2026,6,שישי,4170,,8620,08:06:00,,,to_tlv
2026,6,שישי,4170,,6617,08:06:00,,,from_tlv
2026,6,שישי,3310,,6225,08:06:00,,,from_tlv
2026,6,יום חול,2100,,444,08:07:00,,,to_tlv
2026,6,יום חול,2800,,231,08:07:00,,,from_tlv
2026,6,יום חול,3700,,621,08:07:00,,,to_tlv
2026,6,יום חול,4310,,830,08:07:00,,,to_tlv
2026,6,יום חול,4660,,624,08:07:00,,,from_tlv
2026,6,יום חול,4660,,8624,08:07:00,,,from_tlv
2026,6,שישי,8600,,6125,08:07:00,,,to_tlv
2026,6,יום חול,1220,,102,08:08:00,,,to_tlv
2026,6,יום חול,700,,107,08:08:00,,,from_tlv
2026,6,יום חול,3100,,405,08:08:00,,,from_tlv
2026,6,יום חול,3300,,504,08:08:00,,,to_tlv
2026,6,יום חול,3700,,954,08:08:00,,,to_tlv
2026,6,יום חול,3700,,310,08:08:00,,,to_tlv
2026,6,יום חול,5800,,234,08:08:00,,,from_tlv
2026,6,יום חול,5010,,506,08:08:00,,,from_tlv
2026,6,שישי,5800,,8615,08:08:00,,,to_tlv
2026,6,שישי,2300,,6027,08:08:00,,,from_tlv
2026,6,שישי,6150,,6023,08:08:00,,,to_tlv
2026,6,שישי,5800,,6615,08:08:00,,,to_tlv
2026,6,יום חול,680,,722,08:09:00,,,to_tlv
2026,6,יום חול,2200,,66,08:09:00,,,to_tlv
2026,6,יום חול,4170,,622,08:09:00,,,to_tlv
2026,6,יום חול,4170,,8622,08:09:00,,,to_tlv
2026,6,יום חול,4600,,723,08:09:00,,,to_tlv
2026,6,יום חול,4900,,153,08:09:00,,,to_tlv
2026,6,שישי,1240,,6066,08:09:00,,,to_tlv
2026,6,שישי,3400,,6225,08:09:00,,,from_tlv
2026,6,שישי,3700,,6226,08:09:00,,,to_tlv
2026,6,שישי,1300,,6442,08:09:00,,,to_tlv
2026,6,יום חול,3100,,228,08:10:00,,,to_tlv
2026,6,יום חול,3700,,23,08:10:00,,,to_tlv
2026,6,יום חול,4600,,24,08:10:00,,,to_tlv
2026,6,יום חול,4900,,720,08:10:00,,,to_tlv
2026,6,יום חול,5800,,234,08:10:00,,,from_tlv
2026,6,יום חול,5410,,225,08:10:00,,,to_tlv
2026,6,יום חול,8700,,308,08:10:00,,,to_tlv
2026,6,שישי,2500,,6065,08:10:00,,,from_tlv
2026,6,שישי,1820,,6445,08:10:00,,,from_tlv
2026,6,שישי,680,,6545,08:10:00,,,to_tlv
2026,6,שישי,4900,,6724,08:10:00,,,to_tlv
2026,6,שישי,7300,,6624,08:10:00,,,from_tlv
2026,6,שישי,3600,,6025,08:10:00,,,to_tlv
2026,6,יום חול,1230,,67,08:11:00,,,from_tlv
2026,6,יום חול,2100,,445,08:11:00,,,from_tlv
2026,6,יום חול,2820,,231,08:11:00,,,from_tlv
2026,6,יום חול,3600,,959,08:11:00,,,to_tlv
2026,6,יום חול,3500,,620,08:11:00,,,to_tlv
2026,6,יום חול,3500,,8620,08:11:00,,,to_tlv
2026,6,יום חול,4600,,621,08:11:00,,,to_tlv
2026,6,יום חול,4640,,624,08:11:00,,,from_tlv
2026,6,יום חול,4640,,8624,08:11:00,,,from_tlv
2026,6,יום חול,5410,,225,08:11:00,,,to_tlv
2026,6,יום חול,5000,,505,08:11:00,,,to_tlv
2026,6,יום חול,8800,,8623,08:11:00,,,from_tlv
2026,6,יום חול,8800,,623,08:11:00,,,from_tlv
2026,6,שישי,4100,,6617,08:11:00,,,from_tlv
2026,6,שישי,5010,,6504,08:11:00,,,from_tlv
2026,6,יום חול,9800,,312,08:11:00,,,from_tlv
2026,6,יום חול,9600,,628,08:11:00,,,from_tlv
2026,6,שישי,4250,,6620,08:11:00,,,to_tlv
2026,6,שישי,4250,,8620,08:11:00,,,to_tlv
2026,6,שישי,400,,6124,08:11:00,,,from_tlv
2026,6,שישי,4100,,8617,08:11:00,,,from_tlv
2026,6,שישי,5800,,6228,08:11:00,,,from_tlv
2026,6,שישי,5000,,6904,08:11:00,,,from_tlv
2026,6,יום חול,1300,,107,08:12:00,,,to_tlv
2026,6,יום חול,2300,,22,08:12:00,,,to_tlv
2026,6,יום חול,2300,,25,08:12:00,,,from_tlv
2026,6,יום חול,4800,,227,08:12:00,,,to_tlv
2026,6,יום חול,7300,,615,08:12:00,,,to_tlv
2026,6,יום חול,7000,,21,08:12:00,,,to_tlv
2026,6,יום חול,7320,,630,08:12:00,,,from_tlv
2026,6,שישי,1260,,6067,08:12:00,,,from_tlv
2026,6,שישי,3300,,6502,08:12:00,,,to_tlv
2026,6,שישי,7320,,6613,08:12:00,,,to_tlv
2026,6,יום חול,1600,,152,08:13:00,,,to_tlv
2026,6,יום חול,1300,,102,08:13:00,,,to_tlv
2026,6,יום חול,300,,551,08:13:00,,,from_tlv
2026,6,יום חול,2500,,155,08:13:00,,,from_tlv
2026,6,יום חול,2100,,66,08:13:00,,,to_tlv
2026,6,יום חול,3500,,229,08:13:00,,,from_tlv
2026,6,יום חול,3500,,230,08:13:00,,,to_tlv
2026,6,יום חול,3600,,310,08:13:00,,,to_tlv
2026,6,יום חול,3600,,954,08:13:00,,,to_tlv
2026,6,יום חול,4800,,232,08:13:00,,,from_tlv
2026,6,יום חול,5000,,506,08:13:00,,,from_tlv
2026,6,שישי,700,,6442,08:13:00,,,to_tlv
2026,6,יום חול,9200,,308,08:13:00,,,to_tlv
2026,6,שישי,5800,,6228,08:13:00,,,from_tlv
2026,6,יום חול,1260,,69,08:14:00,,,from_tlv
2026,6,יום חול,400,,103,08:14:00,,,to_tlv
2026,6,יום חול,2500,,154,08:14:00,,,to_tlv
2026,6,יום חול,4300,,830,08:14:00,,,to_tlv
2026,6,יום חול,4250,,622,08:14:00,,,to_tlv
2026,6,יום חול,4250,,8622,08:14:00,,,to_tlv
2026,6,יום חול,5800,,626,08:14:00,,,from_tlv
2026,6,שישי,5150,,6505,08:14:00,,,to_tlv
2026,6,שישי,5410,,6223,08:14:00,,,to_tlv
2026,6,שישי,9000,,8622,08:14:00,,,from_tlv
2026,6,שישי,9000,,6622,08:14:00,,,from_tlv
2026,6,שישי,3600,,6226,08:14:00,,,to_tlv
2026,6,יום חול,1220,,444,08:15:00,,,to_tlv
2026,6,יום חול,1600,,157,08:15:00,,,from_tlv
2026,6,יום חול,3700,,24,08:15:00,,,to_tlv
2026,6,יום חול,4600,,23,08:15:00,,,to_tlv
2026,6,יום חול,4300,,833,08:15:00,,,to_tlv
2026,6,יום חול,4900,,621,08:15:00,,,to_tlv
2026,6,יום חול,4900,,624,08:15:00,,,to_tlv
2026,6,יום חול,4690,,312,08:15:00,,,from_tlv
2026,6,יום חול,4600,,720,08:15:00,,,to_tlv
2026,6,יום חול,4900,,8624,08:15:00,,,to_tlv
2026,6,יום חול,4900,,723,08:15:00,,,to_tlv
2026,6,יום חול,7000,,26,08:15:00,,,from_tlv
2026,6,שישי,3700,,6025,08:15:00,,,to_tlv
2026,6,שישי,4600,,6724,08:15:00,,,to_tlv
2026,6,יום חול,300,,550,08:16:00,,,to_tlv
2026,6,יום חול,2200,,445,08:16:00,,,from_tlv
2026,6,יום חול,2960,,308,08:16:00,,,to_tlv
2026,6,יום חול,3700,,959,08:16:00,,,to_tlv
2026,6,יום חול,4900,,156,08:16:00,,,to_tlv
2026,6,יום חול,5800,,8626,08:16:00,,,from_tlv
2026,6,יום חול,5800,,619,08:16:00,,,to_tlv
2026,6,יום חול,5000,,905,08:16:00,,,to_tlv
2026,6,יום חול,5010,,505,08:16:00,,,to_tlv
2026,6,יום חול,5800,,8619,08:16:00,,,to_tlv
2026,6,שישי,3600,,8617,08:16:00,,,to_tlv
2026,6,שישי,1500,,6020,08:16:00,,,to_tlv
2026,6,שישי,1400,,6442,08:16:00,,,to_tlv
2026,6,שישי,5000,,6504,08:16:00,,,from_tlv
2026,6,שישי,1600,,6029,08:16:00,,,from_tlv
2026,6,שישי,3600,,6617,08:16:00,,,to_tlv
2026,6,יום חול,9600,,617,08:16:00,,,to_tlv
2026,6,יום חול,1220,,107,08:17:00,,,from_tlv
2026,6,יום חול,700,,102,08:17:00,,,to_tlv
2026,6,יום חול,3100,,231,08:17:00,,,from_tlv
2026,6,יום חול,4250,,8623,08:17:00,,,from_tlv
2026,6,יום חול,4250,,623,08:17:00,,,from_tlv
2026,6,שישי,4900,,6024,08:17:00,,,to_tlv
2026,6,שישי,300,,6124,08:17:00,,,to_tlv
2026,6,שישי,3500,,6225,08:17:00,,,from_tlv
2026,6,שישי,8800,,6620,08:17:00,,,to_tlv
2026,6,שישי,8800,,8620,08:17:00,,,to_tlv
2026,6,יום חול,400,,106,08:18:00,,,from_tlv
2026,6,יום חול,2820,,228,08:18:00,,,to_tlv
2026,6,יום חול,1400,,407,08:18:00,,,from_tlv
2026,6,יום חול,2100,,67,08:18:00,,,from_tlv
2026,6,יום חול,3100,,402,08:18:00,,,to_tlv
2026,6,יום חול,4680,,312,08:18:00,,,from_tlv
2026,6,יום חול,5410,,234,08:18:00,,,from_tlv
2026,6,שישי,1250,,6066,08:18:00,,,to_tlv
2026,6,שישי,5900,,6615,08:18:00,,,to_tlv
2026,6,יום חול,2200,,22,08:19:00,,,to_tlv
2026,6,יום חול,3300,,507,08:19:00,,,from_tlv
2026,6,יום חול,3600,,229,08:19:00,,,to_tlv
2026,6,יום חול,3500,,625,08:19:00,,,from_tlv
2026,6,יום חול,4100,,310,08:19:00,,,to_tlv
2026,6,יום חול,5150,,506,08:19:00,,,from_tlv
2026,6,יום חול,5800,,225,08:19:00,,,to_tlv
2026,6,יום חול,5000,,227,08:19:00,,,to_tlv
2026,6,יום חול,7300,,630,08:19:00,,,from_tlv
2026,6,יום חול,8800,,622,08:19:00,,,to_tlv
2026,6,יום חול,8800,,8622,08:19:00,,,to_tlv
2026,6,יום חול,1400,,102,08:20:00,,,to_tlv
2026,6,יום חול,1300,,444,08:20:00,,,to_tlv
2026,6,יום חול,1230,,66,08:20:00,,,to_tlv
2026,6,יום חול,2940,,308,08:20:00,,,to_tlv
2026,6,יום חול,3600,,24,08:20:00,,,to_tlv
2026,6,יום חול,3700,,720,08:20:00,,,to_tlv
2026,6,יום חול,4640,,621,08:20:00,,,to_tlv
2026,6,יום חול,4600,,624,08:20:00,,,to_tlv
2026,6,יום חול,4600,,8624,08:20:00,,,to_tlv
2026,6,יום חול,4900,,23,08:20:00,,,to_tlv
2026,6,יום חול,5800,,225,08:20:00,,,to_tlv
2026,6,יום חול,5800,,225,08:20:00,,,to_tlv
2026,6,יום חול,8600,,153,08:20:00,,,to_tlv
2026,6,שישי,3700,,6724,08:20:00,,,to_tlv
2026,6,שישי,4600,,6025,08:20:00,,,to_tlv
2026,6,שישי,1250,,6067,08:20:00,,,from_tlv
2026,6,שישי,2500,,6027,08:20:00,,,from_tlv
2026,6,שישי,2500,,6022,08:20:00,,,to_tlv
2026,6,שישי,5900,,6615,08:20:00,,,to_tlv
2026,6,שישי,5000,,6505,08:20:00,,,to_tlv
2026,6,יום חול,1250,,69,08:21:00,,,from_tlv
2026,6,יום חול,3500,,954,08:21:00,,,to_tlv
2026,6,יום חול,4600,,959,08:21:00,,,to_tlv
2026,6,יום חול,4600,,156,08:21:00,,,to_tlv
2026,6,יום חול,4900,,232,08:21:00,,,to_tlv
2026,6,יום חול,7320,,615,08:21:00,,,to_tlv
2026,6,שישי,300,,6125,08:21:00,,,from_tlv
2026,6,שישי,3700,,6617,08:21:00,,,to_tlv
2026,6,שישי,3700,,8617,08:21:00,,,to_tlv
2026,6,שישי,3500,,6226,08:21:00,,,to_tlv
2026,6,יום חול,680,,721,08:22:00,,,to_tlv
2026,6,יום חול,1500,,157,08:22:00,,,from_tlv
2026,6,יום חול,3400,,230,08:22:00,,,to_tlv
2026,6,יום חול,4310,,833,08:22:00,,,to_tlv
2026,6,יום חול,4170,,623,08:22:00,,,from_tlv
2026,6,יום חול,4170,,8623,08:22:00,,,from_tlv
2026,6,יום חול,5000,,404,08:22:00,,,from_tlv
2026,6,שישי,7000,,6023,08:22:00,,,to_tlv
2026,6,שישי,7000,,6026,08:22:00,,,from_tlv
2026,6,שישי,1400,,6445,08:22:00,,,from_tlv
2026,6,שישי,680,,6723,08:22:00,,,to_tlv
2026,6,שישי,9800,,6622,08:22:00,,,from_tlv
2026,6,שישי,9800,,8622,08:22:00,,,from_tlv
2026,6,שישי,5150,,6504,08:22:00,,,from_tlv
2026,6,שישי,4600,,6024,08:22:00,,,to_tlv
2026,6,יום חול,2800,,228,08:23:00,,,to_tlv
2026,6,יום חול,2100,,22,08:23:00,,,to_tlv
2026,6,יום חול,2200,,67,08:23:00,,,from_tlv
2026,6,יום חול,3700,,8624,08:23:00,,,to_tlv
2026,6,יום חול,3700,,624,08:23:00,,,to_tlv
2026,6,יום חול,4660,,312,08:23:00,,,from_tlv
2026,6,יום חול,4660,,621,08:23:00,,,to_tlv
2026,6,יום חול,5900,,628,08:23:00,,,from_tlv
2026,6,יום חול,5900,,628,08:23:00,,,from_tlv
2026,6,שישי,3600,,6225,08:23:00,,,to_tlv
2026,6,שישי,5410,,6228,08:23:00,,,from_tlv
2026,6,שישי,8700,,6620,08:23:00,,,to_tlv
2026,6,שישי,8700,,8620,08:23:00,,,to_tlv
2026,6,יום חול,400,,550,08:24:00,,,from_tlv
2026,6,יום חול,300,,106,08:24:00,,,to_tlv
2026,6,יום חול,700,,444,08:24:00,,,to_tlv
2026,6,יום חול,2300,,445,08:24:00,,,from_tlv
2026,6,יום חול,2940,,625,08:24:00,,,from_tlv
2026,6,יום חול,2300,,154,08:24:00,,,to_tlv
2026,6,יום חול,3500,,725,08:24:00,,,from_tlv
2026,6,יום חול,3600,,105,08:24:00,,,to_tlv
2026,6,יום חול,3700,,229,08:24:00,,,to_tlv
2026,6,יום חול,4170,,310,08:24:00,,,to_tlv
2026,6,יום חול,5200,,234,08:24:00,,,from_tlv
2026,6,יום חול,9650,,617,08:24:00,,,to_tlv
2026,6,שישי,3500,,6727,08:24:00,,,from_tlv
2026,6,שישי,9700,,6624,08:24:00,,,from_tlv
2026,6,שישי,5800,,6223,08:24:00,,,to_tlv
2026,6,שישי,5800,,6223,08:24:00,,,to_tlv
2026,6,יום חול,1220,,407,08:25:00,,,from_tlv
2026,6,יום חול,2100,,107,08:25:00,,,from_tlv
2026,6,יום חול,3400,,507,08:25:00,,,from_tlv
2026,6,יום חול,3600,,720,08:25:00,,,to_tlv
2026,6,יום חול,8700,,8622,08:25:00,,,to_tlv
2026,6,יום חול,9000,,626,08:25:00,,,from_tlv
2026,6,יום חול,9100,,905,08:25:00,,,to_tlv
2026,6,יום חול,9000,,8626,08:25:00,,,from_tlv
2026,6,שישי,1500,,6029,08:25:00,,,from_tlv
2026,6,שישי,700,,6445,08:25:00,,,from_tlv
2026,6,שישי,3600,,6724,08:25:00,,,to_tlv
2026,6,שישי,4600,,8617,08:25:00,,,to_tlv
2026,6,יום חול,8700,,622,08:25:00,,,to_tlv
2026,6,שישי,4600,,6617,08:25:00,,,to_tlv
2026,6,יום חול,2800,,155,08:26:00,,,from_tlv
2026,6,יום חול,3310,,230,08:26:00,,,to_tlv
2026,6,יום חול,3500,,308,08:26:00,,,to_tlv
2026,6,יום חול,3700,,156,08:26:00,,,to_tlv
2026,6,יום חול,4600,,232,08:26:00,,,to_tlv
2026,6,יום חול,4640,,312,08:26:00,,,from_tlv
2026,6,יום חול,5900,,619,08:26:00,,,to_tlv
2026,6,יום חול,5300,,227,08:26:00,,,to_tlv
2026,6,יום חול,8600,,723,08:26:00,,,to_tlv
2026,6,שישי,4690,,8622,08:26:00,,,from_tlv
2026,6,שישי,4900,,6025,08:26:00,,,to_tlv
2026,6,יום חול,4900,,959,08:26:00,,,to_tlv
2026,6,שישי,4690,,6622,08:26:00,,,from_tlv
2026,6,שישי,5010,,6505,08:26:00,,,to_tlv
2026,6,יום חול,1400,,444,08:27:00,,,to_tlv
2026,6,יום חול,3300,,231,08:27:00,,,from_tlv
2026,6,יום חול,3500,,405,08:27:00,,,from_tlv
2026,6,יום חול,4100,,623,08:27:00,,,from_tlv
2026,6,יום חול,4100,,8623,08:27:00,,,from_tlv
2026,6,יום חול,4680,,621,08:27:00,,,to_tlv
2026,6,יום חול,7320,,406,08:27:00,,,from_tlv
2026,6,יום חול,6150,,26,08:27:00,,,from_tlv
2026,6,יום חול,7300,,994,08:27:00,,,from_tlv
2026,6,יום חול,7300,,834,08:27:00,,,from_tlv
2026,6,יום חול,8800,,832,08:27:00,,,to_tlv
2026,6,שישי,3700,,6024,08:27:00,,,to_tlv
2026,6,שישי,3300,,6507,08:27:00,,,from_tlv
2026,6,שישי,9200,,6620,08:27:00,,,to_tlv
2026,6,שישי,9200,,8620,08:27:00,,,to_tlv
2026,6,יום חול,1240,,69,08:28:00,,,from_tlv
2026,6,יום חול,1600,,27,08:28:00,,,from_tlv
2026,6,יום חול,3500,,24,08:28:00,,,to_tlv
2026,6,יום חול,2960,,625,08:28:00,,,from_tlv
2026,6,יום חול,3600,,624,08:28:00,,,to_tlv
2026,6,יום חול,3600,,8624,08:28:00,,,to_tlv
2026,6,יום חול,4600,,229,08:28:00,,,to_tlv
2026,6,יום חול,9200,,622,08:28:00,,,to_tlv
2026,6,יום חול,5900,,619,08:28:00,,,to_tlv
2026,6,שישי,1260,,6066,08:28:00,,,to_tlv
2026,6,יום חול,9200,,8622,08:28:00,,,to_tlv
2026,6,שישי,3700,,6225,08:28:00,,,to_tlv
2026,6,שישי,8600,,6124,08:28:00,,,from_tlv
2026,6,שישי,1600,,6020,08:28:00,,,to_tlv
2026,6,יום חול,680,,552,08:29:00,,,to_tlv
2026,6,יום חול,1500,,102,08:29:00,,,to_tlv
2026,6,יום חול,2300,,67,08:29:00,,,from_tlv
2026,6,יום חול,3900,,830,08:29:00,,,to_tlv
2026,6,יום חול,3700,,105,08:29:00,,,to_tlv
2026,6,יום חול,4250,,310,08:29:00,,,to_tlv
2026,6,יום חול,4900,,506,08:29:00,,,to_tlv
2026,6,יום חול,7000,,403,08:29:00,,,to_tlv
2026,6,יום חול,5900,,225,08:29:00,,,to_tlv
2026,6,יום חול,8600,,722,08:29:00,,,from_tlv
2026,6,שישי,400,,6125,08:29:00,,,to_tlv
2026,6,שישי,3400,,6226,08:29:00,,,to_tlv
2026,6,שישי,4680,,8622,08:29:00,,,from_tlv
2026,6,שישי,1820,,6442,08:29:00,,,to_tlv
2026,6,שישי,1300,,6445,08:29:00,,,to_tlv
2026,6,שישי,1240,,6067,08:29:00,,,from_tlv
2026,6,שישי,4680,,6622,08:29:00,,,from_tlv
2026,6,שישי,680,,6546,08:29:00,,,to_tlv
2026,6,יום חול,1240,,66,08:30:00,,,to_tlv
2026,6,יום חול,2200,,107,08:30:00,,,from_tlv
2026,6,יום חול,3400,,954,08:30:00,,,to_tlv
2026,6,יום חול,3600,,725,08:30:00,,,to_tlv
2026,6,יום חול,3700,,232,08:30:00,,,to_tlv
2026,6,יום חול,4900,,312,08:30:00,,,to_tlv
2026,6,יום חול,5900,,225,08:30:00,,,to_tlv
2026,6,יום חול,5300,,234,08:30:00,,,from_tlv
2026,6,שישי,2960,,8620,08:30:00,,,to_tlv
2026,6,שישי,2300,,6022,08:30:00,,,to_tlv
2026,6,שישי,2500,,6068,08:30:00,,,to_tlv
2026,6,שישי,2960,,6620,08:30:00,,,to_tlv
2026,6,יום חול,5900,,236,08:30:00,,,from_tlv
2026,6,שישי,4900,,8617,08:30:00,,,to_tlv
2026,6,שישי,3600,,6727,08:30:00,,,to_tlv
2026,6,שישי,4900,,6617,08:30:00,,,to_tlv
2026,6,שישי,9600,,6615,08:30:00,,,to_tlv
2026,6,יום חול,1220,,22,08:31:00,,,to_tlv
2026,6,יום חול,1280,,71,08:31:00,,,from_tlv
2026,6,יום חול,2200,,154,08:31:00,,,to_tlv
2026,6,יום חול,2800,,104,08:31:00,,,to_tlv
2026,6,יום חול,3300,,230,08:31:00,,,to_tlv
2026,6,יום חול,2960,,8622,08:31:00,,,to_tlv
2026,6,יום חול,2960,,622,08:31:00,,,to_tlv
2026,6,יום חול,3600,,156,08:31:00,,,to_tlv
2026,6,יום חול,4690,,621,08:31:00,,,to_tlv
2026,6,יום חול,5200,,227,08:31:00,,,to_tlv
2026,6,יום חול,8550,,21,08:31:00,,,to_tlv
2026,6,שישי,5200,,6228,08:31:00,,,from_tlv
2026,6,יום חול,1400,,157,08:32:00,,,from_tlv
2026,6,יום חול,3310,,231,08:32:00,,,from_tlv
2026,6,יום חול,3600,,623,08:32:00,,,to_tlv
2026,6,יום חול,3600,,8623,08:32:00,,,to_tlv
2026,6,יום חול,3900,,835,08:32:00,,,to_tlv
2026,6,שישי,3600,,6024,08:32:00,,,to_tlv
2026,6,יום חול,9200,,625,08:32:00,,,from_tlv
2026,6,שישי,4600,,6225,08:32:00,,,to_tlv
2026,6,שישי,4900,,6504,08:32:00,,,to_tlv
2026,6,יום חול,2100,,407,08:33:00,,,from_tlv
2026,6,יום חול,3500,,313,08:33:00,,,from_tlv
2026,6,יום חול,3500,,720,08:33:00,,,to_tlv
2026,6,יום חול,4900,,229,08:33:00,,,to_tlv
2026,6,יום חול,5800,,628,08:33:00,,,from_tlv
2026,6,יום חול,9700,,617,08:33:00,,,to_tlv
2026,6,יום חול,9700,,630,08:33:00,,,from_tlv
2026,6,שישי,3400,,6507,08:33:00,,,from_tlv
2026,6,שישי,3500,,6619,08:33:00,,,from_tlv
2026,6,שישי,3310,,6226,08:33:00,,,to_tlv
2026,6,שישי,1220,,6445,08:33:00,,,from_tlv
2026,6,שישי,9650,,6624,08:33:00,,,from_tlv
2026,6,שישי,3500,,8619,08:33:00,,,from_tlv
2026,6,יום חול,300,,153,08:34:00,,,from_tlv
2026,6,יום חול,1840,,447,08:34:00,,,from_tlv
2026,6,יום חול,3500,,507,08:34:00,,,from_tlv
2026,6,יום חול,4100,,8624,08:34:00,,,to_tlv
2026,6,יום חול,4100,,624,08:34:00,,,to_tlv
2026,6,יום חול,4600,,105,08:34:00,,,to_tlv
2026,6,יום חול,4600,,506,08:34:00,,,to_tlv
2026,6,יום חול,5200,,956,08:34:00,,,from_tlv
2026,6,יום חול,7320,,632,08:34:00,,,from_tlv
2026,6,יום חול,7300,,406,08:34:00,,,from_tlv
2026,6,יום חול,8800,,310,08:34:00,,,to_tlv
2026,6,יום חול,8800,,833,08:34:00,,,from_tlv
2026,6,שישי,3500,,6724,08:34:00,,,to_tlv
2026,6,יום חול,9800,,621,08:34:00,,,to_tlv
2026,6,שישי,4660,,8622,08:34:00,,,from_tlv
2026,6,שישי,4660,,6622,08:34:00,,,from_tlv
2026,6,יום חול,1500,,27,08:35:00,,,from_tlv
2026,6,יום חול,680,,551,08:35:00,,,to_tlv
2026,6,יום חול,700,,157,08:35:00,,,from_tlv
2026,6,יום חול,2100,,154,08:35:00,,,to_tlv
2026,6,יום חול,3600,,405,08:35:00,,,to_tlv
2026,6,יום חול,2940,,622,08:35:00,,,to_tlv
2026,6,יום חול,3400,,231,08:35:00,,,from_tlv
2026,6,יום חול,2940,,8622,08:35:00,,,to_tlv
2026,6,יום חול,3600,,232,08:35:00,,,to_tlv
2026,6,יום חול,3700,,725,08:35:00,,,to_tlv
2026,6,יום חול,4600,,312,08:35:00,,,to_tlv
2026,6,יום חול,4900,,404,08:35:00,,,to_tlv
2026,6,יום חול,8700,,625,08:35:00,,,from_tlv
2026,6,יום חול,5800,,8628,08:35:00,,,from_tlv
2026,6,שישי,4640,,8617,08:35:00,,,to_tlv
2026,6,יום חול,8600,,106,08:35:00,,,from_tlv
2026,6,שישי,3700,,6727,08:35:00,,,to_tlv
2026,6,שישי,1400,,6029,08:35:00,,,from_tlv
2026,6,שישי,5900,,6223,08:35:00,,,to_tlv
2026,6,שישי,5000,,6905,08:35:00,,,to_tlv
2026,6,שישי,2940,,8620,08:35:00,,,to_tlv
2026,6,שישי,4640,,6617,08:35:00,,,to_tlv
2026,6,שישי,2940,,6620,08:35:00,,,to_tlv
2026,6,יום חול,2300,,107,08:36:00,,,from_tlv
2026,6,יום חול,5000,,234,08:36:00,,,from_tlv
2026,6,יום חול,6900,,26,08:36:00,,,from_tlv
2026,6,יום חול,9800,,8626,08:36:00,,,from_tlv
2026,6,יום חול,9800,,626,08:36:00,,,from_tlv
2026,6,יום חול,5000,,23,08:36:00,,,to_tlv
2026,6,שישי,2800,,6027,08:36:00,,,from_tlv
2026,6,יום חול,2800,,233,08:37:00,,,from_tlv
2026,6,יום חול,3300,,954,08:37:00,,,to_tlv
2026,6,יום חול,3700,,623,08:37:00,,,to_tlv
2026,6,יום חול,3700,,8623,08:37:00,,,to_tlv
2026,6,יום חול,4310,,832,08:37:00,,,to_tlv
2026,6,יום חול,6300,,505,08:37:00,,,to_tlv
2026,6,יום חול,5150,,959,08:37:00,,,to_tlv
2026,6,שישי,4900,,6225,08:37:00,,,to_tlv
2026,6,שישי,5300,,6228,08:37:00,,,from_tlv
2026,6,שישי,4600,,6504,08:37:00,,,to_tlv
2026,6,שישי,6150,,6026,08:37:00,,,from_tlv
2026,6,יום חול,1400,,22,08:38:00,,,to_tlv
2026,6,יום חול,1250,,66,08:38:00,,,to_tlv
2026,6,יום חול,2200,,407,08:38:00,,,from_tlv
2026,6,יום חול,2940,,313,08:38:00,,,from_tlv
2026,6,יום חול,3700,,312,08:38:00,,,to_tlv
2026,6,יום חול,3700,,506,08:38:00,,,to_tlv
2026,6,יום חול,5800,,236,08:38:00,,,from_tlv
2026,6,שישי,4640,,6622,08:38:00,,,from_tlv
2026,6,שישי,2940,,6619,08:38:00,,,from_tlv
2026,6,יום חול,9600,,619,08:38:00,,,to_tlv
2026,6,שישי,4660,,6617,08:38:00,,,to_tlv
2026,6,שישי,4660,,8617,08:38:00,,,to_tlv
2026,6,שישי,4640,,8622,08:38:00,,,from_tlv
2026,6,שישי,3300,,6226,08:38:00,,,to_tlv
2026,6,שישי,2940,,8619,08:38:00,,,from_tlv
2026,6,יום חול,680,,724,08:39:00,,,to_tlv
2026,6,יום חול,1300,,157,08:39:00,,,to_tlv
2026,6,יום חול,1600,,102,08:39:00,,,to_tlv
2026,6,יום חול,2500,,67,08:39:00,,,from_tlv
2026,6,יום חול,4170,,8624,08:39:00,,,to_tlv
2026,6,יום חול,4600,,725,08:39:00,,,to_tlv
2026,6,יום חול,4170,,624,08:39:00,,,to_tlv
2026,6,יום חול,4900,,105,08:39:00,,,to_tlv
2026,6,שישי,680,,6728,08:39:00,,,to_tlv
2026,6,שישי,700,,6029,08:39:00,,,from_tlv
2026,6,שישי,2300,,6068,08:39:00,,,to_tlv
2026,6,שישי,4900,,6124,08:39:00,,,to_tlv
2026,6,שישי,2200,,6022,08:39:00,,,to_tlv
2026,6,שישי,4600,,6727,08:39:00,,,to_tlv
2026,6,שישי,9650,,6615,08:39:00,,,to_tlv
2026,6,יום חול,3100,,230,08:40:00,,,to_tlv
2026,6,יום חול,3700,,405,08:40:00,,,to_tlv
2026,6,יום חול,4600,,404,08:40:00,,,to_tlv
2026,6,יום חול,4680,,8626,08:40:00,,,from_tlv
2026,6,יום חול,4900,,722,08:40:00,,,to_tlv
2026,6,יום חול,4680,,626,08:40:00,,,from_tlv
2026,6,יום חול,5800,,236,08:40:00,,,from_tlv
2026,6,יום חול,8700,,310,08:40:00,,,to_tlv
2026,6,שישי,3500,,6024,08:40:00,,,to_tlv
2026,6,שישי,5000,,6025,08:40:00,,,to_tlv
2026,6,יום חול,1820,,447,08:41:00,,,from_tlv
2026,6,יום חול,2300,,402,08:41:00,,,to_tlv
2026,6,יום חול,3500,,8622,08:41:00,,,to_tlv
2026,6,יום חול,2820,,233,08:41:00,,,from_tlv
2026,6,יום חול,3500,,622,08:41:00,,,to_tlv
2026,6,יום חול,3600,,507,08:41:00,,,to_tlv
2026,6,יום חול,4600,,623,08:41:00,,,to_tlv
2026,6,יום חול,4600,,8623,08:41:00,,,to_tlv
2026,6,יום חול,7300,,632,08:41:00,,,from_tlv
2026,6,יום חול,7300,,21,08:41:00,,,to_tlv
2026,6,יום חול,7320,,28,08:41:00,,,from_tlv
2026,6,יום חול,8800,,625,08:41:00,,,from_tlv
2026,6,שישי,1230,,6067,08:41:00,,,from_tlv
2026,6,שישי,2100,,6445,08:41:00,,,from_tlv
2026,6,שישי,2800,,6227,08:41:00,,,from_tlv
2026,6,יום חול,400,,153,08:42:00,,,to_tlv
2026,6,יום חול,1820,,444,08:42:00,,,to_tlv
2026,6,יום חול,4660,,626,08:42:00,,,from_tlv
2026,6,יום חול,4660,,8626,08:42:00,,,from_tlv
2026,6,יום חול,4800,,229,08:42:00,,,to_tlv
2026,6,יום חול,5000,,959,08:42:00,,,to_tlv
2026,6,יום חול,5010,,23,08:42:00,,,to_tlv
2026,6,שישי,3500,,8620,08:42:00,,,to_tlv
2026,6,שישי,1280,,6066,08:42:00,,,to_tlv
2026,6,שישי,4680,,6617,08:42:00,,,to_tlv
2026,6,שישי,4900,,8622,08:42:00,,,to_tlv
2026,6,שישי,3500,,6507,08:42:00,,,from_tlv
2026,6,שישי,4900,,6622,08:42:00,,,to_tlv
2026,6,שישי,3700,,6504,08:42:00,,,to_tlv
2026,6,יום חול,9650,,630,08:42:00,,,from_tlv
2026,6,שישי,9600,,6624,08:42:00,,,from_tlv
2026,6,שישי,3500,,6620,08:42:00,,,to_tlv
2026,6,שישי,4680,,8617,08:42:00,,,to_tlv
2026,6,יום חול,1220,,154,08:43:00,,,to_tlv
2026,6,יום חול,3500,,232,08:43:00,,,to_tlv
2026,6,יום חול,2960,,313,08:43:00,,,from_tlv
2026,6,יום חול,3500,,231,08:43:00,,,from_tlv
2026,6,יום חול,3600,,506,08:43:00,,,to_tlv
2026,6,יום חול,3600,,312,08:43:00,,,to_tlv
2026,6,יום חול,5000,,956,08:43:00,,,from_tlv
2026,6,יום חול,4800,,234,08:43:00,,,from_tlv
2026,6,יום חול,9000,,621,08:43:00,,,to_tlv
2026,6,שישי,2960,,6619,08:43:00,,,from_tlv
2026,6,יום חול,9200,,310,08:43:00,,,to_tlv
2026,6,שישי,1300,,6029,08:43:00,,,to_tlv
2026,6,שישי,2960,,8619,08:43:00,,,from_tlv
2026,6,שישי,1840,,6442,08:43:00,,,to_tlv
2026,6,שישי,400,,6547,08:43:00,,,to_tlv
2026,6,שישי,8550,,6023,08:43:00,,,to_tlv
2026,6,יום חול,1220,,157,08:44:00,,,from_tlv
2026,6,יום חול,2300,,407,08:44:00,,,from_tlv
2026,6,יום חול,4250,,624,08:44:00,,,to_tlv
2026,6,יום חול,4300,,832,08:44:00,,,to_tlv
2026,6,יום חול,4250,,8624,08:44:00,,,to_tlv
2026,6,שישי,5000,,6228,08:44:00,,,from_tlv
2026,6,שישי,9100,,6905,08:44:00,,,to_tlv
2026,6,שישי,2100,,6022,08:44:00,,,to_tlv
2026,6,יום חול,9000,,628,08:44:00,,,from_tlv
2026,6,שישי,4600,,6124,08:44:00,,,to_tlv
2026,6,יום חול,9000,,8628,08:44:00,,,from_tlv
2026,6,יום חול,1260,,71,08:45:00,,,from_tlv
2026,6,יום חול,1400,,27,08:45:00,,,from_tlv
2026,6,יום חול,3700,,404,08:45:00,,,to_tlv
2026,6,יום חול,4300,,835,08:45:00,,,to_tlv
2026,6,יום חול,4600,,405,08:45:00,,,to_tlv
2026,6,יום חול,4900,,725,08:45:00,,,to_tlv
2026,6,יום חול,4600,,722,08:45:00,,,to_tlv
2026,6,יום חול,4900,,623,08:45:00,,,to_tlv
2026,6,יום חול,4900,,626,08:45:00,,,to_tlv
2026,6,יום חול,4900,,8623,08:45:00,,,to_tlv
2026,6,שישי,4900,,6727,08:45:00,,,to_tlv
2026,6,שישי,2820,,6227,08:45:00,,,from_tlv
2026,6,שישי,300,,6546,08:45:00,,,to_tlv
2026,6,שישי,7320,,6028,08:45:00,,,from_tlv
2026,6,יום חול,2100,,69,08:46:00,,,from_tlv
2026,6,יום חול,2960,,310,08:46:00,,,to_tlv
2026,6,יום חול,3700,,507,08:46:00,,,to_tlv
2026,6,יום חול,4900,,106,08:46:00,,,to_tlv
2026,6,יום חול,5010,,26,08:46:00,,,from_tlv
2026,6,שישי,2300,,6444,08:46:00,,,to_tlv
2026,6,שישי,4690,,6617,08:46:00,,,to_tlv
2026,6,שישי,2200,,6445,08:46:00,,,from_tlv
2026,6,שישי,4690,,8617,08:46:00,,,to_tlv
2026,6,שישי,4800,,6225,08:46:00,,,to_tlv
2026,6,יום חול,1260,,66,08:47:00,,,to_tlv
2026,6,יום חול,3100,,233,08:47:00,,,from_tlv
2026,6,יום חול,4250,,625,08:47:00,,,from_tlv
2026,6,יום חול,4900,,8626,08:47:00,,,to_tlv
2026,6,יום חול,4900,,626,08:47:00,,,to_tlv
2026,6,יום חול,9650,,619,08:47:00,,,to_tlv
2026,6,יום חול,8550,,403,08:47:00,,,to_tlv
2026,6,שישי,1220,,6029,08:47:00,,,from_tlv
2026,6,שישי,2200,,6068,08:47:00,,,to_tlv
2026,6,שישי,4600,,8622,08:47:00,,,to_tlv
2026,6,שישי,3700,,6127,08:47:00,,,to_tlv
2026,6,שישי,5010,,6025,08:47:00,,,to_tlv
2026,6,שישי,3600,,6504,08:47:00,,,to_tlv
2026,6,שישי,9200,,6619,08:47:00,,,from_tlv
2026,6,שישי,4600,,6622,08:47:00,,,to_tlv
2026,6,שישי,9200,,8619,08:47:00,,,from_tlv
2026,6,יום חול,9200,,313,08:47:00,,,from_tlv
2026,6,יום חול,1300,,154,08:48:00,,,to_tlv
2026,6,יום חול,400,,158,08:48:00,,,from_tlv
2026,6,יום חול,1600,,109,08:48:00,,,from_tlv
2026,6,יום חול,1500,,22,08:48:00,,,to_tlv
2026,6,יום חול,2200,,402,08:48:00,,,to_tlv
2026,6,יום חול,2820,,230,08:48:00,,,to_tlv
2026,6,יום חול,7300,,617,08:48:00,,,to_tlv
2026,6,יום חול,5410,,236,08:48:00,,,from_tlv
2026,6,יום חול,7300,,28,08:48:00,,,from_tlv
2026,6,שישי,2100,,6067,08:48:00,,,from_tlv
2026,6,שישי,6900,,6026,08:48:00,,,from_tlv
2026,6,שישי,3100,,6226,08:48:00,,,to_tlv
2026,6,שישי,9700,,6615,08:48:00,,,to_tlv
2026,6,יום חול,300,,552,08:49:00,,,to_tlv
2026,6,יום חול,2300,,104,08:49:00,,,to_tlv
2026,6,יום חול,3500,,627,08:49:00,,,from_tlv
2026,6,יום חול,4100,,312,08:49:00,,,to_tlv
2026,6,יום חול,3500,,8627,08:49:00,,,from_tlv
2026,6,יום חול,3600,,231,08:49:00,,,to_tlv
2026,6,יום חול,8800,,624,08:49:00,,,to_tlv
2026,6,יום חול,5150,,956,08:49:00,,,from_tlv
2026,6,יום חול,5000,,229,08:49:00,,,to_tlv
2026,6,יום חול,6300,,508,08:49:00,,,from_tlv
2026,6,יום חול,8800,,8624,08:49:00,,,to_tlv
2026,6,שישי,300,,6547,08:49:00,,,from_tlv
2026,6,שישי,3700,,6124,08:49:00,,,to_tlv
2026,6,שישי,9800,,8617,08:49:00,,,to_tlv
2026,6,שישי,3600,,6507,08:49:00,,,to_tlv
2026,6,שישי,9800,,6617,08:49:00,,,to_tlv
2026,6,שישי,6300,,6505,08:49:00,,,to_tlv
2026,6,יום חול,3300,,961,08:50:00,,,from_tlv
2026,6,יום חול,2940,,310,08:50:00,,,to_tlv
2026,6,יום חול,3700,,722,08:50:00,,,to_tlv
2026,6,יום חול,3600,,404,08:50:00,,,to_tlv
2026,6,יום חול,4660,,8623,08:50:00,,,to_tlv
2026,6,יום חול,4600,,626,08:50:00,,,to_tlv
2026,6,יום חול,4600,,507,08:50:00,,,to_tlv
2026,6,יום חול,4660,,623,08:50:00,,,to_tlv
2026,6,יום חול,4900,,405,08:50:00,,,to_tlv
2026,6,יום חול,7320,,21,08:50:00,,,to_tlv
2026,6,יום חול,8700,,313,08:50:00,,,from_tlv
2026,6,יום חול,8600,,105,08:50:00,,,to_tlv
2026,6,יום חול,9100,,906,08:50:00,,,from_tlv
2026,6,שישי,3700,,6622,08:50:00,,,to_tlv
2026,6,שישי,8700,,8619,08:50:00,,,from_tlv
2026,6,שישי,3700,,8622,08:50:00,,,to_tlv
2026,6,שישי,4600,,6127,08:50:00,,,to_tlv
2026,6,שישי,8700,,6619,08:50:00,,,from_tlv
2026,6,יום חול,3500,,506,08:51:00,,,to_tlv
2026,6,יום חול,4600,,106,08:51:00,,,to_tlv
2026,6,יום חול,4900,,234,08:51:00,,,to_tlv
2026,6,יום חול,6900,,23,08:51:00,,,to_tlv
2026,6,שישי,6300,,6506,08:51:00,,,from_tlv
2026,6,שישי,4800,,6228,08:51:00,,,from_tlv
2026,6,שישי,2100,,6068,08:51:00,,,to_tlv
2026,6,יום חול,5000,,26,08:51:00,,,from_tlv
2026,6,שישי,3100,,6227,08:51:00,,,from_tlv
2026,6,יום חול,1400,,447,08:52:00,,,from_tlv
2026,6,יום חול,680,,723,08:52:00,,,to_tlv
2026,6,יום חול,700,,154,08:52:00,,,to_tlv
2026,6,יום חול,2100,,157,08:52:00,,,from_tlv
2026,6,יום חול,2100,,402,08:52:00,,,to_tlv
2026,6,יום חול,3400,,232,08:52:00,,,to_tlv
2026,6,יום חול,4170,,625,08:52:00,,,from_tlv
2026,6,יום חול,4600,,626,08:52:00,,,to_tlv
2026,6,יום חול,4310,,835,08:52:00,,,to_tlv
2026,6,יום חול,4680,,623,08:52:00,,,to_tlv
2026,6,יום חול,4600,,8626,08:52:00,,,to_tlv
2026,6,יום חול,4680,,8623,08:52:00,,,to_tlv
2026,6,יום חול,9600,,630,08:52:00,,,from_tlv
2026,6,שישי,2200,,6444,08:52:00,,,to_tlv
2026,6,שישי,2200,,6067,08:52:00,,,from_tlv
2026,6,שישי,400,,6546,08:52:00,,,from_tlv
2026,6,יום חול,1220,,27,08:53:00,,,from_tlv
2026,6,יום חול,2800,,230,08:53:00,,,to_tlv
2026,6,יום חול,3700,,626,08:53:00,,,to_tlv
2026,6,יום חול,5200,,959,08:53:00,,,to_tlv
2026,6,שישי,5900,,6624,08:53:00,,,from_tlv
2026,6,שישי,5000,,6225,08:53:00,,,to_tlv
2026,6,שישי,1220,,6022,08:53:00,,,to_tlv
2026,6,שישי,7300,,6028,08:53:00,,,from_tlv
2026,6,שישי,7300,,6023,08:53:00,,,to_tlv
2026,6,שישי,5900,,6624,08:53:00,,,from_tlv
2026,6,יום חול,1250,,71,08:54:00,,,from_tlv
2026,6,יום חול,300,,158,08:54:00,,,to_tlv
2026,6,יום חול,3500,,727,08:54:00,,,from_tlv
2026,6,יום חול,2940,,8627,08:54:00,,,from_tlv
2026,6,יום חול,2940,,627,08:54:00,,,from_tlv
2026,6,יום חול,3600,,155,08:54:00,,,to_tlv
2026,6,יום חול,3700,,231,08:54:00,,,to_tlv
2026,6,יום חול,4170,,312,08:54:00,,,to_tlv
2026,6,יום חול,5800,,621,08:54:00,,,to_tlv
2026,6,יום חול,5200,,236,08:54:00,,,from_tlv
2026,6,יום חול,5800,,621,08:54:00,,,to_tlv
2026,6,שישי,3700,,6507,08:54:00,,,to_tlv
2026,6,שישי,2300,,6445,08:54:00,,,from_tlv
2026,6,יום חול,1400,,154,08:55:00,,,to_tlv
2026,6,יום חול,1500,,109,08:55:00,,,from_tlv
2026,6,יום חול,700,,447,08:55:00,,,from_tlv
2026,6,יום חול,2500,,68,08:55:00,,,to_tlv
2026,6,יום חול,3600,,722,08:55:00,,,to_tlv
2026,6,יום חול,3400,,961,08:55:00,,,from_tlv
2026,6,יום חול,3700,,626,08:55:00,,,to_tlv
2026,6,יום חול,3700,,8626,08:55:00,,,to_tlv
2026,6,יום חול,4900,,507,08:55:00,,,to_tlv
2026,6,יום חול,8700,,624,08:55:00,,,to_tlv
2026,6,יום חול,8700,,8624,08:55:00,,,to_tlv
2026,6,יום חול,9800,,8628,08:55:00,,,from_tlv
2026,6,יום חול,9700,,632,08:55:00,,,from_tlv
2026,6,שישי,3600,,6622,08:55:00,,,to_tlv
2026,6,יום חול,9800,,628,08:55:00,,,from_tlv
2026,6,שישי,3500,,6504,08:55:00,,,to_tlv
2026,6,שישי,3600,,8622,08:55:00,,,to_tlv
2026,6,שישי,2820,,6226,08:55:00,,,to_tlv
2026,6,יום חול,1840,,444,08:56:00,,,to_tlv
2026,6,יום חול,2800,,107,08:56:00,,,from_tlv
2026,6,יום חול,2200,,104,08:56:00,,,to_tlv
2026,6,יום חול,3500,,310,08:56:00,,,to_tlv
2026,6,יום חול,3310,,232,08:56:00,,,to_tlv
2026,6,יום חול,3700,,106,08:56:00,,,to_tlv
2026,6,יום חול,4600,,234,08:56:00,,,to_tlv
2026,6,יום חול,5300,,229,08:56:00,,,to_tlv
2026,6,יום חול,8600,,725,08:56:00,,,to_tlv
2026,6,יום חול,8800,,313,08:56:00,,,from_tlv
2026,6,יום חול,9800,,8623,08:56:00,,,to_tlv
2026,6,שישי,2100,,6444,08:56:00,,,to_tlv
2026,6,יום חול,9800,,623,08:56:00,,,to_tlv
2026,6,שישי,1280,,6069,08:56:00,,,from_tlv
2026,6,יום חול,9700,,619,08:56:00,,,to_tlv
2026,6,שישי,2100,,6029,08:56:00,,,from_tlv
2026,6,שישי,4900,,6127,08:56:00,,,to_tlv
2026,6,שישי,8800,,8619,08:56:00,,,from_tlv
2026,6,שישי,8800,,6619,08:56:00,,,from_tlv
2026,6,שישי,8600,,6727,08:56:00,,,to_tlv
2026,6,יום חול,400,,552,08:57:00,,,from_tlv
2026,6,יום חול,2300,,446,08:57:00,,,to_tlv
2026,6,יום חול,2200,,157,08:57:00,,,from_tlv
2026,6,יום חול,3500,,25,08:57:00,,,from_tlv
2026,6,יום חול,3300,,233,08:57:00,,,from_tlv
2026,6,יום חול,4100,,625,08:57:00,,,from_tlv
2026,6,יום חול,7000,,406,08:57:00,,,from_tlv
2026,6,יום חול,8800,,834,08:57:00,,,to_tlv
2026,6,יום חול,7320,,617,08:57:00,,,to_tlv
2026,6,שישי,6900,,6025,08:57:00,,,to_tlv
2026,6,יום חול,7300,,403,08:57:00,,,to_tlv
2026,6,יום חול,1600,,22,08:58:00,,,to_tlv
2026,6,יום חול,2960,,8627,08:58:00,,,from_tlv
2026,6,יום חול,2960,,627,08:58:00,,,from_tlv
2026,6,יום חול,3600,,626,08:58:00,,,to_tlv
2026,6,יום חול,4600,,231,08:58:00,,,to_tlv
2026,6,יום חול,9200,,624,08:58:00,,,to_tlv
2026,6,שישי,1230,,6068,08:58:00,,,to_tlv
2026,6,שישי,5010,,6026,08:58:00,,,from_tlv
2026,6,שישי,1300,,6022,08:58:00,,,to_tlv
2026,6,שישי,9000,,8617,08:58:00,,,to_tlv
2026,6,יום חול,9200,,8624,08:58:00,,,to_tlv
2026,6,שישי,9000,,6617,08:58:00,,,to_tlv
2026,6,שישי,4600,,6507,08:58:00,,,to_tlv
2026,6,יום חול,680,,554,08:59:00,,,to_tlv
2026,6,יום חול,1300,,447,08:59:00,,,to_tlv
2026,6,יום חול,1840,,409,08:59:00,,,from_tlv
2026,6,יום חול,3500,,404,08:59:00,,,to_tlv
2026,6,יום חול,3700,,155,08:59:00,,,to_tlv
2026,6,יום חול,3900,,832,08:59:00,,,to_tlv
2026,6,יום חול,4250,,312,08:59:00,,,to_tlv
2026,6,יום חול,4690,,628,08:59:00,,,from_tlv
2026,6,יום חול,4690,,8628,08:59:00,,,from_tlv
2026,6,יום חול,4900,,956,08:59:00,,,to_tlv
2026,6,יום חול,5000,,906,08:59:00,,,from_tlv
2026,6,יום חול,8550,,28,08:59:00,,,from_tlv
2026,6,יום חול,8600,,724,08:59:00,,,from_tlv
2026,6,שישי,2300,,6067,08:59:00,,,from_tlv
2026,6,שישי,8600,,6728,08:59:00,,,from_tlv
2026,6,שישי,4900,,6228,08:59:00,,,to_tlv
2026,6,יום חול,1280,,66,09:00:00,,,to_tlv
2026,6,יום חול,1220,,402,09:00:00,,,to_tlv
2026,6,יום חול,2100,,104,09:00:00,,,to_tlv
2026,6,יום חול,3700,,234,09:00:00,,,to_tlv
2026,6,יום חול,3600,,626,09:00:00,,,to_tlv
2026,6,יום חול,3900,,8123,09:00:00,,,to_tlv
2026,6,יום חול,3600,,727,09:00:00,,,to_tlv
2026,6,יום חול,3600,,8626,09:00:00,,,to_tlv
2026,6,יום חול,6150,,23,09:00:00,,,to_tlv
2026,6,יום חול,5300,,236,09:00:00,,,from_tlv
2026,6,יום חול,5900,,238,09:00:00,,,from_tlv
2026,6,שישי,2800,,6226,09:00:00,,,to_tlv
2026,6,שישי,5300,,6225,09:00:00,,,to_tlv
2026,6,יום חול,1240,,71,09:01:00,,,from_tlv
2026,6,יום חול,2800,,156,09:01:00,,,to_tlv
2026,6,יום חול,2100,,27,09:01:00,,,from_tlv
2026,6,יום חול,2960,,624,09:01:00,,,to_tlv
2026,6,יום חול,3300,,232,09:01:00,,,to_tlv
2026,6,יום חול,3600,,106,09:01:00,,,to_tlv
2026,6,יום חול,2960,,8624,09:01:00,,,to_tlv
2026,6,יום חול,3400,,506,09:01:00,,,to_tlv
2026,6,יום חול,5200,,229,09:01:00,,,to_tlv
2026,6,שישי,3300,,6227,09:01:00,,,from_tlv
2026,6,שישי,4250,,6619,09:01:00,,,from_tlv
2026,6,שישי,2200,,6029,09:01:00,,,from_tlv
2026,6,שישי,4250,,8619,09:01:00,,,from_tlv
2026,6,שישי,9100,,6906,09:01:00,,,from_tlv
2026,6,שישי,4100,,6622,09:01:00,,,to_tlv
2026,6,שישי,4100,,8622,09:01:00,,,to_tlv
2026,6,יום חול,3310,,233,09:02:00,,,from_tlv
2026,6,יום חול,3600,,625,09:02:00,,,to_tlv
2026,6,יום חול,3900,,837,09:02:00,,,to_tlv
2026,6,יום חול,4250,,313,09:02:00,,,from_tlv
2026,6,יום חול,4680,,8628,09:02:00,,,from_tlv
2026,6,יום חול,4680,,628,09:02:00,,,from_tlv
2026,6,יום חול,5200,,229,09:02:00,,,to_tlv
2026,6,יום חול,9200,,8627,09:02:00,,,from_tlv
2026,6,יום חול,9650,,632,09:02:00,,,from_tlv
2026,6,שישי,3500,,6027,09:02:00,,,from_tlv
2026,6,יום חול,9200,,627,09:02:00,,,from_tlv
2026,6,שישי,700,,6022,09:02:00,,,to_tlv
2026,6,שישי,1840,,6447,09:02:00,,,from_tlv
2026,6,שישי,7320,,6023,09:02:00,,,to_tlv
2026,6,יום חול,1220,,447,09:03:00,,,from_tlv
2026,6,יום חול,2300,,68,09:03:00,,,to_tlv
2026,6,יום חול,2200,,446,09:03:00,,,to_tlv
2026,6,יום חול,2300,,157,09:03:00,,,from_tlv
2026,6,יום חול,3500,,722,09:03:00,,,to_tlv
2026,6,יום חול,3500,,315,09:03:00,,,from_tlv
2026,6,יום חול,4900,,231,09:03:00,,,to_tlv
2026,6,שישי,5800,,6624,09:03:00,,,from_tlv
2026,6,שישי,3400,,6504,09:03:00,,,to_tlv
2026,6,שישי,5900,,6230,09:03:00,,,from_tlv
2026,6,שישי,7300,,6615,09:03:00,,,to_tlv
2026,6,שישי,7320,,6626,09:03:00,,,from_tlv
2026,6,שישי,4900,,6507,09:03:00,,,to_tlv
2026,6,יום חול,1500,,154,09:04:00,,,to_tlv
2026,6,יום חול,3500,,961,09:04:00,,,from_tlv
2026,6,יום חול,4100,,626,09:04:00,,,to_tlv
2026,6,יום חול,4600,,155,09:04:00,,,to_tlv
2026,6,יום חול,4600,,956,09:04:00,,,to_tlv
2026,6,יום חול,5000,,405,09:04:00,,,to_tlv
2026,6,יום חול,5900,,630,09:04:00,,,from_tlv
2026,6,יום חול,7300,,995,09:04:00,,,to_tlv
2026,6,יום חול,5900,,630,09:04:00,,,from_tlv
2026,6,שישי,4600,,6228,09:04:00,,,to_tlv
2026,6,יום חול,5900,,621,09:04:00,,,to_tlv
2026,6,יום חול,8800,,312,09:04:00,,,to_tlv
2026,6,יום חול,8800,,835,09:04:00,,,from_tlv
2026,6,יום חול,7300,,835,09:04:00,,,to_tlv
2026,6,שישי,1220,,6444,09:04:00,,,to_tlv
2026,6,שישי,2800,,6024,09:04:00,,,to_tlv
2026,6,שישי,5000,,6026,09:04:00,,,from_tlv
2026,6,יום חול,1400,,109,09:05:00,,,from_tlv
2026,6,יום חול,300,,105,09:05:00,,,from_tlv
2026,6,יום חול,3600,,234,09:05:00,,,to_tlv
2026,6,יום חול,3400,,233,09:05:00,,,from_tlv
2026,6,יום חול,2940,,624,09:05:00,,,to_tlv
2026,6,יום חול,2940,,8624,09:05:00,,,to_tlv
2026,6,יום חול,3600,,25,09:05:00,,,to_tlv
2026,6,יום חול,3700,,727,09:05:00,,,to_tlv
2026,6,יום חול,4300,,8123,09:05:00,,,to_tlv
2026,6,יום חול,4900,,26,09:05:00,,,to_tlv
2026,6,יום חול,5150,,507,09:05:00,,,to_tlv
2026,6,יום חול,9000,,623,09:05:00,,,to_tlv
2026,6,יום חול,8700,,627,09:05:00,,,from_tlv
2026,6,יום חול,8600,,158,09:05:00,,,from_tlv
2026,6,יום חול,8700,,8627,09:05:00,,,from_tlv
2026,6,יום חול,9000,,8623,09:05:00,,,to_tlv
2026,6,שישי,1400,,6022,09:05:00,,,to_tlv
2026,6,שישי,5800,,8624,09:05:00,,,from_tlv
2026,6,שישי,5200,,6225,09:05:00,,,to_tlv
2026,6,שישי,8550,,6028,09:05:00,,,from_tlv
2026,6,יום חול,400,,555,09:06:00,,,to_tlv
2026,6,יום חול,1820,,409,09:06:00,,,from_tlv
2026,6,יום חול,2200,,27,09:06:00,,,from_tlv
2026,6,יום חול,4100,,8626,09:06:00,,,to_tlv
2026,6,יום חול,4100,,626,09:06:00,,,to_tlv
2026,6,יום חול,7320,,403,09:06:00,,,to_tlv
2026,6,שישי,4170,,8619,09:06:00,,,from_tlv
2026,6,שישי,4170,,6619,09:06:00,,,from_tlv
2026,6,שישי,4170,,6622,09:06:00,,,to_tlv
2026,6,יום חול,5000,,236,09:06:00,,,from_tlv
2026,6,שישי,3310,,6227,09:06:00,,,from_tlv
2026,6,שישי,4170,,8622,09:06:00,,,to_tlv
2026,6,יום חול,1400,,402,09:07:00,,,to_tlv
2026,6,יום חול,2800,,235,09:07:00,,,from_tlv
2026,6,יום חול,2100,,446,09:07:00,,,to_tlv
2026,6,יום חול,3700,,625,09:07:00,,,to_tlv
2026,6,יום חול,4170,,313,09:07:00,,,from_tlv
2026,6,יום חול,4310,,834,09:07:00,,,to_tlv
2026,6,יום חול,4660,,628,09:07:00,,,from_tlv
2026,6,יום חול,4660,,8628,09:07:00,,,from_tlv
2026,6,שישי,8600,,6127,09:07:00,,,to_tlv
2026,6,יום חול,700,,109,09:08:00,,,from_tlv
2026,6,יום חול,1220,,104,09:08:00,,,to_tlv
2026,6,יום חול,2940,,315,09:08:00,,,from_tlv
2026,6,יום חול,3100,,407,09:08:00,,,from_tlv
2026,6,יום חול,3300,,506,09:08:00,,,to_tlv
2026,6,יום חול,3700,,956,09:08:00,,,to_tlv
2026,6,יום חול,5010,,508,09:08:00,,,from_tlv
2026,6,יום חול,5800,,238,09:08:00,,,from_tlv
2026,6,שישי,2300,,6029,09:08:00,,,from_tlv
2026,6,שישי,6150,,6025,09:08:00,,,to_tlv
2026,6,שישי,5800,,6617,09:08:00,,,to_tlv
2026,6,שישי,5800,,8617,09:08:00,,,to_tlv
2026,6,יום חול,680,,726,09:09:00,,,to_tlv
2026,6,יום חול,2200,,68,09:09:00,,,to_tlv
2026,6,יום חול,4600,,727,09:09:00,,,to_tlv
2026,6,יום חול,4170,,626,09:09:00,,,to_tlv
2026,6,יום חול,4900,,155,09:09:00,,,to_tlv
2026,6,שישי,3400,,6227,09:09:00,,,from_tlv
2026,6,שישי,3700,,6228,09:09:00,,,to_tlv
2026,6,שישי,1240,,6068,09:09:00,,,to_tlv
2026,6,שישי,1300,,6444,09:09:00,,,to_tlv
2026,6,יום חול,3100,,232,09:10:00,,,to_tlv
2026,6,יום חול,4600,,26,09:10:00,,,to_tlv
2026,6,יום חול,3700,,25,09:10:00,,,to_tlv
2026,6,יום חול,4310,,8123,09:10:00,,,to_tlv
2026,6,יום חול,5800,,238,09:10:00,,,from_tlv
2026,6,יום חול,5410,,229,09:10:00,,,to_tlv
2026,6,יום חול,4900,,724,09:10:00,,,to_tlv
2026,6,יום חול,8700,,312,09:10:00,,,to_tlv
2026,6,שישי,680,,6547,09:10:00,,,to_tlv
2026,6,שישי,1820,,6447,09:10:00,,,from_tlv
2026,6,שישי,3600,,6027,09:10:00,,,to_tlv
2026,6,שישי,2500,,6067,09:10:00,,,from_tlv
2026,6,שישי,4900,,6728,09:10:00,,,to_tlv
2026,6,שישי,7300,,6626,09:10:00,,,from_tlv
2026,6,יום חול,1230,,71,09:11:00,,,from_tlv
2026,6,יום חול,2100,,447,09:11:00,,,from_tlv
2026,6,יום חול,3600,,961,09:11:00,,,to_tlv
2026,6,יום חול,2820,,235,09:11:00,,,from_tlv
2026,6,יום חול,3500,,8624,09:11:00,,,to_tlv
2026,6,יום חול,3500,,624,09:11:00,,,to_tlv
2026,6,יום חול,4600,,625,09:11:00,,,to_tlv
2026,6,יום חול,4170,,626,09:11:00,,,to_tlv
2026,6,יום חול,4170,,8626,09:11:00,,,to_tlv
2026,6,יום חול,4640,,628,09:11:00,,,from_tlv
2026,6,יום חול,5000,,507,09:11:00,,,to_tlv
2026,6,יום חול,4640,,8628,09:11:00,,,from_tlv
2026,6,יום חול,8800,,8627,09:11:00,,,from_tlv
2026,6,יום חול,5410,,229,09:11:00,,,to_tlv
2026,6,יום חול,9600,,632,09:11:00,,,from_tlv
2026,6,שישי,4100,,6619,09:11:00,,,from_tlv
2026,6,שישי,400,,6126,09:11:00,,,from_tlv
2026,6,שישי,4250,,8622,09:11:00,,,to_tlv
2026,6,יום חול,8800,,627,09:11:00,,,from_tlv
2026,6,שישי,4250,,6622,09:11:00,,,to_tlv
2026,6,שישי,5000,,6906,09:11:00,,,from_tlv
2026,6,שישי,5010,,6506,09:11:00,,,from_tlv
2026,6,שישי,4100,,8619,09:11:00,,,from_tlv
2026,6,שישי,5800,,6230,09:11:00,,,from_tlv
2026,6,יום חול,1300,,109,09:12:00,,,to_tlv
2026,6,יום חול,2300,,27,09:12:00,,,from_tlv
2026,6,יום חול,2300,,24,09:12:00,,,to_tlv
2026,6,יום חול,4100,,313,09:12:00,,,from_tlv
2026,6,יום חול,4800,,231,09:12:00,,,to_tlv
2026,6,יום חול,7300,,619,09:12:00,,,to_tlv
2026,6,יום חול,7000,,23,09:12:00,,,to_tlv
2026,6,שישי,1260,,6069,09:12:00,,,from_tlv
2026,6,יום חול,7320,,634,09:12:00,,,from_tlv
2026,6,שישי,3300,,6504,09:12:00,,,to_tlv
2026,6,שישי,7320,,6615,09:12:00,,,to_tlv
2026,6,יום חול,300,,555,09:13:00,,,from_tlv
2026,6,יום חול,1300,,104,09:13:00,,,to_tlv
2026,6,יום חול,2500,,157,09:13:00,,,from_tlv
2026,6,יום חול,1600,,154,09:13:00,,,to_tlv
2026,6,יום חול,2100,,68,09:13:00,,,to_tlv
2026,6,יום חול,3500,,234,09:13:00,,,to_tlv
2026,6,יום חול,3500,,233,09:13:00,,,from_tlv
2026,6,יום חול,2960,,315,09:13:00,,,from_tlv
2026,6,יום חול,3600,,956,09:13:00,,,to_tlv
2026,6,יום חול,4800,,236,09:13:00,,,from_tlv
2026,6,יום חול,5000,,508,09:13:00,,,from_tlv
2026,6,שישי,700,,6444,09:13:00,,,to_tlv
2026,6,יום חול,9200,,312,09:13:00,,,to_tlv
2026,6,שישי,5800,,6230,09:13:00,,,from_tlv
2026,6,יום חול,400,,105,09:14:00,,,to_tlv
2026,6,יום חול,2500,,156,09:14:00,,,to_tlv
2026,6,יום חול,3700,,26,09:14:00,,,to_tlv
2026,6,יום חול,4250,,626,09:14:00,,,to_tlv
2026,6,יום חול,4300,,834,09:14:00,,,to_tlv
2026,6,שישי,9000,,6624,09:14:00,,,from_tlv
2026,6,שישי,5150,,6507,09:14:00,,,to_tlv
2026,6,שישי,5410,,6225,09:14:00,,,to_tlv
2026,6,יום חול,5800,,630,09:14:00,,,from_tlv
2026,6,שישי,9000,,8624,09:14:00,,,from_tlv
2026,6,שישי,3600,,6228,09:14:00,,,to_tlv
2026,6,יום חול,1220,,446,09:15:00,,,to_tlv
2026,6,יום חול,1600,,159,09:15:00,,,from_tlv
2026,6,יום חול,3700,,26,09:15:00,,,to_tlv
2026,6,יום חול,4600,,25,09:15:00,,,to_tlv
2026,6,יום חול,3900,,8456,09:15:00,,,to_tlv
2026,6,יום חול,4600,,724,09:15:00,,,to_tlv
2026,6,יום חול,4300,,837,09:15:00,,,to_tlv
2026,6,יום חול,4900,,727,09:15:00,,,to_tlv
2026,6,יום חול,4900,,625,09:15:00,,,to_tlv
2026,6,יום חול,4900,,628,09:15:00,,,to_tlv
2026,6,יום חול,4900,,8628,09:15:00,,,to_tlv
2026,6,יום חול,7000,,28,09:15:00,,,from_tlv
2026,6,שישי,3700,,6027,09:15:00,,,to_tlv
2026,6,שישי,4600,,6728,09:15:00,,,to_tlv
2026,6,יום חול,300,,554,09:16:00,,,to_tlv
2026,6,יום חול,2200,,447,09:16:00,,,from_tlv
2026,6,יום חול,2960,,312,09:16:00,,,to_tlv
2026,6,יום חול,3700,,961,09:16:00,,,to_tlv
2026,6,יום חול,4250,,626,09:16:00,,,to_tlv
2026,6,יום חול,4250,,8626,09:16:00,,,to_tlv
2026,6,יום חול,5800,,623,09:16:00,,,to_tlv
2026,6,יום חול,4900,,158,09:16:00,,,to_tlv
2026,6,יום חול,5000,,907,09:16:00,,,to_tlv
2026,6,יום חול,5800,,8623,09:16:00,,,to_tlv
2026,6,יום חול,5010,,507,09:16:00,,,to_tlv
2026,6,שישי,5000,,6506,09:16:00,,,from_tlv
2026,6,יום חול,5800,,8630,09:16:00,,,from_tlv
2026,6,שישי,1600,,6031,09:16:00,,,from_tlv
2026,6,שישי,1400,,6444,09:16:00,,,to_tlv
2026,6,שישי,3600,,8619,09:16:00,,,to_tlv
2026,6,שישי,1500,,6022,09:16:00,,,to_tlv
2026,6,שישי,3600,,6619,09:16:00,,,to_tlv
2026,6,יום חול,700,,104,09:17:00,,,to_tlv
2026,6,יום חול,1220,,109,09:17:00,,,from_tlv
2026,6,יום חול,3100,,235,09:17:00,,,from_tlv
2026,6,יום חול,3600,,313,09:17:00,,,to_tlv
2026,6,יום חול,4250,,8627,09:17:00,,,from_tlv
2026,6,יום חול,4250,,627,09:17:00,,,from_tlv
2026,6,שישי,4900,,6026,09:17:00,,,to_tlv
2026,6,יום חול,9200,,315,09:17:00,,,from_tlv
2026,6,שישי,3500,,6227,09:17:00,,,from_tlv
2026,6,שישי,300,,6126,09:17:00,,,to_tlv
2026,6,שישי,8800,,8622,09:17:00,,,to_tlv
2026,6,שישי,8800,,6622,09:17:00,,,to_tlv
2026,6,יום חול,1400,,409,09:18:00,,,from_tlv
2026,6,יום חול,400,,108,09:18:00,,,from_tlv
2026,6,יום חול,2100,,71,09:18:00,,,from_tlv
2026,6,יום חול,3100,,404,09:18:00,,,to_tlv
2026,6,יום חול,2820,,232,09:18:00,,,to_tlv
2026,6,יום חול,5410,,238,09:18:00,,,from_tlv
2026,6,שישי,1250,,6068,09:18:00,,,to_tlv
2026,6,שישי,5900,,6617,09:18:00,,,to_tlv
2026,6,יום חול,2200,,24,09:19:00,,,to_tlv
2026,6,יום חול,3300,,509,09:19:00,,,from_tlv
2026,6,יום חול,3600,,233,09:19:00,,,to_tlv
2026,6,יום חול,3500,,629,09:19:00,,,from_tlv
2026,6,יום חול,5800,,229,09:19:00,,,to_tlv
2026,6,יום חול,5150,,508,09:19:00,,,from_tlv
2026,6,יום חול,5000,,231,09:19:00,,,to_tlv
2026,6,יום חול,7300,,634,09:19:00,,,from_tlv
2026,6,יום חול,8800,,626,09:19:00,,,to_tlv
2026,6,יום חול,1230,,68,09:20:00,,,to_tlv
2026,6,יום חול,1400,,104,09:20:00,,,to_tlv
2026,6,יום חול,1300,,446,09:20:00,,,to_tlv
2026,6,יום חול,2940,,312,09:20:00,,,to_tlv
2026,6,יום חול,1820,,402,09:20:00,,,to_tlv
2026,6,יום חול,3700,,724,09:20:00,,,to_tlv
2026,6,יום חול,3600,,26,09:20:00,,,to_tlv
2026,6,יום חול,4300,,8456,09:20:00,,,to_tlv
2026,6,יום חול,4600,,8628,09:20:00,,,to_tlv
2026,6,יום חול,4600,,628,09:20:00,,,to_tlv
2026,6,יום חול,4900,,25,09:20:00,,,to_tlv
2026,6,יום חול,4640,,625,09:20:00,,,to_tlv
2026,6,יום חול,5800,,229,09:20:00,,,to_tlv
2026,6,יום חול,5800,,229,09:20:00,,,to_tlv
2026,6,יום חול,8600,,155,09:20:00,,,to_tlv
2026,6,יום חול,8700,,315,09:20:00,,,from_tlv
2026,6,שישי,3700,,6728,09:20:00,,,to_tlv
2026,6,שישי,1250,,6069,09:20:00,,,from_tlv
2026,6,שישי,2500,,6024,09:20:00,,,to_tlv
2026,6,שישי,5000,,6507,09:20:00,,,to_tlv
2026,6,שישי,4600,,6027,09:20:00,,,to_tlv
2026,6,שישי,5900,,6617,09:20:00,,,to_tlv
2026,6,שישי,2500,,6029,09:20:00,,,from_tlv
2026,6,יום חול,3500,,956,09:21:00,,,to_tlv
2026,6,יום חול,4600,,961,09:21:00,,,to_tlv
2026,6,יום חול,4600,,158,09:21:00,,,to_tlv
2026,6,יום חול,4900,,236,09:21:00,,,to_tlv
2026,6,יום חול,8800,,626,09:21:00,,,to_tlv
2026,6,יום חול,8800,,8626,09:21:00,,,to_tlv
2026,6,יום חול,7320,,619,09:21:00,,,to_tlv
2026,6,שישי,3700,,8619,09:21:00,,,to_tlv
2026,6,שישי,3500,,6228,09:21:00,,,to_tlv
2026,6,שישי,300,,6127,09:21:00,,,from_tlv
2026,6,שישי,3700,,6619,09:21:00,,,to_tlv
2026,6,יום חול,680,,725,09:22:00,,,to_tlv
2026,6,יום חול,1500,,159,09:22:00,,,from_tlv
2026,6,יום חול,3400,,234,09:22:00,,,to_tlv
2026,6,יום חול,4170,,8627,09:22:00,,,from_tlv
2026,6,יום חול,3700,,313,09:22:00,,,to_tlv
2026,6,יום חול,4170,,627,09:22:00,,,from_tlv
2026,6,יום חול,4310,,837,09:22:00,,,to_tlv
2026,6,יום חול,5000,,406,09:22:00,,,from_tlv
2026,6,שישי,680,,6727,09:22:00,,,to_tlv
2026,6,שישי,7000,,6025,09:22:00,,,to_tlv
2026,6,שישי,7000,,6028,09:22:00,,,from_tlv
2026,6,שישי,1400,,6447,09:22:00,,,from_tlv
2026,6,שישי,5150,,6506,09:22:00,,,from_tlv
2026,6,שישי,9800,,8624,09:22:00,,,from_tlv
2026,6,שישי,7500,,6832,09:22:00,,,from_tlv
2026,6,שישי,4600,,6026,09:22:00,,,to_tlv
2026,6,שישי,9800,,6624,09:22:00,,,from_tlv
2026,6,יום חול,2100,,24,09:23:00,,,to_tlv
2026,6,יום חול,2200,,71,09:23:00,,,from_tlv
2026,6,יום חול,2800,,232,09:23:00,,,to_tlv
2026,6,יום חול,3700,,8628,09:23:00,,,to_tlv
2026,6,יום חול,3700,,628,09:23:00,,,to_tlv
2026,6,יום חול,4660,,625,09:23:00,,,to_tlv
2026,6,יום חול,5900,,632,09:23:00,,,from_tlv
2026,6,יום חול,5900,,632,09:23:00,,,from_tlv
2026,6,שישי,8700,,8622,09:23:00,,,to_tlv
2026,6,שישי,3600,,6227,09:23:00,,,to_tlv
2026,6,שישי,5410,,6230,09:23:00,,,from_tlv
2026,6,שישי,8700,,6622,09:23:00,,,to_tlv
2026,6,יום חול,300,,108,09:24:00,,,to_tlv
2026,6,יום חול,400,,554,09:24:00,,,from_tlv
2026,6,יום חול,700,,446,09:24:00,,,to_tlv
2026,6,יום חול,2300,,156,09:24:00,,,to_tlv
2026,6,יום חול,2300,,447,09:24:00,,,from_tlv
2026,6,יום חול,2940,,629,09:24:00,,,from_tlv
2026,6,יום חול,3600,,107,09:24:00,,,to_tlv
2026,6,יום חול,3500,,729,09:24:00,,,from_tlv
2026,6,יום חול,3700,,233,09:24:00,,,to_tlv
2026,6,יום חול,5200,,238,09:24:00,,,from_tlv
2026,6,שישי,5800,,6225,09:24:00,,,to_tlv
2026,6,שישי,5800,,6225,09:24:00,,,to_tlv
2026,6,שישי,3500,,6731,09:24:00,,,from_tlv
2026,6,שישי,9700,,6626,09:24:00,,,from_tlv
2026,6,יום חול,1220,,409,09:25:00,,,from_tlv
2026,6,יום חול,2100,,109,09:25:00,,,from_tlv
2026,6,יום חול,3400,,509,09:25:00,,,from_tlv
2026,6,יום חול,3600,,724,09:25:00,,,to_tlv
2026,6,יום חול,4310,,8456,09:25:00,,,to_tlv
2026,6,יום חול,9000,,8630,09:25:00,,,from_tlv
2026,6,יום חול,9100,,907,09:25:00,,,to_tlv
2026,6,יום חול,9000,,630,09:25:00,,,from_tlv
2026,6,יום חול,8700,,626,09:25:00,,,to_tlv
2026,6,שישי,1500,,6031,09:25:00,,,from_tlv
2026,6,שישי,3600,,6728,09:25:00,,,to_tlv
2026,6,שישי,700,,6447,09:25:00,,,from_tlv
2026,6,שישי,4600,,6619,09:25:00,,,to_tlv
2026,6,שישי,4600,,8619,09:25:00,,,to_tlv
2026,6,יום חול,2800,,157,09:26:00,,,from_tlv
2026,6,יום חול,3310,,234,09:26:00,,,to_tlv
2026,6,יום חול,3500,,312,09:26:00,,,to_tlv
2026,6,יום חול,3700,,158,09:26:00,,,to_tlv
2026,6,יום חול,4600,,313,09:26:00,,,to_tlv
2026,6,יום חול,4600,,236,09:26:00,,,to_tlv
2026,6,יום חול,4900,,961,09:26:00,,,to_tlv
2026,6,יום חול,5300,,231,09:26:00,,,to_tlv
2026,6,יום חול,5900,,623,09:26:00,,,to_tlv
2026,6,שישי,4900,,6027,09:26:00,,,to_tlv
2026,6,יום חול,8600,,727,09:26:00,,,to_tlv
2026,6,יום חול,8800,,315,09:26:00,,,from_tlv
2026,6,שישי,4690,,8624,09:26:00,,,from_tlv
2026,6,שישי,4690,,6624,09:26:00,,,from_tlv
2026,6,שישי,5010,,6507,09:26:00,,,to_tlv
2026,6,יום חול,1400,,446,09:27:00,,,to_tlv
2026,6,יום חול,3300,,235,09:27:00,,,from_tlv
2026,6,יום חול,3500,,407,09:27:00,,,from_tlv
2026,6,יום חול,4100,,627,09:27:00,,,from_tlv
2026,6,יום חול,4100,,8627,09:27:00,,,from_tlv
2026,6,יום חול,4680,,625,09:27:00,,,to_tlv
2026,6,יום חול,8700,,626,09:27:00,,,to_tlv
2026,6,יום חול,6150,,28,09:27:00,,,from_tlv
2026,6,יום חול,8800,,836,09:27:00,,,to_tlv
2026,6,יום חול,8700,,8626,09:27:00,,,to_tlv
2026,6,שישי,3300,,6509,09:27:00,,,from_tlv
2026,6,שישי,9200,,6622,09:27:00,,,to_tlv
2026,6,שישי,9200,,8622,09:27:00,,,to_tlv
2026,6,שישי,3700,,6026,09:27:00,,,to_tlv
2026,6,יום חול,1600,,29,09:28:00,,,from_tlv
2026,6,יום חול,2960,,629,09:28:00,,,from_tlv
2026,6,יום חול,3500,,26,09:28:00,,,to_tlv
2026,6,יום חול,3600,,628,09:28:00,,,to_tlv
2026,6,יום חול,3600,,8628,09:28:00,,,to_tlv
2026,6,יום חול,4600,,233,09:28:00,,,to_tlv
2026,6,יום חול,5900,,623,09:28:00,,,to_tlv
2026,6,יום חול,9200,,626,09:28:00,,,to_tlv
2026,6,יום חול,7500,,835,09:28:00,,,to_tlv
2026,6,יום חול,7500,,995,09:28:00,,,to_tlv
2026,6,שישי,3700,,6227,09:28:00,,,to_tlv
2026,6,שישי,1260,,6068,09:28:00,,,to_tlv
2026,6,שישי,1600,,6022,09:28:00,,,to_tlv
2026,6,שישי,8600,,6126,09:28:00,,,from_tlv
2026,6,יום חול,1500,,104,09:29:00,,,to_tlv
2026,6,יום חול,2300,,71,09:29:00,,,from_tlv
2026,6,יום חול,3900,,834,09:29:00,,,to_tlv
2026,6,יום חול,3700,,107,09:29:00,,,to_tlv
2026,6,יום חול,4900,,508,09:29:00,,,to_tlv
2026,6,יום חול,5900,,229,09:29:00,,,to_tlv
2026,6,יום חול,7000,,405,09:29:00,,,to_tlv
2026,6,שישי,1240,,6069,09:29:00,,,from_tlv
2026,6,שישי,3400,,6228,09:29:00,,,to_tlv
2026,6,יום חול,8600,,726,09:29:00,,,from_tlv
2026,6,שישי,680,,6548,09:29:00,,,to_tlv
2026,6,שישי,1820,,6444,09:29:00,,,to_tlv
2026,6,שישי,1300,,6447,09:29:00,,,to_tlv
2026,6,שישי,4680,,8624,09:29:00,,,from_tlv
2026,6,שישי,4680,,6624,09:29:00,,,from_tlv
2026,6,שישי,400,,6127,09:29:00,,,to_tlv
2026,6,יום חול,1240,,68,09:30:00,,,to_tlv
2026,6,יום חול,2200,,109,09:30:00,,,from_tlv
2026,6,יום חול,3400,,956,09:30:00,,,to_tlv
2026,6,יום חול,3600,,729,09:30:00,,,to_tlv
2026,6,יום חול,3700,,236,09:30:00,,,to_tlv
2026,6,יום חול,5300,,238,09:30:00,,,from_tlv
2026,6,יום חול,4900,,313,09:30:00,,,to_tlv
2026,6,יום חול,5900,,229,09:30:00,,,to_tlv
2026,6,יום חול,9200,,8626,09:30:00,,,to_tlv
2026,6,יום חול,8800,,8123,09:30:00,,,from_tlv
2026,6,שישי,4900,,8619,09:30:00,,,to_tlv
2026,6,יום חול,9200,,626,09:30:00,,,to_tlv
2026,6,שישי,2500,,6070,09:30:00,,,to_tlv
2026,6,שישי,2960,,8622,09:30:00,,,to_tlv
2026,6,שישי,3600,,6731,09:30:00,,,to_tlv
2026,6,שישי,2300,,6024,09:30:00,,,to_tlv
2026,6,שישי,2960,,6622,09:30:00,,,to_tlv
2026,6,שישי,9600,,6617,09:30:00,,,to_tlv
2026,6,שישי,4900,,6619,09:30:00,,,to_tlv
2026,6,יום חול,1280,,73,09:31:00,,,from_tlv
2026,6,יום חול,1220,,24,09:31:00,,,to_tlv
2026,6,יום חול,2200,,156,09:31:00,,,to_tlv
2026,6,יום חול,2800,,106,09:31:00,,,to_tlv
2026,6,יום חול,2960,,626,09:31:00,,,to_tlv
2026,6,יום חול,3300,,234,09:31:00,,,to_tlv
2026,6,יום חול,3600,,158,09:31:00,,,to_tlv
2026,6,יום חול,4690,,625,09:31:00,,,to_tlv
2026,6,יום חול,5200,,231,09:31:00,,,to_tlv
2026,6,יום חול,8550,,23,09:31:00,,,to_tlv
2026,6,שישי,5200,,6230,09:31:00,,,from_tlv
2026,6,יום חול,1400,,159,09:32:00,,,from_tlv
2026,6,יום חול,3310,,235,09:32:00,,,from_tlv
2026,6,יום חול,3900,,839,09:32:00,,,to_tlv
2026,6,יום חול,4250,,315,09:32:00,,,from_tlv
2026,6,יום חול,3600,,8627,09:32:00,,,to_tlv
2026,6,יום חול,3600,,627,09:32:00,,,to_tlv
2026,6,יום חול,9200,,629,09:32:00,,,from_tlv
2026,6,שישי,4900,,6506,09:32:00,,,to_tlv
2026,6,שישי,4600,,6227,09:32:00,,,to_tlv
2026,6,שישי,3600,,6026,09:32:00,,,to_tlv
2026,6,יום חול,1840,,402,09:33:00,,,to_tlv
2026,6,יום חול,2100,,409,09:33:00,,,from_tlv
2026,6,יום חול,2960,,626,09:33:00,,,to_tlv
2026,6,יום חול,2960,,8626,09:33:00,,,to_tlv
2026,6,יום חול,3500,,317,09:33:00,,,from_tlv
2026,6,יום חול,3500,,724,09:33:00,,,to_tlv
2026,6,יום חול,4900,,233,09:33:00,,,to_tlv
2026,6,יום חול,5800,,632,09:33:00,,,from_tlv
2026,6,יום חול,9700,,634,09:33:00,,,from_tlv
2026,6,שישי,1220,,6447,09:33:00,,,from_tlv
2026,6,שישי,3500,,8621,09:33:00,,,from_tlv
2026,6,שישי,9650,,6626,09:33:00,,,from_tlv
2026,6,שישי,3400,,6509,09:33:00,,,from_tlv
2026,6,שישי,3310,,6228,09:33:00,,,to_tlv
2026,6,שישי,3500,,6621,09:33:00,,,from_tlv
2026,6,יום חול,1840,,449,09:34:00,,,from_tlv
2026,6,יום חול,3500,,509,09:34:00,,,from_tlv
2026,6,יום חול,4100,,8628,09:34:00,,,to_tlv
2026,6,יום חול,4600,,107,09:34:00,,,to_tlv
2026,6,יום חול,4600,,508,09:34:00,,,to_tlv
2026,6,יום חול,4100,,628,09:34:00,,,to_tlv
2026,6,יום חול,8800,,837,09:34:00,,,from_tlv
2026,6,יום חול,9800,,625,09:34:00,,,to_tlv
2026,6,שישי,4660,,8624,09:34:00,,,from_tlv
2026,6,שישי,3500,,6728,09:34:00,,,to_tlv
2026,6,שישי,4660,,6624,09:34:00,,,from_tlv
2026,6,יום חול,680,,555,09:35:00,,,to_tlv
2026,6,יום חול,300,,155,09:35:00,,,from_tlv
2026,6,יום חול,700,,159,09:35:00,,,from_tlv
2026,6,יום חול,1500,,29,09:35:00,,,from_tlv
2026,6,יום חול,2100,,156,09:35:00,,,to_tlv
2026,6,יום חול,3400,,235,09:35:00,,,from_tlv
2026,6,יום חול,2940,,626,09:35:00,,,to_tlv
2026,6,יום חול,3600,,236,09:35:00,,,to_tlv
2026,6,יום חול,3600,,407,09:35:00,,,to_tlv
2026,6,יום חול,3700,,729,09:35:00,,,to_tlv
2026,6,יום חול,4640,,313,09:35:00,,,to_tlv
2026,6,יום חול,4900,,406,09:35:00,,,to_tlv
2026,6,יום חול,5800,,8632,09:35:00,,,from_tlv
2026,6,שישי,1400,,6031,09:35:00,,,from_tlv
2026,6,שישי,5000,,6907,09:35:00,,,to_tlv
2026,6,יום חול,8600,,108,09:35:00,,,from_tlv
2026,6,יום חול,8700,,629,09:35:00,,,from_tlv
2026,6,שישי,2940,,8622,09:35:00,,,to_tlv
2026,6,שישי,2940,,6622,09:35:00,,,to_tlv
2026,6,שישי,4640,,6619,09:35:00,,,to_tlv
2026,6,שישי,3700,,6731,09:35:00,,,to_tlv
2026,6,שישי,5900,,6225,09:35:00,,,to_tlv
2026,6,שישי,4640,,8619,09:35:00,,,to_tlv
2026,6,יום חול,2300,,109,09:36:00,,,from_tlv
2026,6,יום חול,5000,,25,09:36:00,,,to_tlv
2026,6,יום חול,5000,,238,09:36:00,,,from_tlv
2026,6,יום חול,6900,,28,09:36:00,,,from_tlv
2026,6,יום חול,9800,,8630,09:36:00,,,from_tlv
2026,6,יום חול,9800,,630,09:36:00,,,from_tlv
2026,6,שישי,2800,,6029,09:36:00,,,from_tlv
2026,6,יום חול,2800,,237,09:37:00,,,from_tlv
2026,6,יום חול,2940,,626,09:37:00,,,to_tlv
2026,6,יום חול,3300,,956,09:37:00,,,to_tlv
2026,6,יום חול,2940,,8626,09:37:00,,,to_tlv
2026,6,יום חול,3700,,627,09:37:00,,,to_tlv
2026,6,יום חול,3700,,8627,09:37:00,,,to_tlv
2026,6,יום חול,4310,,836,09:37:00,,,to_tlv
2026,6,יום חול,4170,,315,09:37:00,,,from_tlv
2026,6,יום חול,6300,,507,09:37:00,,,to_tlv
2026,6,יום חול,5150,,961,09:37:00,,,to_tlv
2026,6,שישי,5300,,6230,09:37:00,,,from_tlv
2026,6,שישי,4600,,6506,09:37:00,,,to_tlv
2026,6,שישי,4900,,6227,09:37:00,,,to_tlv
2026,6,שישי,6150,,6028,09:37:00,,,from_tlv
2026,6,יום חול,1400,,24,09:38:00,,,to_tlv
2026,6,יום חול,1250,,68,09:38:00,,,to_tlv
2026,6,יום חול,2200,,409,09:38:00,,,from_tlv
2026,6,יום חול,2940,,317,09:38:00,,,from_tlv
2026,6,יום חול,3700,,508,09:38:00,,,to_tlv
2026,6,יום חול,4660,,313,09:38:00,,,to_tlv
2026,6,יום חול,9600,,623,09:38:00,,,to_tlv
2026,6,שישי,3300,,6228,09:38:00,,,to_tlv
2026,6,שישי,4660,,6619,09:38:00,,,to_tlv
2026,6,שישי,2940,,6621,09:38:00,,,from_tlv
2026,6,שישי,2940,,8621,09:38:00,,,from_tlv
2026,6,שישי,4640,,6624,09:38:00,,,from_tlv
2026,6,שישי,4640,,8624,09:38:00,,,from_tlv
2026,6,שישי,4660,,8619,09:38:00,,,to_tlv
2026,6,יום חול,680,,728,09:39:00,,,to_tlv
2026,6,יום חול,1300,,159,09:39:00,,,to_tlv
2026,6,יום חול,2500,,71,09:39:00,,,from_tlv
2026,6,יום חול,1600,,104,09:39:00,,,to_tlv
2026,6,יום חול,4170,,8628,09:39:00,,,to_tlv
2026,6,יום חול,4170,,628,09:39:00,,,to_tlv
2026,6,יום חול,4600,,729,09:39:00,,,to_tlv
2026,6,יום חול,4900,,107,09:39:00,,,to_tlv
2026,6,שישי,700,,6031,09:39:00,,,from_tlv
2026,6,שישי,2300,,6070,09:39:00,,,to_tlv
2026,6,שישי,2200,,6024,09:39:00,,,to_tlv
2026,6,שישי,680,,6732,09:39:00,,,to_tlv
2026,6,שישי,4600,,6731,09:39:00,,,to_tlv
2026,6,שישי,4900,,6126,09:39:00,,,to_tlv
2026,6,שישי,9650,,6617,09:39:00,,,to_tlv
2026,6,יום חול,3100,,234,09:40:00,,,to_tlv
2026,6,יום חול,3700,,407,09:40:00,,,to_tlv
2026,6,יום חול,4600,,406,09:40:00,,,to_tlv
2026,6,יום חול,4680,,630,09:40:00,,,from_tlv
2026,6,יום חול,4680,,8630,09:40:00,,,from_tlv
2026,6,יום חול,4900,,726,09:40:00,,,to_tlv
2026,6,יום חול,8800,,8456,09:40:00,,,to_tlv
2026,6,שישי,5000,,6027,09:40:00,,,to_tlv
2026,6,שישי,3500,,6026,09:40:00,,,to_tlv
2026,6,יום חול,2300,,404,09:41:00,,,to_tlv
2026,6,יום חול,1820,,449,09:41:00,,,from_tlv
2026,6,יום חול,3500,,626,09:41:00,,,to_tlv
2026,6,יום חול,2820,,237,09:41:00,,,from_tlv
2026,6,יום חול,3600,,509,09:41:00,,,to_tlv
2026,6,יום חול,4600,,627,09:41:00,,,to_tlv
2026,6,יום חול,4600,,8627,09:41:00,,,to_tlv
2026,6,יום חול,7300,,23,09:41:00,,,to_tlv
2026,6,יום חול,7320,,30,09:41:00,,,from_tlv
2026,6,יום חול,8800,,629,09:41:00,,,from_tlv
2026,6,שישי,2800,,6229,09:41:00,,,from_tlv
2026,6,שישי,2100,,6447,09:41:00,,,from_tlv
2026,6,שישי,1230,,6069,09:41:00,,,from_tlv
2026,6,יום חול,1820,,446,09:42:00,,,to_tlv
2026,6,יום חול,4100,,315,09:42:00,,,from_tlv
2026,6,יום חול,4660,,630,09:42:00,,,from_tlv
2026,6,יום חול,4660,,8630,09:42:00,,,from_tlv
2026,6,יום חול,4680,,313,09:42:00,,,to_tlv
2026,6,יום חול,4800,,233,09:42:00,,,to_tlv
2026,6,יום חול,5000,,961,09:42:00,,,to_tlv
2026,6,יום חול,5010,,25,09:42:00,,,to_tlv
2026,6,שישי,1280,,6068,09:42:00,,,to_tlv
2026,6,שישי,3500,,8622,09:42:00,,,to_tlv
2026,6,שישי,4900,,8624,09:42:00,,,to_tlv
2026,6,שישי,4680,,6619,09:42:00,,,to_tlv
2026,6,שישי,4680,,8619,09:42:00,,,to_tlv
2026,6,שישי,3700,,6506,09:42:00,,,to_tlv
2026,6,שישי,4900,,6624,09:42:00,,,to_tlv
2026,6,שישי,9600,,6626,09:42:00,,,from_tlv
2026,6,שישי,3500,,6509,09:42:00,,,from_tlv
2026,6,שישי,3500,,6622,09:42:00,,,to_tlv
2026,6,יום חול,1220,,156,09:43:00,,,to_tlv
2026,6,יום חול,3500,,8626,09:43:00,,,to_tlv
2026,6,יום חול,2960,,317,09:43:00,,,from_tlv
2026,6,יום חול,3500,,235,09:43:00,,,from_tlv
2026,6,יום חול,3500,,236,09:43:00,,,to_tlv
2026,6,יום חול,3500,,626,09:43:00,,,to_tlv
2026,6,יום חול,4800,,238,09:43:00,,,from_tlv
2026,6,יום חול,9000,,625,09:43:00,,,to_tlv
2026,6,שישי,1300,,6031,09:43:00,,,to_tlv
2026,6,יום חול,9650,,634,09:43:00,,,from_tlv
2026,6,שישי,1840,,6444,09:43:00,,,to_tlv
2026,6,שישי,2960,,6621,09:43:00,,,from_tlv
2026,6,שישי,400,,6549,09:43:00,,,to_tlv
2026,6,שישי,8550,,6025,09:43:00,,,to_tlv
2026,6,שישי,2960,,8621,09:43:00,,,from_tlv
2026,6,יום חול,400,,155,09:44:00,,,to_tlv
2026,6,יום חול,1220,,159,09:44:00,,,from_tlv
2026,6,יום חול,2300,,409,09:44:00,,,from_tlv
2026,6,יום חול,4300,,836,09:44:00,,,to_tlv
2026,6,יום חול,4250,,628,09:44:00,,,to_tlv
2026,6,יום חול,4250,,8628,09:44:00,,,to_tlv
2026,6,יום חול,9000,,632,09:44:00,,,from_tlv
2026,6,שישי,5000,,6230,09:44:00,,,from_tlv
2026,6,יום חול,9000,,8632,09:44:00,,,from_tlv
2026,6,שישי,9100,,6907,09:44:00,,,to_tlv
2026,6,שישי,4600,,6126,09:44:00,,,to_tlv
2026,6,שישי,2100,,6024,09:44:00,,,to_tlv
2026,6,יום חול,1400,,29,09:45:00,,,from_tlv
2026,6,יום חול,1260,,73,09:45:00,,,from_tlv
2026,6,יום חול,4300,,839,09:45:00,,,to_tlv
2026,6,יום חול,3700,,406,09:45:00,,,to_tlv
2026,6,יום חול,4600,,407,09:45:00,,,to_tlv
2026,6,יום חול,4900,,729,09:45:00,,,to_tlv
2026,6,יום חול,4900,,8627,09:45:00,,,to_tlv
2026,6,יום חול,4600,,726,09:45:00,,,to_tlv
2026,6,יום חול,4900,,627,09:45:00,,,to_tlv
2026,6,יום חול,4900,,630,09:45:00,,,to_tlv
2026,6,שישי,2820,,6229,09:45:00,,,from_tlv
2026,6,שישי,4900,,6731,09:45:00,,,to_tlv
2026,6,שישי,7320,,6030,09:45:00,,,from_tlv
2026,6,שישי,300,,6548,09:45:00,,,to_tlv
2026,6,יום חול,3700,,509,09:46:00,,,to_tlv
2026,6,יום חול,4690,,313,09:46:00,,,to_tlv
2026,6,יום חול,4900,,108,09:46:00,,,to_tlv
2026,6,יום חול,5010,,28,09:46:00,,,from_tlv
2026,6,שישי,4800,,6227,09:46:00,,,to_tlv
2026,6,שישי,4690,,8619,09:46:00,,,to_tlv
2026,6,שישי,2200,,6447,09:46:00,,,from_tlv
2026,6,שישי,7300,,6832,09:46:00,,,from_tlv
2026,6,שישי,4690,,6619,09:46:00,,,to_tlv
2026,6,שישי,2300,,6446,09:46:00,,,to_tlv
2026,6,יום חול,1260,,68,09:47:00,,,to_tlv
2026,6,יום חול,3100,,237,09:47:00,,,from_tlv
2026,6,יום חול,3600,,315,09:47:00,,,to_tlv
2026,6,יום חול,4250,,629,09:47:00,,,from_tlv
2026,6,יום חול,4900,,8630,09:47:00,,,to_tlv
2026,6,יום חול,4900,,630,09:47:00,,,to_tlv
2026,6,יום חול,8550,,405,09:47:00,,,to_tlv
2026,6,שישי,4600,,8624,09:47:00,,,to_tlv
2026,6,שישי,9200,,6621,09:47:00,,,from_tlv
2026,6,יום חול,9650,,623,09:47:00,,,to_tlv
2026,6,יום חול,9200,,317,09:47:00,,,from_tlv
2026,6,שישי,1220,,6031,09:47:00,,,from_tlv
2026,6,שישי,2200,,6070,09:47:00,,,to_tlv
2026,6,שישי,5010,,6027,09:47:00,,,to_tlv
2026,6,שישי,4600,,6624,09:47:00,,,to_tlv
2026,6,שישי,3600,,6506,09:47:00,,,to_tlv
2026,6,שישי,3700,,6129,09:47:00,,,to_tlv
2026,6,שישי,9200,,8621,09:47:00,,,from_tlv
2026,6,יום חול,1500,,24,09:48:00,,,to_tlv
2026,6,יום חול,400,,160,09:48:00,,,from_tlv
2026,6,יום חול,1300,,156,09:48:00,,,to_tlv
2026,6,יום חול,2820,,234,09:48:00,,,to_tlv
2026,6,יום חול,1600,,111,09:48:00,,,from_tlv
2026,6,יום חול,2200,,404,09:48:00,,,to_tlv
2026,6,יום חול,7300,,30,09:48:00,,,from_tlv
2026,6,שישי,3100,,6228,09:48:00,,,to_tlv
2026,6,שישי,9700,,6617,09:48:00,,,to_tlv
2026,6,שישי,2100,,6069,09:48:00,,,from_tlv
2026,6,שישי,6900,,6028,09:48:00,,,from_tlv
2026,6,יום חול,2300,,106,09:49:00,,,to_tlv
2026,6,יום חול,3500,,631,09:49:00,,,from_tlv
2026,6,יום חול,3600,,235,09:49:00,,,to_tlv
2026,6,יום חול,3500,,8631,09:49:00,,,from_tlv
2026,6,יום חול,5000,,233,09:49:00,,,to_tlv
2026,6,שישי,300,,6549,09:49:00,,,from_tlv
2026,6,שישי,6300,,6507,09:49:00,,,to_tlv
2026,6,יום חול,6300,,510,09:49:00,,,from_tlv
2026,6,יום חול,8800,,628,09:49:00,,,to_tlv
2026,6,שישי,3700,,6126,09:49:00,,,to_tlv
2026,6,יום חול,9800,,313,09:49:00,,,to_tlv
2026,6,יום חול,8800,,8628,09:49:00,,,to_tlv
2026,6,שישי,9800,,6619,09:49:00,,,to_tlv
2026,6,שישי,3600,,6509,09:49:00,,,to_tlv
2026,6,שישי,9800,,8619,09:49:00,,,to_tlv
2026,6,יום חול,3300,,963,09:50:00,,,from_tlv
2026,6,יום חול,3600,,406,09:50:00,,,to_tlv
2026,6,יום חול,3700,,726,09:50:00,,,to_tlv
2026,6,יום חול,4600,,509,09:50:00,,,to_tlv
2026,6,יום חול,4600,,630,09:50:00,,,to_tlv
2026,6,יום חול,4660,,8627,09:50:00,,,to_tlv
2026,6,יום חול,4900,,407,09:50:00,,,to_tlv
2026,6,יום חול,4660,,627,09:50:00,,,to_tlv
2026,6,יום חול,9100,,908,09:50:00,,,from_tlv
2026,6,יום חול,7320,,23,09:50:00,,,to_tlv
2026,6,יום חול,8600,,107,09:50:00,,,to_tlv
2026,6,יום חול,8700,,317,09:50:00,,,from_tlv
2026,6,שישי,4600,,6129,09:50:00,,,to_tlv
2026,6,שישי,3700,,8624,09:50:00,,,to_tlv
2026,6,שישי,3700,,6624,09:50:00,,,to_tlv
2026,6,שישי,8700,,8621,09:50:00,,,from_tlv
2026,6,שישי,8700,,6621,09:50:00,,,from_tlv
2026,6,יום חול,1840,,411,09:51:00,,,from_tlv
2026,6,יום חול,4600,,108,09:51:00,,,to_tlv
2026,6,יום חול,5000,,28,09:51:00,,,from_tlv
2026,6,יום חול,4900,,238,09:51:00,,,to_tlv
2026,6,יום חול,6900,,25,09:51:00,,,to_tlv
2026,6,שישי,2100,,6070,09:51:00,,,to_tlv
2026,6,שישי,3100,,6229,09:51:00,,,from_tlv
2026,6,שישי,4800,,6230,09:51:00,,,from_tlv
2026,6,שישי,6300,,6508,09:51:00,,,from_tlv
2026,6,יום חול,1400,,449,09:52:00,,,from_tlv
2026,6,יום חול,700,,156,09:52:00,,,to_tlv
2026,6,יום חול,680,,727,09:52:00,,,to_tlv
2026,6,יום חול,2100,,404,09:52:00,,,to_tlv
2026,6,יום חול,2100,,159,09:52:00,,,from_tlv
2026,6,יום חול,3400,,236,09:52:00,,,to_tlv
2026,6,יום חול,3700,,315,09:52:00,,,to_tlv
2026,6,יום חול,4600,,8630,09:52:00,,,to_tlv
2026,6,יום חול,4600,,630,09:52:00,,,to_tlv
2026,6,יום חול,4170,,629,09:52:00,,,from_tlv
2026,6,יום חול,4310,,839,09:52:00,,,to_tlv
2026,6,יום חול,4680,,8627,09:52:00,,,to_tlv
2026,6,יום חול,4680,,627,09:52:00,,,to_tlv
2026,6,שישי,2200,,6069,09:52:00,,,from_tlv
2026,6,שישי,2200,,6446,09:52:00,,,to_tlv
2026,6,יום חול,9600,,634,09:52:00,,,from_tlv
2026,6,שישי,400,,6548,09:52:00,,,from_tlv
2026,6,יום חול,1220,,29,09:53:00,,,from_tlv
2026,6,יום חול,2800,,234,09:53:00,,,to_tlv
2026,6,יום חול,3700,,630,09:53:00,,,to_tlv
2026,6,יום חול,5200,,961,09:53:00,,,to_tlv
2026,6,שישי,1220,,6024,09:53:00,,,to_tlv
2026,6,שישי,7300,,6030,09:53:00,,,from_tlv
2026,6,שישי,7300,,6025,09:53:00,,,to_tlv
2026,6,שישי,5000,,6227,09:53:00,,,to_tlv
2026,6,שישי,5900,,6626,09:53:00,,,from_tlv
2026,6,שישי,5900,,6626,09:53:00,,,from_tlv
2026,6,יום חול,1250,,73,09:54:00,,,from_tlv
2026,6,יום חול,300,,160,09:54:00,,,to_tlv
2026,6,יום חול,3600,,157,09:54:00,,,to_tlv
2026,6,יום חול,3500,,731,09:54:00,,,from_tlv
2026,6,יום חול,2940,,8631,09:54:00,,,from_tlv
2026,6,יום חול,2940,,631,09:54:00,,,from_tlv
2026,6,יום חול,3700,,235,09:54:00,,,to_tlv
2026,6,יום חול,5800,,625,09:54:00,,,to_tlv
2026,6,יום חול,5200,,240,09:54:00,,,from_tlv
2026,6,יום חול,5800,,625,09:54:00,,,to_tlv
2026,6,יום חול,9800,,627,09:54:00,,,to_tlv
2026,6,שישי,3700,,6509,09:54:00,,,to_tlv
2026,6,שישי,2300,,6447,09:54:00,,,from_tlv
2026,6,יום חול,1500,,111,09:55:00,,,from_tlv
2026,6,יום חול,1400,,156,09:55:00,,,to_tlv
2026,6,יום חול,700,,449,09:55:00,,,from_tlv
2026,6,יום חול,2500,,70,09:55:00,,,to_tlv
2026,6,יום חול,3400,,963,09:55:00,,,from_tlv
2026,6,יום חול,3700,,8630,09:55:00,,,to_tlv
2026,6,יום חול,3600,,726,09:55:00,,,to_tlv
2026,6,יום חול,3700,,630,09:55:00,,,to_tlv
2026,6,יום חול,4900,,509,09:55:00,,,to_tlv
2026,6,יום חול,9800,,632,09:55:00,,,from_tlv
2026,6,יום חול,8700,,8628,09:55:00,,,to_tlv
2026,6,יום חול,8700,,628,09:55:00,,,to_tlv
2026,6,שישי,2820,,6228,09:55:00,,,to_tlv
2026,6,שישי,3500,,6506,09:55:00,,,to_tlv
2026,6,יום חול,9800,,8632,09:55:00,,,from_tlv
2026,6,שישי,3600,,6624,09:55:00,,,to_tlv
2026,6,שישי,3600,,8624,09:55:00,,,to_tlv
2026,6,יום חול,1840,,446,09:56:00,,,to_tlv
2026,6,יום חול,2200,,106,09:56:00,,,to_tlv
2026,6,יום חול,2800,,109,09:56:00,,,from_tlv
2026,6,יום חול,3310,,236,09:56:00,,,to_tlv
2026,6,יום חול,3700,,108,09:56:00,,,to_tlv
2026,6,יום חול,4600,,238,09:56:00,,,to_tlv
2026,6,יום חול,4600,,315,09:56:00,,,to_tlv
2026,6,יום חול,8600,,729,09:56:00,,,to_tlv
2026,6,יום חול,5300,,233,09:56:00,,,to_tlv
2026,6,יום חול,9700,,623,09:56:00,,,to_tlv
2026,6,יום חול,8800,,317,09:56:00,,,from_tlv
2026,6,יום חול,9800,,627,09:56:00,,,to_tlv
2026,6,יום חול,9800,,8627,09:56:00,,,to_tlv
2026,6,שישי,2100,,6031,09:56:00,,,from_tlv
2026,6,שישי,2100,,6446,09:56:00,,,to_tlv
2026,6,שישי,4900,,6129,09:56:00,,,to_tlv
2026,6,שישי,8800,,6621,09:56:00,,,from_tlv
2026,6,שישי,1280,,6071,09:56:00,,,from_tlv
2026,6,שישי,8600,,6731,09:56:00,,,to_tlv
2026,6,שישי,8800,,8621,09:56:00,,,from_tlv
2026,6,יום חול,2200,,159,09:57:00,,,from_tlv
2026,6,יום חול,2300,,448,09:57:00,,,to_tlv
2026,6,יום חול,3500,,27,09:57:00,,,from_tlv
2026,6,יום חול,3300,,237,09:57:00,,,from_tlv
2026,6,יום חול,4100,,629,09:57:00,,,from_tlv
2026,6,יום חול,8800,,838,09:57:00,,,to_tlv
2026,6,יום חול,7300,,405,09:57:00,,,to_tlv
2026,6,שישי,6900,,6027,09:57:00,,,to_tlv
2026,6,יום חול,1600,,24,09:58:00,,,to_tlv
2026,6,יום חול,2960,,631,09:58:00,,,from_tlv
2026,6,יום חול,2960,,8631,09:58:00,,,from_tlv
2026,6,יום חול,3600,,630,09:58:00,,,to_tlv
2026,6,יום חול,4600,,235,09:58:00,,,to_tlv
2026,6,יום חול,5300,,240,09:58:00,,,from_tlv
2026,6,יום חול,9200,,8628,09:58:00,,,to_tlv
2026,6,יום חול,9200,,628,09:58:00,,,to_tlv
2026,6,שישי,1300,,6024,09:58:00,,,to_tlv
2026,6,שישי,1230,,6070,09:58:00,,,to_tlv
2026,6,שישי,4600,,6509,09:58:00,,,to_tlv
2026,6,שישי,9000,,6619,09:58:00,,,to_tlv
2026,6,שישי,9000,,8619,09:58:00,,,to_tlv
2026,6,שישי,5010,,6028,09:58:00,,,from_tlv
2026,6,יום חול,680,,558,09:59:00,,,to_tlv
2026,6,יום חול,1300,,449,09:59:00,,,to_tlv
2026,6,יום חול,1820,,411,09:59:00,,,from_tlv
2026,6,יום חול,3500,,406,09:59:00,,,to_tlv
2026,6,יום חול,3900,,836,09:59:00,,,to_tlv
2026,6,יום חול,3700,,157,09:59:00,,,to_tlv
2026,6,יום חול,4690,,8632,09:59:00,,,from_tlv
2026,6,יום חול,4690,,632,09:59:00,,,from_tlv
2026,6,יום חול,5000,,908,09:59:00,,,from_tlv
2026,6,יום חול,8550,,30,09:59:00,,,from_tlv
2026,6,שישי,2300,,6069,09:59:00,,,from_tlv
2026,6,שישי,4900,,6230,09:59:00,,,to_tlv
2026,6,יום חול,8600,,728,09:59:00,,,from_tlv
2026,6,שישי,8600,,6732,09:59:00,,,from_tlv
2026,6,יום חול,1220,,404,10:00:00,,,to_tlv
2026,6,יום חול,1280,,68,10:00:00,,,to_tlv
2026,6,יום חול,2100,,106,10:00:00,,,to_tlv
2026,6,יום חול,3600,,8630,10:00:00,,,to_tlv
2026,6,יום חול,3600,,630,10:00:00,,,to_tlv
2026,6,יום חול,3600,,731,10:00:00,,,to_tlv
2026,6,יום חול,3700,,238,10:00:00,,,to_tlv
2026,6,יום חול,4900,,315,10:00:00,,,to_tlv
2026,6,יום חול,6150,,25,10:00:00,,,to_tlv
2026,6,יום חול,5900,,242,10:00:00,,,from_tlv
2026,6,שישי,2800,,6228,10:00:00,,,to_tlv
2026,6,שישי,5300,,6227,10:00:00,,,to_tlv
2026,6,יום חול,1240,,73,10:01:00,,,from_tlv
2026,6,יום חול,2100,,29,10:01:00,,,from_tlv
2026,6,יום חול,3300,,236,10:01:00,,,to_tlv
2026,6,יום חול,2960,,8628,10:01:00,,,to_tlv
2026,6,יום חול,2800,,158,10:01:00,,,to_tlv
2026,6,יום חול,2960,,628,10:01:00,,,to_tlv
2026,6,יום חול,3600,,108,10:01:00,,,to_tlv
2026,6,יום חול,5200,,233,10:01:00,,,to_tlv
2026,6,שישי,4250,,8621,10:01:00,,,from_tlv
2026,6,שישי,4100,,6624,10:01:00,,,to_tlv
2026,6,שישי,4100,,8624,10:01:00,,,to_tlv
2026,6,שישי,9100,,6908,10:01:00,,,from_tlv
2026,6,שישי,3300,,6229,10:01:00,,,from_tlv
2026,6,שישי,4250,,6621,10:01:00,,,from_tlv
2026,6,שישי,2200,,6031,10:01:00,,,from_tlv
2026,6,יום חול,3310,,237,10:02:00,,,from_tlv
2026,6,יום חול,3600,,629,10:02:00,,,to_tlv
2026,6,יום חול,3900,,841,10:02:00,,,to_tlv
2026,6,יום חול,4680,,8632,10:02:00,,,from_tlv
2026,6,יום חול,4250,,317,10:02:00,,,from_tlv
2026,6,יום חול,4680,,632,10:02:00,,,from_tlv
2026,6,יום חול,9200,,8631,10:02:00,,,from_tlv
2026,6,יום חול,5200,,233,10:02:00,,,to_tlv
2026,6,יום חול,9200,,631,10:02:00,,,from_tlv
2026,6,שישי,700,,6024,10:02:00,,,to_tlv
2026,6,שישי,1840,,6449,10:02:00,,,from_tlv
2026,6,שישי,7320,,6025,10:02:00,,,to_tlv
2026,6,שישי,3500,,6029,10:02:00,,,from_tlv
2026,6,יום חול,1220,,449,10:03:00,,,from_tlv
2026,6,יום חול,2200,,448,10:03:00,,,to_tlv
2026,6,יום חול,2300,,70,10:03:00,,,to_tlv
2026,6,יום חול,2300,,159,10:03:00,,,from_tlv
2026,6,יום חול,3500,,726,10:03:00,,,to_tlv
2026,6,יום חול,3500,,319,10:03:00,,,from_tlv
2026,6,יום חול,4900,,235,10:03:00,,,to_tlv
2026,6,שישי,3400,,6506,10:03:00,,,to_tlv
2026,6,שישי,5800,,6626,10:03:00,,,from_tlv
2026,6,יום חול,9000,,627,10:03:00,,,to_tlv
2026,6,שישי,5900,,6232,10:03:00,,,from_tlv
2026,6,שישי,7320,,6628,10:03:00,,,from_tlv
2026,6,שישי,4900,,6509,10:03:00,,,to_tlv
2026,6,שישי,7300,,6617,10:03:00,,,to_tlv
2026,6,יום חול,1500,,156,10:04:00,,,to_tlv
2026,6,יום חול,3500,,963,10:04:00,,,from_tlv
2026,6,יום חול,4100,,630,10:04:00,,,to_tlv
2026,6,יום חול,4600,,157,10:04:00,,,to_tlv
2026,6,יום חול,5000,,240,10:04:00,,,from_tlv
2026,6,יום חול,5000,,407,10:04:00,,,to_tlv
2026,6,יום חול,5900,,634,10:04:00,,,from_tlv
2026,6,יום חול,5900,,625,10:04:00,,,to_tlv
2026,6,יום חול,5900,,634,10:04:00,,,from_tlv
2026,6,שישי,1220,,6446,10:04:00,,,to_tlv
2026,6,שישי,4600,,6230,10:04:00,,,to_tlv
2026,6,שישי,5000,,6028,10:04:00,,,from_tlv
2026,6,יום חול,8800,,839,10:04:00,,,from_tlv
2026,6,שישי,2800,,6026,10:04:00,,,to_tlv
2026,6,יום חול,300,,107,10:05:00,,,from_tlv
2026,6,יום חול,1400,,111,10:05:00,,,from_tlv
2026,6,יום חול,3600,,27,10:05:00,,,to_tlv
2026,6,יום חול,3400,,237,10:05:00,,,from_tlv
2026,6,יום חול,2940,,628,10:05:00,,,to_tlv
2026,6,יום חול,2940,,8628,10:05:00,,,to_tlv
2026,6,יום חול,3600,,238,10:05:00,,,to_tlv
2026,6,יום חול,3700,,731,10:05:00,,,to_tlv
2026,6,יום חול,4640,,315,10:05:00,,,to_tlv
2026,6,יום חול,4900,,28,10:05:00,,,to_tlv
2026,6,יום חול,5150,,509,10:05:00,,,to_tlv
2026,6,יום חול,8700,,631,10:05:00,,,from_tlv
2026,6,יום חול,8700,,8631,10:05:00,,,from_tlv
2026,6,שישי,1400,,6024,10:05:00,,,to_tlv
2026,6,יום חול,9000,,8627,10:05:00,,,to_tlv
2026,6,שישי,5200,,6227,10:05:00,,,to_tlv
2026,6,שישי,5800,,8626,10:05:00,,,from_tlv
2026,6,יום חול,8600,,160,10:05:00,,,from_tlv
2026,6,שישי,8550,,6030,10:05:00,,,from_tlv
2026,6,יום חול,9000,,627,10:05:00,,,to_tlv
2026,6,יום חול,400,,559,10:06:00,,,to_tlv
2026,6,יום חול,2200,,29,10:06:00,,,from_tlv
2026,6,יום חול,4100,,8630,10:06:00,,,to_tlv
2026,6,יום חול,4100,,630,10:06:00,,,to_tlv
2026,6,יום חול,7320,,405,10:06:00,,,to_tlv
2026,6,שישי,4170,,6621,10:06:00,,,from_tlv
2026,6,שישי,4170,,6624,10:06:00,,,to_tlv
2026,6,שישי,3310,,6229,10:06:00,,,from_tlv
2026,6,שישי,4170,,8621,10:06:00,,,from_tlv
2026,6,שישי,4170,,8624,10:06:00,,,to_tlv
2026,6,יום חול,1400,,404,10:07:00,,,to_tlv
2026,6,יום חול,2100,,448,10:07:00,,,to_tlv
2026,6,יום חול,2800,,239,10:07:00,,,from_tlv
2026,6,יום חול,4310,,838,10:07:00,,,to_tlv
2026,6,יום חול,4660,,8632,10:07:00,,,from_tlv
2026,6,יום חול,4170,,317,10:07:00,,,from_tlv
2026,6,יום חול,3700,,629,10:07:00,,,to_tlv
2026,6,יום חול,4660,,632,10:07:00,,,from_tlv
2026,6,שישי,8600,,6129,10:07:00,,,to_tlv
2026,6,יום חול,1220,,106,10:08:00,,,to_tlv
2026,6,יום חול,700,,111,10:08:00,,,from_tlv
2026,6,יום חול,2940,,319,10:08:00,,,from_tlv
2026,6,יום חול,3100,,409,10:08:00,,,from_tlv
2026,6,יום חול,5010,,510,10:08:00,,,from_tlv
2026,6,יום חול,4660,,315,10:08:00,,,to_tlv
2026,6,יום חול,5800,,242,10:08:00,,,from_tlv
2026,6,שישי,5800,,6619,10:08:00,,,to_tlv
2026,6,שישי,2300,,6031,10:08:00,,,from_tlv
2026,6,שישי,5800,,8619,10:08:00,,,to_tlv
2026,6,שישי,6150,,6027,10:08:00,,,to_tlv
2026,6,יום חול,680,,730,10:09:00,,,to_tlv
2026,6,יום חול,2200,,70,10:09:00,,,to_tlv
2026,6,יום חול,4170,,630,10:09:00,,,to_tlv
2026,6,יום חול,4600,,731,10:09:00,,,to_tlv
2026,6,יום חול,5150,,240,10:09:00,,,from_tlv
2026,6,יום חול,4900,,157,10:09:00,,,to_tlv
2026,6,שישי,1240,,6070,10:09:00,,,to_tlv
2026,6,שישי,3400,,6229,10:09:00,,,from_tlv
2026,6,שישי,1300,,6446,10:09:00,,,to_tlv
2026,6,שישי,7300,,6833,10:09:00,,,to_tlv
2026,6,שישי,3700,,6230,10:09:00,,,to_tlv
2026,6,יום חול,3100,,236,10:10:00,,,to_tlv
2026,6,יום חול,3700,,27,10:10:00,,,to_tlv
2026,6,יום חול,4600,,28,10:10:00,,,to_tlv
2026,6,יום חול,4900,,728,10:10:00,,,to_tlv
2026,6,יום חול,5410,,233,10:10:00,,,to_tlv
2026,6,שישי,7300,,6628,10:10:00,,,from_tlv
2026,6,יום חול,5800,,242,10:10:00,,,from_tlv
2026,6,שישי,680,,6549,10:10:00,,,to_tlv
2026,6,שישי,2500,,6069,10:10:00,,,from_tlv
2026,6,שישי,1820,,6449,10:10:00,,,from_tlv
2026,6,שישי,4900,,6732,10:10:00,,,to_tlv
2026,6,שישי,3600,,6029,10:10:00,,,to_tlv
2026,6,יום חול,1230,,73,10:11:00,,,from_tlv
2026,6,יום חול,2820,,239,10:11:00,,,from_tlv
2026,6,יום חול,2100,,449,10:11:00,,,from_tlv
2026,6,יום חול,3500,,8628,10:11:00,,,to_tlv
2026,6,יום חול,3600,,963,10:11:00,,,to_tlv
2026,6,יום חול,3500,,628,10:11:00,,,to_tlv
2026,6,יום חול,4600,,629,10:11:00,,,to_tlv
2026,6,יום חול,4170,,8630,10:11:00,,,to_tlv
2026,6,יום חול,4170,,630,10:11:00,,,to_tlv
2026,6,יום חול,4640,,632,10:11:00,,,from_tlv
2026,6,יום חול,4640,,8632,10:11:00,,,from_tlv
2026,6,יום חול,5000,,509,10:11:00,,,to_tlv
2026,6,יום חול,5410,,233,10:11:00,,,to_tlv
2026,6,יום חול,8800,,8631,10:11:00,,,from_tlv
2026,6,יום חול,8800,,631,10:11:00,,,from_tlv
2026,6,שישי,5010,,6508,10:11:00,,,from_tlv
2026,6,שישי,400,,6128,10:11:00,,,from_tlv
2026,6,שישי,4100,,6621,10:11:00,,,from_tlv
2026,6,שישי,4250,,6624,10:11:00,,,to_tlv
2026,6,שישי,5000,,6908,10:11:00,,,from_tlv
2026,6,שישי,4250,,8624,10:11:00,,,to_tlv
2026,6,שישי,5800,,6232,10:11:00,,,from_tlv
2026,6,שישי,4100,,8621,10:11:00,,,from_tlv
2026,6,יום חול,1300,,111,10:12:00,,,to_tlv
2026,6,יום חול,2300,,29,10:12:00,,,from_tlv
2026,6,יום חול,1400,,411,10:12:00,,,from_tlv
2026,6,יום חול,2300,,26,10:12:00,,,to_tlv
2026,6,יום חול,4100,,317,10:12:00,,,from_tlv
2026,6,יום חול,4680,,315,10:12:00,,,to_tlv
2026,6,יום חול,4800,,235,10:12:00,,,to_tlv
2026,6,יום חול,7000,,25,10:12:00,,,to_tlv
2026,6,יום חול,7300,,623,10:12:00,,,to_tlv
2026,6,יום חול,7320,,638,10:12:00,,,from_tlv
2026,6,שישי,3300,,6506,10:12:00,,,to_tlv
2026,6,שישי,7320,,6617,10:12:00,,,to_tlv
2026,6,שישי,1260,,6071,10:12:00,,,from_tlv
2026,6,יום חול,300,,559,10:13:00,,,from_tlv
2026,6,יום חול,1300,,106,10:13:00,,,to_tlv
2026,6,יום חול,2500,,159,10:13:00,,,from_tlv
2026,6,יום חול,2100,,70,10:13:00,,,to_tlv
2026,6,יום חול,1600,,156,10:13:00,,,to_tlv
2026,6,יום חול,3500,,238,10:13:00,,,to_tlv
2026,6,יום חול,2960,,319,10:13:00,,,from_tlv
2026,6,יום חול,3500,,237,10:13:00,,,from_tlv
2026,6,יום חול,4800,,240,10:13:00,,,from_tlv
2026,6,יום חול,5000,,510,10:13:00,,,from_tlv
2026,6,יום חול,5800,,634,10:13:00,,,from_tlv
2026,6,שישי,700,,6446,10:13:00,,,to_tlv
2026,6,שישי,5800,,6232,10:13:00,,,from_tlv
2026,6,יום חול,400,,107,10:14:00,,,to_tlv
2026,6,יום חול,2500,,158,10:14:00,,,to_tlv
2026,6,יום חול,4300,,838,10:14:00,,,to_tlv
2026,6,יום חול,4250,,630,10:14:00,,,to_tlv
2026,6,יום חול,5800,,627,10:14:00,,,to_tlv
2026,6,שישי,9000,,6626,10:14:00,,,from_tlv
2026,6,שישי,3600,,6230,10:14:00,,,to_tlv
2026,6,שישי,5150,,6509,10:14:00,,,to_tlv
2026,6,שישי,5410,,6227,10:14:00,,,to_tlv
2026,6,שישי,9000,,8626,10:14:00,,,from_tlv
2026,6,יום חול,700,,411,10:15:00,,,from_tlv
2026,6,יום חול,1220,,448,10:15:00,,,to_tlv
2026,6,יום חול,1600,,161,10:15:00,,,from_tlv
2026,6,יום חול,3700,,28,10:15:00,,,to_tlv
2026,6,יום חול,4600,,27,10:15:00,,,to_tlv
2026,6,יום חול,4300,,841,10:15:00,,,to_tlv
2026,6,יום חול,4900,,629,10:15:00,,,to_tlv
2026,6,יום חול,4900,,731,10:15:00,,,to_tlv
2026,6,יום חול,4600,,728,10:15:00,,,to_tlv
2026,6,יום חול,4900,,632,10:15:00,,,to_tlv
2026,6,יום חול,5800,,8634,10:15:00,,,from_tlv
2026,6,יום חול,7000,,30,10:15:00,,,from_tlv
2026,6,יום חול,4900,,8632,10:15:00,,,to_tlv
2026,6,שישי,3700,,6029,10:15:00,,,to_tlv
2026,6,שישי,4600,,6732,10:15:00,,,to_tlv
2026,6,יום חול,300,,558,10:16:00,,,to_tlv
2026,6,יום חול,2200,,449,10:16:00,,,from_tlv
2026,6,יום חול,4690,,315,10:16:00,,,to_tlv
2026,6,יום חול,3700,,963,10:16:00,,,to_tlv
2026,6,יום חול,4250,,630,10:16:00,,,to_tlv
2026,6,יום חול,4250,,8630,10:16:00,,,to_tlv
2026,6,יום חול,5000,,909,10:16:00,,,to_tlv
2026,6,יום חול,4900,,160,10:16:00,,,to_tlv
2026,6,יום חול,5800,,8627,10:16:00,,,to_tlv
2026,6,יום חול,5800,,627,10:16:00,,,to_tlv
2026,6,יום חול,5010,,509,10:16:00,,,to_tlv
2026,6,שישי,1400,,6446,10:16:00,,,to_tlv
2026,6,שישי,1600,,6033,10:16:00,,,from_tlv
2026,6,שישי,3600,,6621,10:16:00,,,to_tlv
2026,6,שישי,1500,,6024,10:16:00,,,to_tlv
2026,6,שישי,5000,,6508,10:16:00,,,from_tlv
2026,6,שישי,3600,,8621,10:16:00,,,to_tlv
2026,6,יום חול,1220,,111,10:17:00,,,from_tlv
2026,6,יום חול,700,,106,10:17:00,,,to_tlv
2026,6,יום חול,3100,,239,10:17:00,,,from_tlv
2026,6,יום חול,3600,,317,10:17:00,,,to_tlv
2026,6,יום חול,4250,,631,10:17:00,,,from_tlv
2026,6,יום חול,4250,,8631,10:17:00,,,from_tlv
2026,6,יום חול,7500,,996,10:17:00,,,from_tlv
2026,6,יום חול,7500,,836,10:17:00,,,from_tlv
2026,6,שישי,300,,6128,10:17:00,,,to_tlv
2026,6,יום חול,9200,,319,10:17:00,,,from_tlv
2026,6,שישי,3500,,6229,10:17:00,,,from_tlv
2026,6,שישי,4900,,6028,10:17:00,,,to_tlv
2026,6,שישי,8800,,6624,10:17:00,,,to_tlv
2026,6,שישי,8800,,8624,10:17:00,,,to_tlv
2026,6,יום חול,400,,110,10:18:00,,,from_tlv
2026,6,יום חול,2100,,73,10:18:00,,,from_tlv
2026,6,יום חול,2820,,236,10:18:00,,,to_tlv
2026,6,יום חול,3100,,406,10:18:00,,,to_tlv
2026,6,יום חול,5410,,242,10:18:00,,,from_tlv
2026,6,שישי,1250,,6070,10:18:00,,,to_tlv
2026,6,שישי,5900,,6619,10:18:00,,,to_tlv
2026,6,יום חול,1300,,411,10:19:00,,,to_tlv
2026,6,יום חול,2200,,26,10:19:00,,,to_tlv
2026,6,יום חול,3500,,633,10:19:00,,,from_tlv
2026,6,יום חול,3600,,237,10:19:00,,,to_tlv
2026,6,יום חול,5000,,235,10:19:00,,,to_tlv
2026,6,יום חול,5150,,510,10:19:00,,,from_tlv
2026,6,יום חול,8800,,630,10:19:00,,,to_tlv
2026,6,יום חול,5800,,233,10:19:00,,,to_tlv
2026,6,יום חול,7300,,638,10:19:00,,,from_tlv
2026,6,יום חול,9800,,315,10:19:00,,,to_tlv
2026,6,יום חול,1300,,448,10:20:00,,,to_tlv
2026,6,יום חול,1230,,70,10:20:00,,,to_tlv
2026,6,יום חול,1400,,106,10:20:00,,,to_tlv
2026,6,יום חול,1820,,404,10:20:00,,,to_tlv
2026,6,יום חול,3700,,728,10:20:00,,,to_tlv
2026,6,יום חול,4600,,8632,10:20:00,,,to_tlv
2026,6,יום חול,4640,,629,10:20:00,,,to_tlv
2026,6,יום חול,4600,,632,10:20:00,,,to_tlv
2026,6,יום חול,4900,,27,10:20:00,,,to_tlv
2026,6,יום חול,8600,,157,10:20:00,,,to_tlv
2026,6,יום חול,5800,,233,10:20:00,,,to_tlv
2026,6,יום חול,5800,,233,10:20:00,,,to_tlv
2026,6,יום חול,8700,,319,10:20:00,,,from_tlv
2026,6,שישי,5000,,6509,10:20:00,,,to_tlv
2026,6,שישי,2500,,6026,10:20:00,,,to_tlv
2026,6,שישי,1250,,6071,10:20:00,,,from_tlv
2026,6,שישי,4600,,6029,10:20:00,,,to_tlv
2026,6,שישי,2500,,6031,10:20:00,,,from_tlv
2026,6,שישי,3700,,6732,10:20:00,,,to_tlv
2026,6,שישי,5900,,6619,10:20:00,,,to_tlv
2026,6,יום חול,4600,,160,10:21:00,,,to_tlv
2026,6,יום חול,4900,,240,10:21:00,,,to_tlv
2026,6,יום חול,4600,,963,10:21:00,,,to_tlv
2026,6,יום חול,7320,,623,10:21:00,,,to_tlv
2026,6,יום חול,8800,,8630,10:21:00,,,to_tlv
2026,6,יום חול,8800,,630,10:21:00,,,to_tlv
2026,6,שישי,3700,,6621,10:21:00,,,to_tlv
2026,6,שישי,3500,,6230,10:21:00,,,to_tlv
2026,6,שישי,300,,6129,10:21:00,,,from_tlv
2026,6,שישי,3700,,8621,10:21:00,,,to_tlv
2026,6,יום חול,1500,,161,10:22:00,,,from_tlv
2026,6,יום חול,680,,729,10:22:00,,,to_tlv
2026,6,יום חול,3400,,238,10:22:00,,,to_tlv
2026,6,יום חול,4170,,631,10:22:00,,,from_tlv
2026,6,יום חול,4310,,841,10:22:00,,,to_tlv
2026,6,יום חול,3700,,317,10:22:00,,,to_tlv
2026,6,יום חול,4170,,8631,10:22:00,,,from_tlv
2026,6,שישי,9800,,6626,10:22:00,,,from_tlv
2026,6,שישי,1400,,6449,10:22:00,,,from_tlv
2026,6,שישי,680,,6731,10:22:00,,,to_tlv
2026,6,שישי,7000,,6027,10:22:00,,,to_tlv
2026,6,שישי,5150,,6508,10:22:00,,,from_tlv
2026,6,שישי,9800,,8626,10:22:00,,,from_tlv
2026,6,שישי,4600,,6028,10:22:00,,,to_tlv
2026,6,שישי,7000,,6030,10:22:00,,,from_tlv
2026,6,יום חול,1220,,411,10:23:00,,,from_tlv
2026,6,יום חול,2800,,236,10:23:00,,,to_tlv
2026,6,יום חול,2200,,73,10:23:00,,,from_tlv
2026,6,יום חול,2100,,26,10:23:00,,,to_tlv
2026,6,יום חול,3700,,8632,10:23:00,,,to_tlv
2026,6,יום חול,3700,,632,10:23:00,,,to_tlv
2026,6,יום חול,4660,,629,10:23:00,,,to_tlv
2026,6,שישי,3600,,6229,10:23:00,,,to_tlv
2026,6,שישי,8700,,8624,10:23:00,,,to_tlv
2026,6,שישי,5410,,6232,10:23:00,,,from_tlv
2026,6,שישי,8700,,6624,10:23:00,,,to_tlv
2026,6,יום חול,300,,110,10:24:00,,,to_tlv
2026,6,יום חול,400,,558,10:24:00,,,from_tlv
2026,6,יום חול,700,,448,10:24:00,,,to_tlv
2026,6,יום חול,2300,,158,10:24:00,,,to_tlv
2026,6,יום חול,2300,,449,10:24:00,,,from_tlv
2026,6,יום חול,3500,,733,10:24:00,,,from_tlv
2026,6,יום חול,2940,,633,10:24:00,,,from_tlv
2026,6,יום חול,3700,,237,10:24:00,,,to_tlv
2026,6,יום חול,3600,,109,10:24:00,,,to_tlv
2026,6,יום חול,5900,,627,10:24:00,,,to_tlv
2026,6,יום חול,5200,,242,10:24:00,,,from_tlv
2026,6,שישי,5800,,6227,10:24:00,,,to_tlv
2026,6,שישי,5800,,6227,10:24:00,,,to_tlv
2026,6,יום חול,9000,,8634,10:24:00,,,from_tlv
2026,6,שישי,3500,,6735,10:24:00,,,from_tlv
2026,6,יום חול,9000,,634,10:24:00,,,from_tlv
2026,6,שישי,9700,,6628,10:24:00,,,from_tlv
2026,6,יום חול,2100,,111,10:25:00,,,from_tlv
2026,6,יום חול,3600,,728,10:25:00,,,to_tlv
2026,6,יום חול,8700,,630,10:25:00,,,to_tlv
2026,6,יום חול,9100,,909,10:25:00,,,to_tlv
2026,6,שישי,1500,,6033,10:25:00,,,from_tlv
2026,6,שישי,4600,,6621,10:25:00,,,to_tlv
2026,6,שישי,3600,,6732,10:25:00,,,to_tlv
2026,6,שישי,4600,,8621,10:25:00,,,to_tlv
2026,6,שישי,700,,6449,10:25:00,,,from_tlv
2026,6,יום חול,2800,,159,10:26:00,,,from_tlv
2026,6,יום חול,3310,,238,10:26:00,,,to_tlv
2026,6,יום חול,3700,,160,10:26:00,,,to_tlv
2026,6,יום חול,4600,,240,10:26:00,,,to_tlv
2026,6,יום חול,4900,,963,10:26:00,,,to_tlv
2026,6,יום חול,4600,,317,10:26:00,,,to_tlv
2026,6,יום חול,5300,,235,10:26:00,,,to_tlv
2026,6,יום חול,5900,,636,10:26:00,,,from_tlv
2026,6,יום חול,5900,,627,10:26:00,,,to_tlv
2026,6,יום חול,8600,,731,10:26:00,,,to_tlv
2026,6,יום חול,8800,,319,10:26:00,,,from_tlv
2026,6,שישי,4690,,8626,10:26:00,,,from_tlv
2026,6,שישי,4900,,6029,10:26:00,,,to_tlv
2026,6,שישי,5010,,6509,10:26:00,,,to_tlv
2026,6,שישי,4690,,6626,10:26:00,,,from_tlv
2026,6,יום חול,1400,,448,10:27:00,,,to_tlv
2026,6,יום חול,3500,,409,10:27:00,,,from_tlv
2026,6,יום חול,3300,,239,10:27:00,,,from_tlv
2026,6,יום חול,4100,,631,10:27:00,,,from_tlv
2026,6,יום חול,4100,,8631,10:27:00,,,from_tlv
2026,6,יום חול,4680,,629,10:27:00,,,to_tlv
2026,6,יום חול,6150,,30,10:27:00,,,from_tlv
2026,6,יום חול,8700,,8630,10:27:00,,,to_tlv
2026,6,יום חול,8700,,630,10:27:00,,,to_tlv
2026,6,שישי,3300,,6511,10:27:00,,,from_tlv
2026,6,שישי,9200,,8624,10:27:00,,,to_tlv
2026,6,יום חול,8800,,840,10:27:00,,,to_tlv
2026,6,שישי,3700,,6028,10:27:00,,,to_tlv
2026,6,שישי,9200,,6624,10:27:00,,,to_tlv
2026,6,יום חול,2960,,633,10:28:00,,,from_tlv
2026,6,יום חול,3600,,632,10:28:00,,,to_tlv
2026,6,יום חול,3600,,8632,10:28:00,,,to_tlv
2026,6,יום חול,4600,,237,10:28:00,,,to_tlv
2026,6,יום חול,5900,,627,10:28:00,,,to_tlv
2026,6,שישי,1600,,6024,10:28:00,,,to_tlv
2026,6,יום חול,9200,,630,10:28:00,,,to_tlv
2026,6,שישי,8600,,6128,10:28:00,,,from_tlv
2026,6,שישי,3700,,6229,10:28:00,,,to_tlv
2026,6,שישי,1260,,6070,10:28:00,,,to_tlv
2026,6,יום חול,9000,,315,10:28:00,,,to_tlv
2026,6,יום חול,1500,,106,10:29:00,,,to_tlv
2026,6,יום חול,2300,,73,10:29:00,,,from_tlv
2026,6,יום חול,3900,,838,10:29:00,,,to_tlv
2026,6,יום חול,3700,,109,10:29:00,,,to_tlv
2026,6,יום חול,4900,,510,10:29:00,,,to_tlv
2026,6,יום חול,8600,,730,10:29:00,,,from_tlv
2026,6,יום חול,7000,,407,10:29:00,,,to_tlv
2026,6,יום חול,5900,,233,10:29:00,,,to_tlv
2026,6,שישי,680,,6550,10:29:00,,,to_tlv
2026,6,שישי,1300,,6449,10:29:00,,,to_tlv
2026,6,שישי,400,,6129,10:29:00,,,to_tlv
2026,6,שישי,3400,,6230,10:29:00,,,to_tlv
2026,6,שישי,4680,,8626,10:29:00,,,from_tlv
2026,6,שישי,4680,,6626,10:29:00,,,from_tlv
2026,6,שישי,1240,,6071,10:29:00,,,from_tlv
2026,6,שישי,1820,,6446,10:29:00,,,to_tlv
2026,6,יום חול,1240,,70,10:30:00,,,to_tlv
2026,6,יום חול,2200,,111,10:30:00,,,from_tlv
2026,6,יום חול,3700,,240,10:30:00,,,to_tlv
2026,6,יום חול,3600,,733,10:30:00,,,to_tlv
2026,6,יום חול,4900,,317,10:30:00,,,to_tlv
2026,6,יום חול,5300,,242,10:30:00,,,from_tlv
2026,6,יום חול,5900,,233,10:30:00,,,to_tlv
2026,6,שישי,4900,,8621,10:30:00,,,to_tlv
2026,6,יום חול,9200,,630,10:30:00,,,to_tlv
2026,6,יום חול,9200,,8630,10:30:00,,,to_tlv
2026,6,שישי,2960,,8624,10:30:00,,,to_tlv
2026,6,שישי,2960,,6624,10:30:00,,,to_tlv
2026,6,שישי,2500,,6072,10:30:00,,,to_tlv
2026,6,שישי,3600,,6735,10:30:00,,,to_tlv
2026,6,שישי,9600,,6619,10:30:00,,,to_tlv
2026,6,שישי,2300,,6026,10:30:00,,,to_tlv
2026,6,שישי,4900,,6621,10:30:00,,,to_tlv
2026,6,יום חול,1280,,75,10:31:00,,,from_tlv
2026,6,יום חול,1220,,26,10:31:00,,,to_tlv
2026,6,יום חול,2800,,108,10:31:00,,,to_tlv
2026,6,יום חול,2200,,158,10:31:00,,,to_tlv
2026,6,יום חול,2960,,630,10:31:00,,,to_tlv
2026,6,יום חול,3300,,238,10:31:00,,,to_tlv
2026,6,יום חול,3600,,160,10:31:00,,,to_tlv
2026,6,יום חול,4690,,629,10:31:00,,,to_tlv
2026,6,יום חול,5200,,235,10:31:00,,,to_tlv
2026,6,יום חול,8550,,25,10:31:00,,,to_tlv
2026,6,שישי,5200,,6232,10:31:00,,,from_tlv
2026,6,יום חול,1400,,161,10:32:00,,,from_tlv
2026,6,יום חול,3310,,239,10:32:00,,,from_tlv
2026,6,יום חול,3600,,631,10:32:00,,,to_tlv
2026,6,יום חול,3600,,8631,10:32:00,,,to_tlv
2026,6,יום חול,3900,,843,10:32:00,,,to_tlv
2026,6,יום חול,4250,,319,10:32:00,,,from_tlv
2026,6,יום חול,9200,,633,10:32:00,,,from_tlv
2026,6,יום חול,9800,,8634,10:32:00,,,from_tlv
2026,6,יום חול,9800,,634,10:32:00,,,from_tlv
2026,6,שישי,4900,,6508,10:32:00,,,to_tlv
2026,6,שישי,3600,,6028,10:32:00,,,to_tlv
2026,6,שישי,4600,,6229,10:32:00,,,to_tlv
2026,6,יום חול,1840,,404,10:33:00,,,to_tlv
2026,6,יום חול,2960,,630,10:33:00,,,to_tlv
2026,6,יום חול,3500,,728,10:33:00,,,to_tlv
2026,6,יום חול,2960,,8630,10:33:00,,,to_tlv
2026,6,יום חול,4900,,237,10:33:00,,,to_tlv
2026,6,יום חול,9700,,638,10:33:00,,,from_tlv
2026,6,שישי,3400,,6511,10:33:00,,,from_tlv
2026,6,שישי,3310,,6230,10:33:00,,,to_tlv
2026,6,שישי,1220,,6449,10:33:00,,,from_tlv
2026,6,שישי,7500,,6833,10:33:00,,,to_tlv
2026,6,שישי,9650,,6628,10:33:00,,,from_tlv
2026,6,שישי,3500,,6623,10:33:00,,,from_tlv
2026,6,שישי,3500,,8623,10:33:00,,,from_tlv
2026,6,יום חול,1840,,451,10:34:00,,,from_tlv
2026,6,יום חול,4100,,632,10:34:00,,,to_tlv
2026,6,יום חול,4600,,510,10:34:00,,,to_tlv
2026,6,יום חול,4100,,8632,10:34:00,,,to_tlv
2026,6,יום חול,4600,,109,10:34:00,,,to_tlv
2026,6,יום חול,5800,,636,10:34:00,,,from_tlv
2026,6,יום חול,8800,,841,10:34:00,,,from_tlv
2026,6,יום חול,9800,,629,10:34:00,,,to_tlv
2026,6,שישי,4660,,6626,10:34:00,,,from_tlv
2026,6,שישי,3500,,6732,10:34:00,,,to_tlv
2026,6,שישי,4660,,8626,10:34:00,,,from_tlv
2026,6,יום חול,680,,559,10:35:00,,,to_tlv
2026,6,יום חול,700,,161,10:35:00,,,from_tlv
2026,6,יום חול,300,,157,10:35:00,,,from_tlv
2026,6,יום חול,2940,,630,10:35:00,,,to_tlv
2026,6,יום חול,2100,,158,10:35:00,,,to_tlv
2026,6,יום חול,3400,,239,10:35:00,,,from_tlv
2026,6,יום חול,3700,,733,10:35:00,,,to_tlv
2026,6,יום חול,3600,,409,10:35:00,,,to_tlv
2026,6,יום חול,3600,,240,10:35:00,,,to_tlv
2026,6,יום חול,4640,,317,10:35:00,,,to_tlv
2026,6,שישי,2940,,8624,10:35:00,,,to_tlv
2026,6,שישי,5900,,6227,10:35:00,,,to_tlv
2026,6,יום חול,8600,,110,10:35:00,,,from_tlv
2026,6,יום חול,8700,,633,10:35:00,,,from_tlv
2026,6,שישי,4640,,8621,10:35:00,,,to_tlv
2026,6,שישי,2940,,6624,10:35:00,,,to_tlv
2026,6,שישי,5000,,6909,10:35:00,,,to_tlv
2026,6,שישי,4640,,6621,10:35:00,,,to_tlv
2026,6,שישי,3700,,6735,10:35:00,,,to_tlv
2026,6,שישי,1400,,6033,10:35:00,,,from_tlv
2026,6,יום חול,2300,,111,10:36:00,,,from_tlv
2026,6,יום חול,5000,,27,10:36:00,,,to_tlv
2026,6,יום חול,4680,,8634,10:36:00,,,from_tlv
2026,6,יום חול,4680,,634,10:36:00,,,from_tlv
2026,6,יום חול,6900,,30,10:36:00,,,from_tlv
2026,6,יום חול,9600,,627,10:36:00,,,to_tlv
2026,6,יום חול,5000,,242,10:36:00,,,from_tlv
2026,6,יום חול,5800,,636,10:36:00,,,from_tlv
2026,6,שישי,2800,,6031,10:36:00,,,from_tlv
2026,6,יום חול,2940,,630,10:37:00,,,to_tlv
2026,6,יום חול,2800,,241,10:37:00,,,from_tlv
2026,6,יום חול,2940,,8630,10:37:00,,,to_tlv
2026,6,יום חול,3700,,631,10:37:00,,,to_tlv
2026,6,יום חול,3700,,8631,10:37:00,,,to_tlv
2026,6,יום חול,4170,,319,10:37:00,,,from_tlv
2026,6,יום חול,4310,,840,10:37:00,,,to_tlv
2026,6,יום חול,5150,,963,10:37:00,,,to_tlv
2026,6,יום חול,6300,,509,10:37:00,,,to_tlv
2026,6,שישי,5300,,6232,10:37:00,,,from_tlv
2026,6,שישי,4600,,6508,10:37:00,,,to_tlv
2026,6,שישי,6150,,6030,10:37:00,,,from_tlv
2026,6,שישי,4900,,6229,10:37:00,,,to_tlv
2026,6,יום חול,1250,,70,10:38:00,,,to_tlv
2026,6,יום חול,1400,,26,10:38:00,,,to_tlv
2026,6,יום חול,3700,,510,10:38:00,,,to_tlv
2026,6,יום חול,4660,,317,10:38:00,,,to_tlv
2026,6,שישי,2940,,8623,10:38:00,,,from_tlv
2026,6,שישי,2940,,6623,10:38:00,,,from_tlv
2026,6,יום חול,9600,,627,10:38:00,,,to_tlv
2026,6,שישי,3300,,6230,10:38:00,,,to_tlv
2026,6,שישי,4660,,6621,10:38:00,,,to_tlv
2026,6,שישי,4640,,8626,10:38:00,,,from_tlv
2026,6,שישי,4640,,6626,10:38:00,,,from_tlv
2026,6,שישי,4660,,8621,10:38:00,,,to_tlv
2026,6,יום חול,1300,,161,10:39:00,,,to_tlv
2026,6,יום חול,680,,732,10:39:00,,,to_tlv
2026,6,יום חול,2500,,73,10:39:00,,,from_tlv
2026,6,יום חול,1600,,106,10:39:00,,,to_tlv
2026,6,יום חול,4170,,632,10:39:00,,,to_tlv
2026,6,יום חול,4170,,8632,10:39:00,,,to_tlv
2026,6,יום חול,4600,,733,10:39:00,,,to_tlv
2026,6,יום חול,4900,,109,10:39:00,,,to_tlv
2026,6,יום חול,5800,,315,10:39:00,,,to_tlv
2026,6,שישי,2200,,6026,10:39:00,,,to_tlv
2026,6,שישי,680,,6736,10:39:00,,,to_tlv
2026,6,שישי,700,,6033,10:39:00,,,from_tlv
2026,6,שישי,2300,,6072,10:39:00,,,to_tlv
2026,6,שישי,4900,,6128,10:39:00,,,to_tlv
2026,6,שישי,9650,,6619,10:39:00,,,to_tlv
2026,6,שישי,4600,,6735,10:39:00,,,to_tlv
2026,6,יום חול,3100,,238,10:40:00,,,to_tlv
2026,6,יום חול,3700,,409,10:40:00,,,to_tlv
2026,6,יום חול,4660,,634,10:40:00,,,from_tlv
2026,6,יום חול,4660,,8634,10:40:00,,,from_tlv
2026,6,יום חול,4900,,730,10:40:00,,,to_tlv
2026,6,שישי,5000,,6029,10:40:00,,,to_tlv
2026,6,שישי,3500,,6028,10:40:00,,,to_tlv
2026,6,יום חול,2300,,406,10:41:00,,,to_tlv
2026,6,יום חול,2820,,241,10:41:00,,,from_tlv
2026,6,יום חול,1820,,451,10:41:00,,,from_tlv
2026,6,יום חול,3500,,630,10:41:00,,,to_tlv
2026,6,יום חול,4600,,631,10:41:00,,,to_tlv
2026,6,יום חול,4600,,8631,10:41:00,,,to_tlv
2026,6,יום חול,7300,,996,10:41:00,,,from_tlv
2026,6,יום חול,7300,,836,10:41:00,,,from_tlv
2026,6,יום חול,7320,,32,10:41:00,,,from_tlv
2026,6,יום חול,7300,,25,10:41:00,,,to_tlv
2026,6,יום חול,8800,,633,10:41:00,,,from_tlv
2026,6,שישי,1230,,6071,10:41:00,,,from_tlv
2026,6,שישי,2100,,6449,10:41:00,,,from_tlv
2026,6,שישי,2800,,6231,10:41:00,,,from_tlv
2026,6,יום חול,1820,,448,10:42:00,,,to_tlv
2026,6,יום חול,4100,,319,10:42:00,,,from_tlv
2026,6,יום חול,4800,,237,10:42:00,,,to_tlv
2026,6,יום חול,4680,,317,10:42:00,,,to_tlv
2026,6,יום חול,5010,,27,10:42:00,,,to_tlv
2026,6,יום חול,5000,,963,10:42:00,,,to_tlv
2026,6,שישי,4680,,8621,10:42:00,,,to_tlv
2026,6,שישי,4680,,6621,10:42:00,,,to_tlv
2026,6,שישי,3500,,6511,10:42:00,,,from_tlv
2026,6,שישי,4900,,8626,10:42:00,,,to_tlv
2026,6,שישי,9600,,6628,10:42:00,,,from_tlv
2026,6,שישי,3500,,8624,10:42:00,,,to_tlv
2026,6,שישי,3500,,6624,10:42:00,,,to_tlv
2026,6,שישי,3700,,6508,10:42:00,,,to_tlv
2026,6,שישי,1280,,6070,10:42:00,,,to_tlv
2026,6,שישי,4900,,6626,10:42:00,,,to_tlv
2026,6,יום חול,1220,,158,10:43:00,,,to_tlv
2026,6,יום חול,3500,,239,10:43:00,,,from_tlv
2026,6,יום חול,3500,,630,10:43:00,,,to_tlv
2026,6,יום חול,3500,,240,10:43:00,,,to_tlv
2026,6,יום חול,3500,,8630,10:43:00,,,to_tlv
2026,6,יום חול,4800,,242,10:43:00,,,from_tlv
2026,6,יום חול,9650,,638,10:43:00,,,from_tlv
2026,6,יום חול,9000,,629,10:43:00,,,to_tlv
2026,6,שישי,1300,,6033,10:43:00,,,to_tlv
2026,6,שישי,2960,,6623,10:43:00,,,from_tlv
2026,6,שישי,8550,,6027,10:43:00,,,to_tlv
2026,6,שישי,1840,,6446,10:43:00,,,to_tlv
2026,6,שישי,400,,6551,10:43:00,,,to_tlv
2026,6,שישי,2960,,8623,10:43:00,,,from_tlv
2026,6,יום חול,400,,157,10:44:00,,,to_tlv
2026,6,יום חול,1220,,161,10:44:00,,,from_tlv
2026,6,יום חול,4250,,632,10:44:00,,,to_tlv
2026,6,יום חול,4250,,8632,10:44:00,,,to_tlv
2026,6,יום חול,4300,,840,10:44:00,,,to_tlv
2026,6,שישי,2100,,6026,10:44:00,,,to_tlv
2026,6,שישי,5000,,6232,10:44:00,,,from_tlv
2026,6,שישי,4600,,6128,10:44:00,,,to_tlv
2026,6,שישי,9100,,6909,10:44:00,,,to_tlv
2026,6,יום חול,1260,,75,10:45:00,,,from_tlv
2026,6,יום חול,4600,,409,10:45:00,,,to_tlv
2026,6,יום חול,4600,,730,10:45:00,,,to_tlv
2026,6,יום חול,4300,,843,10:45:00,,,to_tlv
2026,6,יום חול,4900,,733,10:45:00,,,to_tlv
2026,6,יום חול,4900,,631,10:45:00,,,to_tlv
2026,6,יום חול,4900,,634,10:45:00,,,to_tlv
2026,6,יום חול,4900,,8631,10:45:00,,,to_tlv
2026,6,יום חול,4900,,8634,10:45:00,,,to_tlv
2026,6,יום חול,9000,,636,10:45:00,,,from_tlv
2026,6,שישי,2820,,6231,10:45:00,,,from_tlv
2026,6,שישי,4900,,6735,10:45:00,,,to_tlv
2026,6,יום חול,9650,,627,10:45:00,,,to_tlv
2026,6,שישי,300,,6550,10:45:00,,,to_tlv
2026,6,שישי,7320,,6032,10:45:00,,,from_tlv
2026,6,יום חול,4900,,110,10:46:00,,,to_tlv
2026,6,יום חול,4690,,317,10:46:00,,,to_tlv
2026,6,יום חול,5010,,30,10:46:00,,,from_tlv
2026,6,שישי,4800,,6229,10:46:00,,,to_tlv
2026,6,שישי,4690,,6621,10:46:00,,,to_tlv
2026,6,שישי,2300,,6448,10:46:00,,,to_tlv
2026,6,שישי,2200,,6449,10:46:00,,,from_tlv
2026,6,שישי,4690,,8621,10:46:00,,,to_tlv
2026,6,יום חול,1260,,70,10:47:00,,,to_tlv
2026,6,יום חול,3100,,241,10:47:00,,,from_tlv
2026,6,יום חול,3600,,319,10:47:00,,,to_tlv
2026,6,יום חול,4250,,633,10:47:00,,,from_tlv
2026,6,שישי,3600,,6508,10:47:00,,,to_tlv
2026,6,שישי,9200,,8623,10:47:00,,,from_tlv
2026,6,יום חול,8550,,407,10:47:00,,,to_tlv
2026,6,שישי,5010,,6029,10:47:00,,,to_tlv
2026,6,שישי,1220,,6033,10:47:00,,,from_tlv
2026,6,שישי,4600,,8626,10:47:00,,,to_tlv
2026,6,יום חול,9650,,627,10:47:00,,,to_tlv
2026,6,שישי,3700,,6131,10:47:00,,,to_tlv
2026,6,שישי,2200,,6072,10:47:00,,,to_tlv
2026,6,שישי,9200,,6623,10:47:00,,,from_tlv
2026,6,שישי,4600,,6626,10:47:00,,,to_tlv
2026,6,יום חול,1300,,158,10:48:00,,,to_tlv
2026,6,יום חול,400,,162,10:48:00,,,from_tlv
2026,6,יום חול,2200,,406,10:48:00,,,to_tlv
2026,6,יום חול,2820,,238,10:48:00,,,to_tlv
2026,6,יום חול,1600,,113,10:48:00,,,from_tlv
2026,6,יום חול,1500,,26,10:48:00,,,to_tlv
2026,6,יום חול,3700,,511,10:48:00,,,to_tlv
2026,6,יום חול,7300,,32,10:48:00,,,from_tlv
2026,6,שישי,3100,,6230,10:48:00,,,to_tlv
2026,6,שישי,2100,,6071,10:48:00,,,from_tlv
2026,6,שישי,6900,,6030,10:48:00,,,from_tlv
2026,6,שישי,9700,,6619,10:48:00,,,to_tlv
2026,6,יום חול,2300,,108,10:49:00,,,to_tlv
2026,6,יום חול,3500,,8635,10:49:00,,,from_tlv
2026,6,יום חול,3500,,635,10:49:00,,,from_tlv
2026,6,יום חול,3600,,239,10:49:00,,,to_tlv
2026,6,יום חול,6300,,512,10:49:00,,,from_tlv
2026,6,יום חול,5000,,237,10:49:00,,,to_tlv
2026,6,יום חול,8800,,8632,10:49:00,,,to_tlv
2026,6,יום חול,8800,,632,10:49:00,,,to_tlv
2026,6,שישי,300,,6551,10:49:00,,,from_tlv
2026,6,שישי,9800,,6621,10:49:00,,,to_tlv
2026,6,יום חול,9800,,317,10:49:00,,,to_tlv
2026,6,שישי,3600,,6511,10:49:00,,,to_tlv
2026,6,שישי,6300,,6509,10:49:00,,,to_tlv
2026,6,שישי,9800,,8621,10:49:00,,,to_tlv
2026,6,שישי,3700,,6128,10:49:00,,,to_tlv
2026,6,יום חול,4600,,511,10:50:00,,,to_tlv
2026,6,יום חול,4660,,631,10:50:00,,,to_tlv
2026,6,יום חול,4600,,8634,10:50:00,,,to_tlv
2026,6,יום חול,3700,,730,10:50:00,,,to_tlv
2026,6,יום חול,4600,,634,10:50:00,,,to_tlv
2026,6,יום חול,4900,,409,10:50:00,,,to_tlv
2026,6,יום חול,4660,,8631,10:50:00,,,to_tlv
2026,6,שישי,3700,,8626,10:50:00,,,to_tlv
2026,6,יום חול,9100,,910,10:50:00,,,from_tlv
2026,6,יום חול,7320,,25,10:50:00,,,to_tlv
2026,6,יום חול,8600,,109,10:50:00,,,to_tlv
2026,6,שישי,3700,,6626,10:50:00,,,to_tlv
2026,6,שישי,4600,,6131,10:50:00,,,to_tlv
2026,6,שישי,8700,,8623,10:50:00,,,from_tlv
2026,6,שישי,8700,,6623,10:50:00,,,from_tlv
2026,6,יום חול,4600,,110,10:51:00,,,to_tlv
2026,6,יום חול,4900,,242,10:51:00,,,to_tlv
2026,6,יום חול,5000,,30,10:51:00,,,from_tlv
2026,6,יום חול,6900,,27,10:51:00,,,to_tlv
2026,6,שישי,2100,,6072,10:51:00,,,to_tlv
2026,6,שישי,3100,,6231,10:51:00,,,from_tlv
2026,6,שישי,6300,,6510,10:51:00,,,from_tlv
2026,6,שישי,4800,,6232,10:51:00,,,from_tlv
2026,6,יום חול,1400,,451,10:52:00,,,from_tlv
2026,6,יום חול,680,,731,10:52:00,,,to_tlv
2026,6,יום חול,700,,158,10:52:00,,,to_tlv
2026,6,יום חול,2100,,406,10:52:00,,,to_tlv
2026,6,יום חול,2100,,161,10:52:00,,,from_tlv
2026,6,יום חול,3400,,240,10:52:00,,,to_tlv
2026,6,יום חול,3700,,319,10:52:00,,,to_tlv
2026,6,יום חול,4170,,633,10:52:00,,,from_tlv
2026,6,יום חול,4310,,843,10:52:00,,,to_tlv
2026,6,יום חול,4680,,631,10:52:00,,,to_tlv
2026,6,יום חול,4680,,8631,10:52:00,,,to_tlv
2026,6,שישי,2200,,6071,10:52:00,,,from_tlv
2026,6,שישי,2200,,6448,10:52:00,,,to_tlv
2026,6,יום חול,9600,,638,10:52:00,,,from_tlv
2026,6,שישי,400,,6550,10:52:00,,,from_tlv
2026,6,יום חול,2800,,238,10:53:00,,,to_tlv
2026,6,יום חול,3700,,8634,10:53:00,,,to_tlv
2026,6,יום חול,3700,,634,10:53:00,,,to_tlv
2026,6,יום חול,5200,,963,10:53:00,,,to_tlv
2026,6,שישי,1220,,6026,10:53:00,,,to_tlv
2026,6,שישי,5000,,6229,10:53:00,,,to_tlv
2026,6,שישי,5900,,6628,10:53:00,,,from_tlv
2026,6,שישי,7300,,6032,10:53:00,,,from_tlv
2026,6,שישי,7300,,6027,10:53:00,,,to_tlv
2026,6,שישי,5900,,6628,10:53:00,,,from_tlv
2026,6,יום חול,300,,162,10:54:00,,,to_tlv
2026,6,יום חול,1250,,75,10:54:00,,,from_tlv
2026,6,יום חול,2940,,635,10:54:00,,,from_tlv
2026,6,יום חול,2940,,8635,10:54:00,,,from_tlv
2026,6,יום חול,3600,,159,10:54:00,,,to_tlv
2026,6,יום חול,3500,,735,10:54:00,,,from_tlv
2026,6,יום חול,3700,,239,10:54:00,,,to_tlv
2026,6,יום חול,5800,,629,10:54:00,,,to_tlv
2026,6,יום חול,5200,,244,10:54:00,,,from_tlv
2026,6,יום חול,9700,,627,10:54:00,,,to_tlv
2026,6,יום חול,9800,,631,10:54:00,,,to_tlv
2026,6,יום חול,5800,,629,10:54:00,,,to_tlv
2026,6,שישי,3700,,6511,10:54:00,,,to_tlv
2026,6,שישי,2300,,6449,10:54:00,,,from_tlv
2026,6,יום חול,700,,451,10:55:00,,,from_tlv
2026,6,יום חול,1400,,158,10:55:00,,,to_tlv
2026,6,יום חול,1500,,113,10:55:00,,,from_tlv
2026,6,יום חול,2500,,72,10:55:00,,,to_tlv
2026,6,יום חול,3600,,730,10:55:00,,,to_tlv
2026,6,יום חול,4900,,511,10:55:00,,,to_tlv
2026,6,יום חול,8700,,8632,10:55:00,,,to_tlv
2026,6,יום חול,8700,,632,10:55:00,,,to_tlv
2026,6,שישי,2820,,6230,10:55:00,,,to_tlv
2026,6,שישי,3500,,6508,10:55:00,,,to_tlv
2026,6,שישי,3600,,8626,10:55:00,,,to_tlv
2026,6,שישי,3600,,6626,10:55:00,,,to_tlv
2026,6,יום חול,2200,,108,10:56:00,,,to_tlv
2026,6,יום חול,1840,,448,10:56:00,,,to_tlv
2026,6,יום חול,2800,,111,10:56:00,,,from_tlv
2026,6,יום חול,3310,,240,10:56:00,,,to_tlv
2026,6,יום חול,3700,,110,10:56:00,,,to_tlv
2026,6,יום חול,4600,,242,10:56:00,,,to_tlv
2026,6,יום חול,4600,,319,10:56:00,,,to_tlv
2026,6,יום חול,9800,,8631,10:56:00,,,to_tlv
2026,6,יום חול,8600,,733,10:56:00,,,to_tlv
2026,6,יום חול,9800,,631,10:56:00,,,to_tlv
2026,6,יום חול,9700,,627,10:56:00,,,to_tlv
2026,6,שישי,2100,,6448,10:56:00,,,to_tlv
2026,6,יום חול,9800,,636,10:56:00,,,from_tlv
2026,6,יום חול,5300,,237,10:56:00,,,to_tlv
2026,6,שישי,8800,,6623,10:56:00,,,from_tlv
2026,6,שישי,1280,,6073,10:56:00,,,from_tlv
2026,6,שישי,2100,,6033,10:56:00,,,from_tlv
2026,6,שישי,4900,,6131,10:56:00,,,to_tlv
2026,6,שישי,8800,,8623,10:56:00,,,from_tlv
2026,6,שישי,8600,,6735,10:56:00,,,to_tlv
2026,6,יום חול,2200,,161,10:57:00,,,from_tlv
2026,6,יום חול,2300,,450,10:57:00,,,to_tlv
2026,6,יום חול,3300,,241,10:57:00,,,from_tlv
2026,6,יום חול,3500,,29,10:57:00,,,from_tlv
2026,6,יום חול,4100,,633,10:57:00,,,from_tlv
2026,6,יום חול,7300,,407,10:57:00,,,to_tlv
2026,6,יום חול,8800,,842,10:57:00,,,to_tlv
2026,6,שישי,6900,,6029,10:57:00,,,to_tlv
2026,6,יום חול,1600,,26,10:58:00,,,to_tlv
2026,6,יום חול,2960,,8635,10:58:00,,,from_tlv
2026,6,יום חול,2960,,635,10:58:00,,,from_tlv
2026,6,יום חול,3600,,8634,10:58:00,,,to_tlv
2026,6,יום חול,4600,,239,10:58:00,,,to_tlv
2026,6,יום חול,3600,,634,10:58:00,,,to_tlv
2026,6,יום חול,9200,,8632,10:58:00,,,to_tlv
2026,6,שישי,1300,,6026,10:58:00,,,to_tlv
2026,6,יום חול,9200,,632,10:58:00,,,to_tlv
2026,6,שישי,1230,,6072,10:58:00,,,to_tlv
2026,6,שישי,4600,,6511,10:58:00,,,to_tlv
2026,6,יום חול,5300,,244,10:58:00,,,from_tlv
2026,6,שישי,9000,,8621,10:58:00,,,to_tlv
2026,6,שישי,5010,,6030,10:58:00,,,from_tlv
2026,6,שישי,9000,,6621,10:58:00,,,to_tlv
2026,6,יום חול,1300,,451,10:59:00,,,to_tlv
2026,6,יום חול,680,,562,10:59:00,,,to_tlv
2026,6,יום חול,3700,,159,10:59:00,,,to_tlv
2026,6,יום חול,3900,,840,10:59:00,,,to_tlv
2026,6,יום חול,5000,,910,10:59:00,,,from_tlv
2026,6,שישי,4900,,6232,10:59:00,,,to_tlv
2026,6,יום חול,8600,,732,10:59:00,,,from_tlv
2026,6,יום חול,8550,,32,10:59:00,,,from_tlv
2026,6,שישי,2300,,6071,10:59:00,,,from_tlv
2026,6,שישי,8600,,6736,10:59:00,,,from_tlv
2026,6,יום חול,1280,,70,11:00:00,,,to_tlv
2026,6,יום חול,1220,,406,11:00:00,,,to_tlv
2026,6,יום חול,2100,,108,11:00:00,,,to_tlv
2026,6,יום חול,3700,,242,11:00:00,,,to_tlv
2026,6,יום חול,3600,,735,11:00:00,,,to_tlv
2026,6,יום חול,4900,,319,11:00:00,,,to_tlv
2026,6,יום חול,4690,,636,11:00:00,,,from_tlv
2026,6,יום חול,6150,,27,11:00:00,,,to_tlv
2026,6,יום חול,5900,,246,11:00:00,,,from_tlv
2026,6,שישי,2800,,6230,11:00:00,,,to_tlv
2026,6,שישי,5300,,6229,11:00:00,,,to_tlv
2026,6,יום חול,1240,,75,11:01:00,,,from_tlv
2026,6,יום חול,2800,,160,11:01:00,,,to_tlv
2026,6,יום חול,3300,,240,11:01:00,,,to_tlv
2026,6,יום חול,2960,,632,11:01:00,,,to_tlv
2026,6,יום חול,2960,,8632,11:01:00,,,to_tlv
2026,6,יום חול,3600,,110,11:01:00,,,to_tlv
2026,6,יום חול,5200,,237,11:01:00,,,to_tlv
2026,6,שישי,4250,,6623,11:01:00,,,from_tlv
2026,6,שישי,3300,,6231,11:01:00,,,from_tlv
2026,6,שישי,4100,,6626,11:01:00,,,to_tlv
2026,6,שישי,4100,,8626,11:01:00,,,to_tlv
2026,6,שישי,2200,,6033,11:01:00,,,from_tlv
2026,6,שישי,9100,,6910,11:01:00,,,from_tlv
2026,6,שישי,4250,,8623,11:01:00,,,from_tlv
2026,6,יום חול,3310,,241,11:02:00,,,from_tlv
2026,6,יום חול,3600,,633,11:02:00,,,to_tlv
2026,6,יום חול,3900,,845,11:02:00,,,to_tlv
2026,6,יום חול,9200,,635,11:02:00,,,from_tlv
2026,6,יום חול,5200,,237,11:02:00,,,to_tlv
2026,6,שישי,1840,,6451,11:02:00,,,from_tlv
2026,6,יום חול,9200,,8635,11:02:00,,,from_tlv
2026,6,שישי,7320,,6027,11:02:00,,,to_tlv
2026,6,שישי,700,,6026,11:02:00,,,to_tlv
2026,6,שישי,3500,,6031,11:02:00,,,from_tlv
2026,6,יום חול,1220,,451,11:03:00,,,from_tlv
2026,6,יום חול,2300,,161,11:03:00,,,from_tlv
2026,6,יום חול,2200,,450,11:03:00,,,to_tlv
2026,6,יום חול,2300,,72,11:03:00,,,to_tlv
2026,6,יום חול,3500,,730,11:03:00,,,to_tlv
2026,6,יום חול,4680,,636,11:03:00,,,from_tlv
2026,6,יום חול,4900,,239,11:03:00,,,to_tlv
2026,6,שישי,3400,,6508,11:03:00,,,to_tlv
2026,6,שישי,7300,,6619,11:03:00,,,to_tlv
2026,6,שישי,4900,,6511,11:03:00,,,to_tlv
2026,6,שישי,5900,,6234,11:03:00,,,from_tlv
2026,6,יום חול,9000,,631,11:03:00,,,to_tlv
2026,6,שישי,5800,,6628,11:03:00,,,from_tlv
2026,6,שישי,7320,,6630,11:03:00,,,from_tlv
2026,6,יום חול,1500,,158,11:04:00,,,to_tlv
2026,6,יום חול,4100,,634,11:04:00,,,to_tlv
2026,6,יום חול,4100,,8634,11:04:00,,,to_tlv
2026,6,יום חול,4600,,159,11:04:00,,,to_tlv
2026,6,יום חול,5000,,409,11:04:00,,,to_tlv
2026,6,יום חול,5900,,629,11:04:00,,,to_tlv
2026,6,יום חול,8800,,843,11:04:00,,,from_tlv
2026,6,יום חול,5900,,638,11:04:00,,,from_tlv
2026,6,יום חול,5900,,638,11:04:00,,,from_tlv
2026,6,יום חול,7300,,837,11:04:00,,,to_tlv
2026,6,יום חול,7300,,997,11:04:00,,,to_tlv
2026,6,שישי,1220,,6448,11:04:00,,,to_tlv
2026,6,שישי,2800,,6028,11:04:00,,,to_tlv
2026,6,יום חול,5000,,244,11:04:00,,,from_tlv
2026,6,שישי,4600,,6232,11:04:00,,,to_tlv
2026,6,שישי,5000,,6030,11:04:00,,,from_tlv
2026,6,יום חול,1400,,113,11:05:00,,,from_tlv
2026,6,יום חול,300,,109,11:05:00,,,from_tlv
2026,6,יום חול,2940,,8632,11:05:00,,,to_tlv
2026,6,יום חול,2940,,632,11:05:00,,,to_tlv
2026,6,יום חול,3600,,29,11:05:00,,,to_tlv
2026,6,יום חול,3400,,241,11:05:00,,,from_tlv
2026,6,יום חול,3700,,735,11:05:00,,,to_tlv
2026,6,יום חול,3600,,242,11:05:00,,,to_tlv
2026,6,יום חול,4640,,319,11:05:00,,,to_tlv
2026,6,יום חול,4900,,30,11:05:00,,,to_tlv
2026,6,יום חול,5150,,511,11:05:00,,,to_tlv
2026,6,יום חול,8700,,8635,11:05:00,,,from_tlv
2026,6,יום חול,8600,,162,11:05:00,,,from_tlv
2026,6,שישי,1400,,6026,11:05:00,,,to_tlv
2026,6,שישי,8550,,6032,11:05:00,,,from_tlv
2026,6,יום חול,8700,,635,11:05:00,,,from_tlv
2026,6,יום חול,9000,,8631,11:05:00,,,to_tlv
2026,6,שישי,5800,,8628,11:05:00,,,from_tlv
2026,6,יום חול,9000,,631,11:05:00,,,to_tlv
2026,6,שישי,5200,,6229,11:05:00,,,to_tlv
2026,6,יום חול,400,,561,11:06:00,,,to_tlv
2026,6,שישי,4170,,6623,11:06:00,,,from_tlv
2026,6,שישי,4170,,6626,11:06:00,,,to_tlv
2026,6,יום חול,7320,,407,11:06:00,,,to_tlv
2026,6,שישי,3310,,6231,11:06:00,,,from_tlv
2026,6,שישי,4170,,8623,11:06:00,,,from_tlv
2026,6,שישי,4170,,8626,11:06:00,,,to_tlv
2026,6,יום חול,1400,,406,11:07:00,,,to_tlv
2026,6,יום חול,2100,,450,11:07:00,,,to_tlv
2026,6,יום חול,2800,,243,11:07:00,,,from_tlv
2026,6,יום חול,4310,,842,11:07:00,,,to_tlv
2026,6,יום חול,3700,,633,11:07:00,,,to_tlv
2026,6,שישי,8600,,6131,11:07:00,,,to_tlv
2026,6,יום חול,700,,113,11:08:00,,,from_tlv
2026,6,יום חול,1220,,108,11:08:00,,,to_tlv
2026,6,יום חול,4660,,319,11:08:00,,,to_tlv
2026,6,יום חול,4660,,636,11:08:00,,,from_tlv
2026,6,יום חול,5010,,512,11:08:00,,,from_tlv
2026,6,יום חול,5800,,246,11:08:00,,,from_tlv
2026,6,שישי,2300,,6033,11:08:00,,,from_tlv
2026,6,שישי,5800,,6621,11:08:00,,,to_tlv
2026,6,שישי,6150,,6029,11:08:00,,,to_tlv
2026,6,שישי,5800,,8621,11:08:00,,,to_tlv
2026,6,יום חול,680,,734,11:09:00,,,to_tlv
2026,6,יום חול,2200,,72,11:09:00,,,to_tlv
2026,6,יום חול,4170,,8634,11:09:00,,,to_tlv
2026,6,יום חול,4600,,735,11:09:00,,,to_tlv
2026,6,יום חול,4170,,634,11:09:00,,,to_tlv
2026,6,יום חול,4900,,159,11:09:00,,,to_tlv
2026,6,יום חול,5150,,244,11:09:00,,,from_tlv
2026,6,שישי,1300,,6448,11:09:00,,,to_tlv
2026,6,שישי,1240,,6072,11:09:00,,,to_tlv
2026,6,שישי,3700,,6232,11:09:00,,,to_tlv
2026,6,שישי,3400,,6231,11:09:00,,,from_tlv
2026,6,יום חול,3100,,240,11:10:00,,,to_tlv
2026,6,יום חול,3700,,29,11:10:00,,,to_tlv
2026,6,יום חול,4600,,30,11:10:00,,,to_tlv
2026,6,יום חול,4900,,732,11:10:00,,,to_tlv
2026,6,יום חול,5410,,237,11:10:00,,,to_tlv
2026,6,יום חול,7300,,627,11:10:00,,,to_tlv
2026,6,שישי,1820,,6451,11:10:00,,,from_tlv
2026,6,שישי,2500,,6071,11:10:00,,,from_tlv
2026,6,יום חול,5800,,246,11:10:00,,,from_tlv
2026,6,שישי,680,,6551,11:10:00,,,to_tlv
2026,6,שישי,4900,,6736,11:10:00,,,to_tlv
2026,6,שישי,7300,,6630,11:10:00,,,from_tlv
2026,6,שישי,3600,,6031,11:10:00,,,to_tlv
2026,6,יום חול,1230,,75,11:11:00,,,from_tlv
2026,6,יום חול,2100,,451,11:11:00,,,from_tlv
2026,6,יום חול,3500,,8632,11:11:00,,,to_tlv
2026,6,יום חול,2820,,243,11:11:00,,,from_tlv
2026,6,יום חול,3500,,632,11:11:00,,,to_tlv
2026,6,יום חול,4640,,636,11:11:00,,,from_tlv
2026,6,יום חול,4600,,633,11:11:00,,,to_tlv
2026,6,יום חול,5000,,511,11:11:00,,,to_tlv
2026,6,יום חול,5410,,237,11:11:00,,,to_tlv
2026,6,שישי,4250,,6626,11:11:00,,,to_tlv
2026,6,יום חול,8800,,635,11:11:00,,,from_tlv
2026,6,שישי,5010,,6510,11:11:00,,,from_tlv
2026,6,שישי,5800,,6234,11:11:00,,,from_tlv
2026,6,שישי,4250,,8626,11:11:00,,,to_tlv
2026,6,שישי,4100,,8623,11:11:00,,,from_tlv
2026,6,שישי,4100,,6623,11:11:00,,,from_tlv
2026,6,שישי,400,,6130,11:11:00,,,from_tlv
2026,6,שישי,5000,,6910,11:11:00,,,from_tlv
2026,6,יום חול,8800,,8635,11:11:00,,,from_tlv
2026,6,יום חול,1300,,113,11:12:00,,,to_tlv
2026,6,יום חול,4680,,319,11:12:00,,,to_tlv
2026,6,יום חול,4800,,239,11:12:00,,,to_tlv
2026,6,יום חול,7000,,27,11:12:00,,,to_tlv
2026,6,יום חול,7300,,627,11:12:00,,,to_tlv
2026,6,יום חול,7320,,642,11:12:00,,,from_tlv
2026,6,שישי,3300,,6508,11:12:00,,,to_tlv
2026,6,שישי,1260,,6073,11:12:00,,,from_tlv
2026,6,שישי,7320,,6619,11:12:00,,,to_tlv
2026,6,יום חול,1300,,108,11:13:00,,,to_tlv
2026,6,יום חול,300,,561,11:13:00,,,from_tlv
2026,6,יום חול,2100,,72,11:13:00,,,to_tlv
2026,6,יום חול,2500,,161,11:13:00,,,from_tlv
2026,6,יום חול,1600,,158,11:13:00,,,to_tlv
2026,6,יום חול,3500,,241,11:13:00,,,from_tlv
2026,6,יום חול,3500,,242,11:13:00,,,to_tlv
2026,6,יום חול,4800,,244,11:13:00,,,from_tlv
2026,6,יום חול,5000,,512,11:13:00,,,from_tlv
2026,6,שישי,700,,6448,11:13:00,,,to_tlv
2026,6,יום חול,5800,,638,11:13:00,,,from_tlv
2026,6,שישי,5800,,6234,11:13:00,,,from_tlv
2026,6,יום חול,400,,109,11:14:00,,,to_tlv
2026,6,יום חול,2500,,160,11:14:00,,,to_tlv
2026,6,יום חול,4250,,8634,11:14:00,,,to_tlv
2026,6,יום חול,4250,,634,11:14:00,,,to_tlv
2026,6,יום חול,4300,,842,11:14:00,,,to_tlv
2026,6,יום חול,5800,,631,11:14:00,,,to_tlv
2026,6,שישי,5410,,6229,11:14:00,,,to_tlv
2026,6,שישי,9000,,6628,11:14:00,,,from_tlv
2026,6,שישי,5150,,6511,11:14:00,,,to_tlv
2026,6,שישי,9000,,8628,11:14:00,,,from_tlv
2026,6,שישי,3600,,6232,11:14:00,,,to_tlv
2026,6,יום חול,1220,,450,11:15:00,,,to_tlv
2026,6,יום חול,1600,,163,11:15:00,,,from_tlv
2026,6,יום חול,3700,,30,11:15:00,,,to_tlv
2026,6,יום חול,4300,,845,11:15:00,,,to_tlv
2026,6,יום חול,4600,,29,11:15:00,,,to_tlv
2026,6,יום חול,4600,,732,11:15:00,,,to_tlv
2026,6,יום חול,4900,,735,11:15:00,,,to_tlv
2026,6,יום חול,5800,,8638,11:15:00,,,from_tlv
2026,6,יום חול,4900,,633,11:15:00,,,to_tlv
2026,6,יום חול,4900,,636,11:15:00,,,to_tlv
2026,6,יום חול,7000,,32,11:15:00,,,from_tlv
2026,6,שישי,3700,,6031,11:15:00,,,to_tlv
2026,6,שישי,4600,,6736,11:15:00,,,to_tlv
2026,6,יום חול,300,,562,11:16:00,,,to_tlv
2026,6,יום חול,2200,,451,11:16:00,,,from_tlv
2026,6,יום חול,5800,,631,11:16:00,,,to_tlv
2026,6,יום חול,4900,,162,11:16:00,,,to_tlv
2026,6,יום חול,4690,,319,11:16:00,,,to_tlv
2026,6,יום חול,5150,,239,11:16:00,,,to_tlv
2026,6,שישי,1500,,6026,11:16:00,,,to_tlv
2026,6,יום חול,5000,,911,11:16:00,,,to_tlv
2026,6,יום חול,5010,,511,11:16:00,,,to_tlv
2026,6,שישי,5000,,6510,11:16:00,,,from_tlv
2026,6,יום חול,5800,,8631,11:16:00,,,to_tlv
2026,6,שישי,3600,,6623,11:16:00,,,to_tlv
2026,6,שישי,1600,,6035,11:16:00,,,from_tlv
2026,6,שישי,3600,,8623,11:16:00,,,to_tlv
2026,6,שישי,1400,,6448,11:16:00,,,to_tlv
2026,6,יום חול,1220,,113,11:17:00,,,from_tlv
2026,6,יום חול,700,,108,11:17:00,,,to_tlv
2026,6,יום חול,3100,,243,11:17:00,,,from_tlv
2026,6,יום חול,4250,,8635,11:17:00,,,from_tlv
2026,6,יום חול,4250,,635,11:17:00,,,from_tlv
2026,6,שישי,3500,,6231,11:17:00,,,from_tlv
2026,6,שישי,300,,6130,11:17:00,,,to_tlv
2026,6,שישי,8800,,6626,11:17:00,,,to_tlv
2026,6,שישי,4900,,6030,11:17:00,,,to_tlv
2026,6,שישי,8800,,8626,11:17:00,,,to_tlv
2026,6,יום חול,400,,112,11:18:00,,,from_tlv
2026,6,יום חול,2100,,75,11:18:00,,,from_tlv
2026,6,יום חול,2820,,240,11:18:00,,,to_tlv
2026,6,יום חול,5410,,246,11:18:00,,,from_tlv
2026,6,שישי,1250,,6072,11:18:00,,,to_tlv
2026,6,שישי,5900,,6621,11:18:00,,,to_tlv
2026,6,יום חול,3500,,637,11:19:00,,,from_tlv
2026,6,יום חול,3600,,241,11:19:00,,,to_tlv
2026,6,יום חול,5150,,512,11:19:00,,,from_tlv
2026,6,יום חול,5800,,237,11:19:00,,,to_tlv
2026,6,יום חול,8800,,8634,11:19:00,,,to_tlv
2026,6,יום חול,7320,,627,11:19:00,,,to_tlv
2026,6,יום חול,8800,,634,11:19:00,,,to_tlv
2026,6,יום חול,7300,,642,11:19:00,,,from_tlv
2026,6,יום חול,9800,,319,11:19:00,,,to_tlv
2026,6,יום חול,1400,,108,11:20:00,,,to_tlv
2026,6,יום חול,1300,,450,11:20:00,,,to_tlv
2026,6,יום חול,1230,,72,11:20:00,,,to_tlv
2026,6,יום חול,1820,,406,11:20:00,,,to_tlv
2026,6,יום חול,3700,,732,11:20:00,,,to_tlv
2026,6,יום חול,4600,,636,11:20:00,,,to_tlv
2026,6,יום חול,4640,,633,11:20:00,,,to_tlv
2026,6,יום חול,4900,,29,11:20:00,,,to_tlv
2026,6,יום חול,5800,,237,11:20:00,,,to_tlv
2026,6,יום חול,5800,,237,11:20:00,,,to_tlv
2026,6,יום חול,8600,,159,11:20:00,,,to_tlv
2026,6,שישי,3700,,6736,11:20:00,,,to_tlv
2026,6,שישי,2500,,6033,11:20:00,,,from_tlv
2026,6,שישי,1250,,6073,11:20:00,,,from_tlv
2026,6,שישי,2500,,6028,11:20:00,,,to_tlv
2026,6,שישי,5000,,6511,11:20:00,,,to_tlv
2026,6,שישי,4600,,6031,11:20:00,,,to_tlv
2026,6,שישי,5900,,6621,11:20:00,,,to_tlv
2026,6,יום חול,4600,,162,11:21:00,,,to_tlv
2026,6,יום חול,4900,,244,11:21:00,,,to_tlv
2026,6,יום חול,7320,,627,11:21:00,,,to_tlv
2026,6,יום חול,5000,,239,11:21:00,,,to_tlv
2026,6,שישי,3700,,6623,11:21:00,,,to_tlv
2026,6,שישי,300,,6131,11:21:00,,,from_tlv
2026,6,שישי,3700,,8623,11:21:00,,,to_tlv
2026,6,שישי,3500,,6232,11:21:00,,,to_tlv
2026,6,יום חול,680,,733,11:22:00,,,to_tlv
2026,6,יום חול,1500,,163,11:22:00,,,from_tlv
2026,6,יום חול,3400,,242,11:22:00,,,to_tlv
2026,6,יום חול,4310,,845,11:22:00,,,to_tlv
2026,6,יום חול,4170,,635,11:22:00,,,from_tlv
2026,6,יום חול,4170,,8635,11:22:00,,,from_tlv
2026,6,שישי,9800,,8628,11:22:00,,,from_tlv
2026,6,שישי,680,,6735,11:22:00,,,to_tlv
2026,6,שישי,4600,,6030,11:22:00,,,to_tlv
2026,6,שישי,5150,,6510,11:22:00,,,from_tlv
2026,6,שישי,7500,,6834,11:22:00,,,from_tlv
2026,6,שישי,1400,,6451,11:22:00,,,from_tlv
2026,6,שישי,9800,,6628,11:22:00,,,from_tlv
2026,6,שישי,7000,,6029,11:22:00,,,to_tlv
2026,6,שישי,7000,,6032,11:22:00,,,from_tlv
2026,6,יום חול,2800,,240,11:23:00,,,to_tlv
2026,6,יום חול,2200,,75,11:23:00,,,from_tlv
2026,6,יום חול,3700,,636,11:23:00,,,to_tlv
2026,6,יום חול,4660,,633,11:23:00,,,to_tlv
2026,6,שישי,5410,,6234,11:23:00,,,from_tlv
2026,6,שישי,8700,,6626,11:23:00,,,to_tlv
2026,6,שישי,8700,,8626,11:23:00,,,to_tlv
2026,6,שישי,3600,,6231,11:23:00,,,to_tlv
2026,6,יום חול,700,,450,11:24:00,,,to_tlv
2026,6,יום חול,300,,112,11:24:00,,,to_tlv
2026,6,יום חול,400,,562,11:24:00,,,from_tlv
2026,6,יום חול,2940,,637,11:24:00,,,from_tlv
2026,6,יום חול,2300,,160,11:24:00,,,to_tlv
2026,6,יום חול,2300,,451,11:24:00,,,from_tlv
2026,6,יום חול,3500,,737,11:24:00,,,from_tlv
2026,6,יום חול,3700,,241,11:24:00,,,to_tlv
2026,6,יום חול,3600,,111,11:24:00,,,to_tlv
2026,6,יום חול,5200,,246,11:24:00,,,from_tlv
2026,6,יום חול,5900,,631,11:24:00,,,to_tlv
2026,6,יום חול,9000,,638,11:24:00,,,from_tlv
2026,6,שישי,5800,,6229,11:24:00,,,to_tlv
2026,6,יום חול,9000,,8638,11:24:00,,,from_tlv
2026,6,שישי,3500,,6739,11:24:00,,,from_tlv
2026,6,שישי,5800,,6229,11:24:00,,,to_tlv
2026,6,שישי,9700,,6630,11:24:00,,,from_tlv
2026,6,יום חול,2100,,113,11:25:00,,,from_tlv
2026,6,יום חול,3600,,732,11:25:00,,,to_tlv
2026,6,יום חול,8700,,8634,11:25:00,,,to_tlv
2026,6,יום חול,8700,,634,11:25:00,,,to_tlv
2026,6,שישי,4600,,6623,11:25:00,,,to_tlv
2026,6,יום חול,9100,,911,11:25:00,,,to_tlv
2026,6,שישי,4600,,8623,11:25:00,,,to_tlv
2026,6,שישי,700,,6451,11:25:00,,,from_tlv
2026,6,שישי,3600,,6736,11:25:00,,,to_tlv
2026,6,שישי,1500,,6035,11:25:00,,,from_tlv
2026,6,יום חול,2800,,161,11:26:00,,,from_tlv
2026,6,יום חול,3310,,242,11:26:00,,,to_tlv
2026,6,יום חול,3700,,162,11:26:00,,,to_tlv
2026,6,יום חול,4600,,244,11:26:00,,,to_tlv
2026,6,יום חול,5900,,631,11:26:00,,,to_tlv
2026,6,יום חול,8600,,735,11:26:00,,,to_tlv
2026,6,יום חול,5900,,640,11:26:00,,,from_tlv
2026,6,שישי,4690,,6628,11:26:00,,,from_tlv
2026,6,שישי,4690,,8628,11:26:00,,,from_tlv
2026,6,שישי,5010,,6511,11:26:00,,,to_tlv
2026,6,שישי,4900,,6031,11:26:00,,,to_tlv
2026,6,יום חול,1400,,450,11:27:00,,,to_tlv
2026,6,יום חול,3300,,243,11:27:00,,,from_tlv
2026,6,יום חול,4100,,635,11:27:00,,,from_tlv
2026,6,יום חול,4100,,8635,11:27:00,,,from_tlv
2026,6,יום חול,4680,,633,11:27:00,,,to_tlv
2026,6,יום חול,6150,,32,11:27:00,,,from_tlv
2026,6,שישי,9200,,8626,11:27:00,,,to_tlv
2026,6,שישי,9200,,6626,11:27:00,,,to_tlv
2026,6,שישי,3300,,6513,11:27:00,,,from_tlv
2026,6,שישי,3700,,6030,11:27:00,,,to_tlv
2026,6,יום חול,8800,,844,11:27:00,,,to_tlv
2026,6,יום חול,2960,,637,11:28:00,,,from_tlv
2026,6,יום חול,3600,,636,11:28:00,,,to_tlv
2026,6,יום חול,4600,,241,11:28:00,,,to_tlv
2026,6,יום חול,5900,,631,11:28:00,,,to_tlv
2026,6,יום חול,5300,,239,11:28:00,,,to_tlv
2026,6,יום חול,7500,,837,11:28:00,,,to_tlv
2026,6,יום חול,7500,,997,11:28:00,,,to_tlv
2026,6,יום חול,9200,,634,11:28:00,,,to_tlv
2026,6,יום חול,9200,,8634,11:28:00,,,to_tlv
2026,6,שישי,8600,,6130,11:28:00,,,from_tlv
2026,6,יום חול,9000,,319,11:28:00,,,to_tlv
2026,6,שישי,1260,,6072,11:28:00,,,to_tlv
2026,6,שישי,1600,,6026,11:28:00,,,to_tlv
2026,6,שישי,3700,,6231,11:28:00,,,to_tlv
2026,6,יום חול,1500,,108,11:29:00,,,to_tlv
2026,6,יום חול,2300,,75,11:29:00,,,from_tlv
2026,6,יום חול,3700,,111,11:29:00,,,to_tlv
2026,6,יום חול,3900,,842,11:29:00,,,to_tlv
2026,6,יום חול,4900,,512,11:29:00,,,to_tlv
2026,6,יום חול,5900,,237,11:29:00,,,to_tlv
2026,6,יום חול,7000,,409,11:29:00,,,to_tlv
2026,6,יום חול,8600,,734,11:29:00,,,from_tlv
2026,6,שישי,1300,,6451,11:29:00,,,to_tlv
2026,6,שישי,1240,,6073,11:29:00,,,from_tlv
2026,6,שישי,3400,,6232,11:29:00,,,to_tlv
2026,6,שישי,4680,,8628,11:29:00,,,from_tlv
2026,6,שישי,400,,6131,11:29:00,,,to_tlv
2026,6,שישי,1820,,6448,11:29:00,,,to_tlv
2026,6,שישי,680,,6552,11:29:00,,,to_tlv
2026,6,שישי,4680,,6628,11:29:00,,,from_tlv
2026,6,יום חול,1240,,72,11:30:00,,,to_tlv
2026,6,יום חול,2200,,113,11:30:00,,,from_tlv
2026,6,יום חול,3600,,737,11:30:00,,,to_tlv
2026,6,יום חול,3700,,244,11:30:00,,,to_tlv
2026,6,יום חול,5300,,246,11:30:00,,,from_tlv
2026,6,יום חול,5900,,237,11:30:00,,,to_tlv
2026,6,שישי,3600,,6739,11:30:00,,,to_tlv
2026,6,שישי,4900,,8623,11:30:00,,,to_tlv
2026,6,שישי,4900,,6623,11:30:00,,,to_tlv
2026,6,שישי,2960,,6626,11:30:00,,,to_tlv
2026,6,שישי,9600,,6621,11:30:00,,,to_tlv
2026,6,שישי,2300,,6028,11:30:00,,,to_tlv
2026,6,שישי,2500,,6074,11:30:00,,,to_tlv
2026,6,שישי,2960,,8626,11:30:00,,,to_tlv
2026,6,יום חול,1280,,77,11:31:00,,,from_tlv
2026,6,יום חול,2200,,160,11:31:00,,,to_tlv
2026,6,יום חול,2800,,110,11:31:00,,,to_tlv
2026,6,יום חול,2960,,8634,11:31:00,,,to_tlv
2026,6,יום חול,3300,,242,11:31:00,,,to_tlv
2026,6,יום חול,2960,,634,11:31:00,,,to_tlv
2026,6,יום חול,3600,,162,11:31:00,,,to_tlv
2026,6,יום חול,4690,,633,11:31:00,,,to_tlv
2026,6,יום חול,8550,,27,11:31:00,,,to_tlv
2026,6,שישי,5200,,6234,11:31:00,,,from_tlv
2026,6,יום חול,1400,,163,11:32:00,,,from_tlv
2026,6,יום חול,3310,,243,11:32:00,,,from_tlv
2026,6,יום חול,3600,,8635,11:32:00,,,to_tlv
2026,6,יום חול,3600,,635,11:32:00,,,to_tlv
2026,6,יום חול,3900,,847,11:32:00,,,to_tlv
2026,6,יום חול,9800,,8638,11:32:00,,,from_tlv
2026,6,יום חול,9200,,637,11:32:00,,,from_tlv
2026,6,יום חול,9800,,638,11:32:00,,,from_tlv
2026,6,שישי,3600,,6030,11:32:00,,,to_tlv
2026,6,שישי,4600,,6231,11:32:00,,,to_tlv
2026,6,שישי,4900,,6510,11:32:00,,,to_tlv
2026,6,יום חול,1840,,406,11:33:00,,,to_tlv
2026,6,יום חול,3500,,732,11:33:00,,,to_tlv
2026,6,יום חול,4900,,241,11:33:00,,,to_tlv
2026,6,יום חול,5200,,239,11:33:00,,,to_tlv
2026,6,שישי,3310,,6232,11:33:00,,,to_tlv
2026,6,שישי,3500,,6625,11:33:00,,,from_tlv
2026,6,שישי,3400,,6513,11:33:00,,,from_tlv
2026,6,שישי,1220,,6451,11:33:00,,,from_tlv
2026,6,שישי,9650,,6630,11:33:00,,,from_tlv
2026,6,יום חול,9700,,642,11:33:00,,,from_tlv
2026,6,שישי,3500,,8625,11:33:00,,,from_tlv
2026,6,יום חול,1840,,453,11:34:00,,,from_tlv
2026,6,יום חול,4600,,111,11:34:00,,,to_tlv
2026,6,יום חול,4100,,636,11:34:00,,,to_tlv
2026,6,יום חול,4600,,512,11:34:00,,,to_tlv
2026,6,יום חול,5800,,640,11:34:00,,,from_tlv
2026,6,שישי,4660,,6628,11:34:00,,,from_tlv
2026,6,יום חול,9800,,633,11:34:00,,,to_tlv
2026,6,יום חול,8800,,845,11:34:00,,,from_tlv
2026,6,שישי,4660,,8628,11:34:00,,,from_tlv
2026,6,שישי,3500,,6736,11:34:00,,,to_tlv
2026,6,יום חול,680,,561,11:35:00,,,to_tlv
2026,6,יום חול,700,,163,11:35:00,,,from_tlv
2026,6,יום חול,300,,159,11:35:00,,,from_tlv
2026,6,יום חול,2940,,8634,11:35:00,,,to_tlv
2026,6,יום חול,2100,,160,11:35:00,,,to_tlv
2026,6,יום חול,3600,,244,11:35:00,,,to_tlv
2026,6,יום חול,3400,,243,11:35:00,,,from_tlv
2026,6,יום חול,2940,,634,11:35:00,,,to_tlv
2026,6,יום חול,3700,,737,11:35:00,,,to_tlv
2026,6,שישי,3700,,6739,11:35:00,,,to_tlv
2026,6,יום חול,8600,,112,11:35:00,,,from_tlv
2026,6,יום חול,8700,,637,11:35:00,,,from_tlv
2026,6,שישי,2940,,8626,11:35:00,,,to_tlv
2026,6,שישי,4640,,6623,11:35:00,,,to_tlv
2026,6,שישי,2940,,6626,11:35:00,,,to_tlv
2026,6,שישי,5900,,6229,11:35:00,,,to_tlv
2026,6,שישי,4640,,8623,11:35:00,,,to_tlv
2026,6,שישי,5000,,6911,11:35:00,,,to_tlv
2026,6,שישי,1400,,6035,11:35:00,,,from_tlv
2026,6,יום חול,2300,,113,11:36:00,,,from_tlv
2026,6,יום חול,5800,,640,11:36:00,,,from_tlv
2026,6,יום חול,4680,,638,11:36:00,,,from_tlv
2026,6,יום חול,4680,,8638,11:36:00,,,from_tlv
2026,6,יום חול,5000,,246,11:36:00,,,from_tlv
2026,6,יום חול,6900,,32,11:36:00,,,from_tlv
2026,6,יום חול,9600,,631,11:36:00,,,to_tlv
2026,6,יום חול,5000,,29,11:36:00,,,to_tlv
2026,6,שישי,2800,,6033,11:36:00,,,from_tlv
2026,6,יום חול,2800,,245,11:37:00,,,from_tlv
2026,6,יום חול,3700,,635,11:37:00,,,to_tlv
2026,6,יום חול,3700,,8635,11:37:00,,,to_tlv
2026,6,יום חול,4310,,844,11:37:00,,,to_tlv
2026,6,יום חול,6300,,511,11:37:00,,,to_tlv
2026,6,שישי,4600,,6510,11:37:00,,,to_tlv
2026,6,שישי,4900,,6231,11:37:00,,,to_tlv
2026,6,שישי,5300,,6234,11:37:00,,,from_tlv
2026,6,שישי,6150,,6032,11:37:00,,,from_tlv
2026,6,יום חול,1250,,72,11:38:00,,,to_tlv
2026,6,יום חול,3700,,512,11:38:00,,,to_tlv
2026,6,שישי,4660,,8623,11:38:00,,,to_tlv
2026,6,שישי,3300,,6232,11:38:00,,,to_tlv
2026,6,שישי,4640,,8628,11:38:00,,,from_tlv
2026,6,שישי,4640,,6628,11:38:00,,,from_tlv
2026,6,יום חול,9600,,631,11:38:00,,,to_tlv
2026,6,שישי,2940,,6625,11:38:00,,,from_tlv
2026,6,שישי,4660,,6623,11:38:00,,,to_tlv
2026,6,שישי,2940,,8625,11:38:00,,,from_tlv
2026,6,יום חול,680,,736,11:39:00,,,to_tlv
2026,6,יום חול,1300,,163,11:39:00,,,to_tlv
2026,6,יום חול,1600,,108,11:39:00,,,to_tlv
2026,6,יום חול,2500,,75,11:39:00,,,from_tlv
2026,6,יום חול,4170,,636,11:39:00,,,to_tlv
2026,6,יום חול,4600,,737,11:39:00,,,to_tlv
2026,6,יום חול,4900,,111,11:39:00,,,to_tlv
2026,6,יום חול,5800,,319,11:39:00,,,to_tlv
2026,6,שישי,700,,6035,11:39:00,,,from_tlv
2026,6,שישי,680,,6740,11:39:00,,,to_tlv
2026,6,שישי,2200,,6028,11:39:00,,,to_tlv
2026,6,שישי,4900,,6130,11:39:00,,,to_tlv
2026,6,שישי,9650,,6621,11:39:00,,,to_tlv
2026,6,שישי,4600,,6739,11:39:00,,,to_tlv
2026,6,שישי,2300,,6074,11:39:00,,,to_tlv
2026,6,יום חול,3100,,242,11:40:00,,,to_tlv
2026,6,יום חול,4660,,638,11:40:00,,,from_tlv
2026,6,יום חול,4660,,8638,11:40:00,,,from_tlv
2026,6,יום חול,4900,,734,11:40:00,,,to_tlv
2026,6,שישי,3500,,6030,11:40:00,,,to_tlv
2026,6,שישי,5000,,6031,11:40:00,,,to_tlv
2026,6,יום חול,1820,,453,11:41:00,,,from_tlv
2026,6,יום חול,3500,,634,11:41:00,,,to_tlv
2026,6,יום חול,2820,,245,11:41:00,,,from_tlv
2026,6,יום חול,3500,,8634,11:41:00,,,to_tlv
2026,6,יום חול,4600,,635,11:41:00,,,to_tlv
2026,6,יום חול,4600,,8635,11:41:00,,,to_tlv
2026,6,שישי,2800,,6233,11:41:00,,,from_tlv
2026,6,יום חול,7300,,27,11:41:00,,,to_tlv
2026,6,יום חול,8800,,637,11:41:00,,,from_tlv
2026,6,יום חול,7320,,34,11:41:00,,,from_tlv
2026,6,שישי,2100,,6451,11:41:00,,,from_tlv
2026,6,שישי,1230,,6073,11:41:00,,,from_tlv
2026,6,יום חול,1820,,450,11:42:00,,,to_tlv
2026,6,יום חול,4800,,241,11:42:00,,,to_tlv
2026,6,יום חול,5010,,29,11:42:00,,,to_tlv
2026,6,שישי,3500,,8626,11:42:00,,,to_tlv
2026,6,שישי,3500,,6513,11:42:00,,,from_tlv
2026,6,שישי,4900,,6628,11:42:00,,,to_tlv
2026,6,שישי,4680,,6623,11:42:00,,,to_tlv
2026,6,שישי,1280,,6072,11:42:00,,,to_tlv
2026,6,שישי,4680,,8623,11:42:00,,,to_tlv
2026,6,שישי,3700,,6510,11:42:00,,,to_tlv
2026,6,שישי,9600,,6630,11:42:00,,,from_tlv
2026,6,שישי,3500,,6626,11:42:00,,,to_tlv
2026,6,שישי,4900,,8628,11:42:00,,,to_tlv
2026,6,יום חול,1220,,160,11:43:00,,,to_tlv
2026,6,יום חול,3500,,243,11:43:00,,,from_tlv
2026,6,יום חול,3500,,244,11:43:00,,,to_tlv
2026,6,יום חול,4800,,246,11:43:00,,,from_tlv
2026,6,יום חול,9000,,633,11:43:00,,,to_tlv
2026,6,יום חול,9650,,642,11:43:00,,,from_tlv
2026,6,שישי,1300,,6035,11:43:00,,,to_tlv
2026,6,שישי,2960,,6625,11:43:00,,,from_tlv
2026,6,שישי,400,,6553,11:43:00,,,to_tlv
2026,6,שישי,2960,,8625,11:43:00,,,from_tlv
2026,6,שישי,1840,,6448,11:43:00,,,to_tlv
2026,6,שישי,8550,,6029,11:43:00,,,to_tlv
2026,6,יום חול,1220,,163,11:44:00,,,from_tlv
2026,6,יום חול,400,,159,11:44:00,,,to_tlv
2026,6,יום חול,4300,,844,11:44:00,,,to_tlv
2026,6,יום חול,4250,,636,11:44:00,,,to_tlv
2026,6,שישי,2100,,6028,11:44:00,,,to_tlv
2026,6,שישי,4600,,6130,11:44:00,,,to_tlv
2026,6,שישי,5000,,6234,11:44:00,,,from_tlv
2026,6,שישי,9100,,6911,11:44:00,,,to_tlv
2026,6,יום חול,1260,,77,11:45:00,,,from_tlv
2026,6,יום חול,4300,,847,11:45:00,,,to_tlv
2026,6,יום חול,4600,,734,11:45:00,,,to_tlv
2026,6,יום חול,4900,,635,11:45:00,,,to_tlv
2026,6,יום חול,4900,,638,11:45:00,,,to_tlv
2026,6,יום חול,4900,,737,11:45:00,,,to_tlv
2026,6,יום חול,4900,,8635,11:45:00,,,to_tlv
2026,6,יום חול,4900,,8638,11:45:00,,,to_tlv
2026,6,שישי,300,,6552,11:45:00,,,to_tlv
2026,6,יום חול,9000,,640,11:45:00,,,from_tlv
2026,6,יום חול,9650,,631,11:45:00,,,to_tlv
2026,6,שישי,4900,,6739,11:45:00,,,to_tlv
2026,6,שישי,7320,,6034,11:45:00,,,from_tlv
2026,6,שישי,2820,,6233,11:45:00,,,from_tlv
2026,6,יום חול,5010,,32,11:46:00,,,from_tlv
2026,6,יום חול,4900,,112,11:46:00,,,to_tlv
2026,6,שישי,2200,,6451,11:46:00,,,from_tlv
2026,6,שישי,4690,,8623,11:46:00,,,to_tlv
2026,6,שישי,4800,,6231,11:46:00,,,to_tlv
2026,6,שישי,4690,,6623,11:46:00,,,to_tlv
2026,6,שישי,7300,,6834,11:46:00,,,from_tlv
2026,6,שישי,2300,,6450,11:46:00,,,to_tlv
2026,6,יום חול,1260,,72,11:47:00,,,to_tlv
2026,6,יום חול,3100,,245,11:47:00,,,from_tlv
2026,6,יום חול,4250,,637,11:47:00,,,from_tlv
2026,6,שישי,4600,,6628,11:47:00,,,to_tlv
2026,6,שישי,1220,,6035,11:47:00,,,from_tlv
2026,6,שישי,2200,,6074,11:47:00,,,to_tlv
2026,6,יום חול,9650,,631,11:47:00,,,to_tlv
2026,6,שישי,5010,,6031,11:47:00,,,to_tlv
2026,6,שישי,3700,,6133,11:47:00,,,to_tlv
2026,6,שישי,3600,,6510,11:47:00,,,to_tlv
2026,6,שישי,4600,,8628,11:47:00,,,to_tlv
2026,6,שישי,9200,,8625,11:47:00,,,from_tlv
2026,6,שישי,9200,,6625,11:47:00,,,from_tlv
2026,6,יום חול,400,,164,11:48:00,,,from_tlv
2026,6,יום חול,1300,,160,11:48:00,,,to_tlv
2026,6,יום חול,1600,,115,11:48:00,,,from_tlv
2026,6,יום חול,2820,,242,11:48:00,,,to_tlv
2026,6,יום חול,3700,,513,11:48:00,,,to_tlv
2026,6,שישי,9700,,6621,11:48:00,,,to_tlv
2026,6,שישי,2100,,6073,11:48:00,,,from_tlv
2026,6,שישי,3100,,6232,11:48:00,,,to_tlv
2026,6,שישי,6900,,6032,11:48:00,,,from_tlv
2026,6,יום חול,7300,,34,11:48:00,,,from_tlv
2026,6,יום חול,2300,,110,11:49:00,,,to_tlv
2026,6,יום חול,3500,,639,11:49:00,,,from_tlv
2026,6,יום חול,3500,,8639,11:49:00,,,from_tlv
2026,6,יום חול,3600,,243,11:49:00,,,to_tlv
2026,6,יום חול,5000,,241,11:49:00,,,to_tlv
2026,6,שישי,300,,6553,11:49:00,,,from_tlv
2026,6,יום חול,8800,,636,11:49:00,,,to_tlv
2026,6,יום חול,6300,,514,11:49:00,,,from_tlv
2026,6,שישי,9800,,6623,11:49:00,,,to_tlv
2026,6,שישי,3700,,6130,11:49:00,,,to_tlv
2026,6,שישי,9800,,8623,11:49:00,,,to_tlv
2026,6,שישי,3600,,6513,11:49:00,,,to_tlv
2026,6,שישי,6300,,6511,11:49:00,,,to_tlv
2026,6,יום חול,3700,,734,11:50:00,,,to_tlv
2026,6,יום חול,4600,,8638,11:50:00,,,to_tlv
2026,6,יום חול,4600,,513,11:50:00,,,to_tlv
2026,6,יום חול,4600,,638,11:50:00,,,to_tlv
2026,6,יום חול,4660,,8635,11:50:00,,,to_tlv
2026,6,יום חול,4660,,635,11:50:00,,,to_tlv
2026,6,יום חול,8600,,111,11:50:00,,,to_tlv
2026,6,יום חול,9100,,912,11:50:00,,,from_tlv
2026,6,שישי,3700,,8628,11:50:00,,,to_tlv
2026,6,שישי,8700,,8625,11:50:00,,,from_tlv
2026,6,שישי,3700,,6628,11:50:00,,,to_tlv
2026,6,שישי,4600,,6133,11:50:00,,,to_tlv
2026,6,יום חול,7320,,27,11:50:00,,,to_tlv
2026,6,שישי,8700,,6625,11:50:00,,,from_tlv
2026,6,יום חול,1840,,415,11:51:00,,,from_tlv
2026,6,יום חול,4600,,112,11:51:00,,,to_tlv
2026,6,יום חול,4900,,246,11:51:00,,,to_tlv
2026,6,יום חול,5000,,32,11:51:00,,,from_tlv
2026,6,יום חול,6900,,29,11:51:00,,,to_tlv
2026,6,שישי,4800,,6234,11:51:00,,,from_tlv
2026,6,שישי,2100,,6074,11:51:00,,,to_tlv
2026,6,שישי,3100,,6233,11:51:00,,,from_tlv
2026,6,שישי,6300,,6512,11:51:00,,,from_tlv
2026,6,יום חול,680,,735,11:52:00,,,to_tlv
2026,6,יום חול,1400,,453,11:52:00,,,from_tlv
2026,6,יום חול,700,,160,11:52:00,,,to_tlv
2026,6,יום חול,2100,,163,11:52:00,,,from_tlv
2026,6,יום חול,3400,,244,11:52:00,,,to_tlv
2026,6,יום חול,4310,,847,11:52:00,,,to_tlv
2026,6,יום חול,4170,,637,11:52:00,,,from_tlv
2026,6,יום חול,4680,,8635,11:52:00,,,to_tlv
2026,6,יום חול,4680,,635,11:52:00,,,to_tlv
2026,6,יום חול,9600,,642,11:52:00,,,from_tlv
2026,6,שישי,400,,6552,11:52:00,,,from_tlv
2026,6,שישי,2200,,6450,11:52:00,,,to_tlv
2026,6,שישי,2200,,6073,11:52:00,,,from_tlv
2026,6,יום חול,2800,,242,11:53:00,,,to_tlv
2026,6,יום חול,3700,,638,11:53:00,,,to_tlv
2026,6,יום חול,3700,,8638,11:53:00,,,to_tlv
2026,6,שישי,1220,,6028,11:53:00,,,to_tlv
2026,6,שישי,7300,,6034,11:53:00,,,from_tlv
2026,6,שישי,5900,,6630,11:53:00,,,from_tlv
2026,6,שישי,5000,,6231,11:53:00,,,to_tlv
2026,6,שישי,7300,,6029,11:53:00,,,to_tlv
2026,6,שישי,5900,,6630,11:53:00,,,from_tlv
2026,6,יום חול,1250,,77,11:54:00,,,from_tlv
2026,6,יום חול,300,,164,11:54:00,,,to_tlv
2026,6,יום חול,3500,,739,11:54:00,,,from_tlv
2026,6,יום חול,2940,,8639,11:54:00,,,from_tlv
2026,6,יום חול,2940,,639,11:54:00,,,from_tlv
2026,6,יום חול,3600,,161,11:54:00,,,to_tlv
2026,6,יום חול,3700,,243,11:54:00,,,to_tlv
2026,6,יום חול,7300,,409,11:54:00,,,to_tlv
2026,6,יום חול,5200,,248,11:54:00,,,from_tlv
2026,6,יום חול,5800,,633,11:54:00,,,to_tlv
2026,6,שישי,3700,,6513,11:54:00,,,to_tlv
2026,6,יום חול,9700,,631,11:54:00,,,to_tlv
2026,6,יום חול,5800,,633,11:54:00,,,to_tlv
2026,6,שישי,2300,,6451,11:54:00,,,from_tlv
2026,6,יום חול,1400,,160,11:55:00,,,to_tlv
2026,6,יום חול,700,,453,11:55:00,,,from_tlv
2026,6,יום חול,2500,,74,11:55:00,,,to_tlv
2026,6,יום חול,1500,,115,11:55:00,,,from_tlv
2026,6,יום חול,3600,,734,11:55:00,,,to_tlv
2026,6,יום חול,4900,,513,11:55:00,,,to_tlv
2026,6,יום חול,8700,,636,11:55:00,,,to_tlv
2026,6,שישי,2820,,6232,11:55:00,,,to_tlv
2026,6,שישי,3500,,6510,11:55:00,,,to_tlv
2026,6,שישי,3600,,8628,11:55:00,,,to_tlv
2026,6,שישי,3600,,6628,11:55:00,,,to_tlv
2026,6,יום חול,1840,,450,11:56:00,,,to_tlv
2026,6,יום חול,2800,,113,11:56:00,,,from_tlv
2026,6,יום חול,2200,,110,11:56:00,,,to_tlv
2026,6,יום חול,3310,,244,11:56:00,,,to_tlv
2026,6,יום חול,3700,,112,11:56:00,,,to_tlv
2026,6,יום חול,4600,,246,11:56:00,,,to_tlv
2026,6,יום חול,5300,,241,11:56:00,,,to_tlv
2026,6,יום חול,8600,,737,11:56:00,,,to_tlv
2026,6,יום חול,9700,,631,11:56:00,,,to_tlv
2026,6,שישי,2100,,6035,11:56:00,,,from_tlv
2026,6,שישי,2100,,6450,11:56:00,,,to_tlv
2026,6,שישי,8600,,6739,11:56:00,,,to_tlv
2026,6,שישי,8800,,8625,11:56:00,,,from_tlv
2026,6,יום חול,9800,,640,11:56:00,,,from_tlv
2026,6,שישי,1280,,6075,11:56:00,,,from_tlv
2026,6,יום חול,9800,,635,11:56:00,,,to_tlv
2026,6,שישי,4900,,6133,11:56:00,,,to_tlv
2026,6,שישי,8800,,6625,11:56:00,,,from_tlv
2026,6,יום חול,9800,,8635,11:56:00,,,to_tlv
2026,6,יום חול,2300,,452,11:57:00,,,to_tlv
2026,6,יום חול,2200,,163,11:57:00,,,from_tlv
2026,6,יום חול,3300,,245,11:57:00,,,from_tlv
2026,6,יום חול,4100,,637,11:57:00,,,from_tlv
2026,6,שישי,6900,,6031,11:57:00,,,to_tlv
2026,6,יום חול,8800,,846,11:57:00,,,to_tlv
2026,6,יום חול,2960,,639,11:58:00,,,from_tlv
2026,6,יום חול,2960,,8639,11:58:00,,,from_tlv
2026,6,יום חול,3600,,638,11:58:00,,,to_tlv
2026,6,יום חול,3600,,8638,11:58:00,,,to_tlv
2026,6,יום חול,4600,,243,11:58:00,,,to_tlv
2026,6,יום חול,5300,,248,11:58:00,,,from_tlv
2026,6,שישי,1230,,6074,11:58:00,,,to_tlv
2026,6,יום חול,9200,,636,11:58:00,,,to_tlv
2026,6,שישי,1300,,6028,11:58:00,,,to_tlv
2026,6,שישי,4600,,6513,11:58:00,,,to_tlv
2026,6,שישי,9000,,6623,11:58:00,,,to_tlv
2026,6,שישי,9000,,8623,11:58:00,,,to_tlv
2026,6,שישי,5010,,6032,11:58:00,,,from_tlv
2026,6,יום חול,680,,564,11:59:00,,,to_tlv
2026,6,יום חול,1300,,453,11:59:00,,,to_tlv
2026,6,יום חול,1820,,415,11:59:00,,,from_tlv
2026,6,יום חול,3700,,161,11:59:00,,,to_tlv
2026,6,יום חול,3900,,844,11:59:00,,,to_tlv
2026,6,יום חול,5000,,912,11:59:00,,,from_tlv
2026,6,יום חול,8550,,34,11:59:00,,,from_tlv
2026,6,יום חול,8600,,736,11:59:00,,,from_tlv
2026,6,שישי,8600,,6740,11:59:00,,,from_tlv
2026,6,שישי,4900,,6234,11:59:00,,,to_tlv
2026,6,שישי,2300,,6073,11:59:00,,,from_tlv
2026,6,יום חול,1280,,72,12:00:00,,,to_tlv
2026,6,יום חול,2100,,110,12:00:00,,,to_tlv
2026,6,יום חול,3700,,246,12:00:00,,,to_tlv
2026,6,יום חול,3600,,739,12:00:00,,,to_tlv
2026,6,יום חול,3900,,8123,12:00:00,,,to_tlv
2026,6,יום חול,4690,,640,12:00:00,,,from_tlv
2026,6,יום חול,5900,,250,12:00:00,,,from_tlv
2026,6,יום חול,6150,,29,12:00:00,,,to_tlv
2026,6,שישי,2800,,6232,12:00:00,,,to_tlv
2026,6,שישי,5300,,6231,12:00:00,,,to_tlv
2026,6,יום חול,1240,,77,12:01:00,,,from_tlv
2026,6,יום חול,2800,,162,12:01:00,,,to_tlv
2026,6,יום חול,2960,,636,12:01:00,,,to_tlv
2026,6,יום חול,3300,,244,12:01:00,,,to_tlv
2026,6,יום חול,3600,,112,12:01:00,,,to_tlv
2026,6,יום חול,5200,,241,12:01:00,,,to_tlv
2026,6,שישי,3300,,6233,12:01:00,,,from_tlv
2026,6,שישי,4250,,8625,12:01:00,,,from_tlv
2026,6,שישי,4250,,6625,12:01:00,,,from_tlv
2026,6,שישי,2200,,6035,12:01:00,,,from_tlv
2026,6,שישי,4100,,6628,12:01:00,,,to_tlv
2026,6,שישי,4100,,8628,12:01:00,,,to_tlv
2026,6,שישי,9100,,6912,12:01:00,,,from_tlv
2026,6,יום חול,3310,,245,12:02:00,,,from_tlv
2026,6,יום חול,3600,,637,12:02:00,,,to_tlv
2026,6,יום חול,3900,,849,12:02:00,,,to_tlv
2026,6,יום חול,5200,,241,12:02:00,,,to_tlv
2026,6,יום חול,9200,,639,12:02:00,,,from_tlv
2026,6,שישי,700,,6028,12:02:00,,,to_tlv
2026,6,יום חול,9200,,8639,12:02:00,,,from_tlv
2026,6,שישי,1840,,6453,12:02:00,,,from_tlv
2026,6,שישי,3500,,6033,12:02:00,,,from_tlv
2026,6,שישי,7320,,6029,12:02:00,,,to_tlv
2026,6,יום חול,1220,,453,12:03:00,,,from_tlv
2026,6,יום חול,2200,,452,12:03:00,,,to_tlv
2026,6,יום חול,2300,,163,12:03:00,,,from_tlv
2026,6,יום חול,2300,,74,12:03:00,,,to_tlv
2026,6,יום חול,3500,,734,12:03:00,,,to_tlv
2026,6,יום חול,4680,,640,12:03:00,,,from_tlv
2026,6,יום חול,4900,,243,12:03:00,,,to_tlv
2026,6,שישי,4900,,6513,12:03:00,,,to_tlv
2026,6,יום חול,7320,,409,12:03:00,,,to_tlv
2026,6,שישי,3400,,6510,12:03:00,,,to_tlv
2026,6,שישי,5800,,6630,12:03:00,,,from_tlv
2026,6,שישי,7320,,6632,12:03:00,,,from_tlv
2026,6,שישי,7300,,6621,12:03:00,,,to_tlv
2026,6,שישי,5900,,6236,12:03:00,,,from_tlv
2026,6,יום חול,1500,,160,12:04:00,,,to_tlv
2026,6,יום חול,4600,,161,12:04:00,,,to_tlv
2026,6,יום חול,4100,,8638,12:04:00,,,to_tlv
2026,6,יום חול,4100,,638,12:04:00,,,to_tlv
2026,6,יום חול,5000,,248,12:04:00,,,from_tlv
2026,6,יום חול,5900,,642,12:04:00,,,from_tlv
2026,6,יום חול,5900,,642,12:04:00,,,from_tlv
2026,6,יום חול,5900,,633,12:04:00,,,to_tlv
2026,6,יום חול,8800,,847,12:04:00,,,from_tlv
2026,6,שישי,2800,,6030,12:04:00,,,to_tlv
2026,6,שישי,1220,,6450,12:04:00,,,to_tlv
2026,6,שישי,4600,,6234,12:04:00,,,to_tlv
2026,6,שישי,5000,,6032,12:04:00,,,from_tlv
2026,6,יום חול,1400,,115,12:05:00,,,from_tlv
2026,6,יום חול,300,,111,12:05:00,,,from_tlv
2026,6,יום חול,2940,,636,12:05:00,,,to_tlv
2026,6,יום חול,3400,,245,12:05:00,,,from_tlv
2026,6,יום חול,3600,,246,12:05:00,,,to_tlv
2026,6,יום חול,3700,,739,12:05:00,,,to_tlv
2026,6,יום חול,4900,,32,12:05:00,,,to_tlv
2026,6,יום חול,9000,,8635,12:05:00,,,to_tlv
2026,6,יום חול,8700,,8639,12:05:00,,,from_tlv
2026,6,יום חול,5150,,513,12:05:00,,,to_tlv
2026,6,יום חול,8600,,164,12:05:00,,,from_tlv
2026,6,שישי,8550,,6034,12:05:00,,,from_tlv
2026,6,יום חול,8700,,639,12:05:00,,,from_tlv
2026,6,יום חול,9000,,635,12:05:00,,,to_tlv
2026,6,שישי,5200,,6231,12:05:00,,,to_tlv
2026,6,שישי,1400,,6028,12:05:00,,,to_tlv
2026,6,שישי,5800,,8630,12:05:00,,,from_tlv
2026,6,יום חול,400,,563,12:06:00,,,to_tlv
2026,6,שישי,3310,,6233,12:06:00,,,from_tlv
2026,6,שישי,4170,,6625,12:06:00,,,from_tlv
2026,6,שישי,4170,,6628,12:06:00,,,to_tlv
2026,6,שישי,4170,,8628,12:06:00,,,to_tlv
2026,6,שישי,4170,,8625,12:06:00,,,from_tlv
2026,6,יום חול,2100,,452,12:07:00,,,to_tlv
2026,6,יום חול,2800,,247,12:07:00,,,from_tlv
2026,6,יום חול,3700,,637,12:07:00,,,to_tlv
2026,6,יום חול,4310,,846,12:07:00,,,to_tlv
2026,6,שישי,8600,,6133,12:07:00,,,to_tlv
2026,6,יום חול,700,,115,12:08:00,,,from_tlv
2026,6,יום חול,1220,,110,12:08:00,,,to_tlv
2026,6,יום חול,4660,,640,12:08:00,,,from_tlv
2026,6,יום חול,5010,,514,12:08:00,,,from_tlv
2026,6,יום חול,5800,,250,12:08:00,,,from_tlv
2026,6,שישי,2300,,6035,12:08:00,,,from_tlv
2026,6,שישי,6150,,6031,12:08:00,,,to_tlv
2026,6,שישי,5800,,8623,12:08:00,,,to_tlv
2026,6,שישי,5800,,6623,12:08:00,,,to_tlv
2026,6,יום חול,680,,738,12:09:00,,,to_tlv
2026,6,יום חול,2200,,74,12:09:00,,,to_tlv
2026,6,יום חול,4170,,638,12:09:00,,,to_tlv
2026,6,יום חול,4600,,739,12:09:00,,,to_tlv
2026,6,יום חול,4170,,8638,12:09:00,,,to_tlv
2026,6,יום חול,4900,,161,12:09:00,,,to_tlv
2026,6,יום חול,5150,,248,12:09:00,,,from_tlv
2026,6,שישי,1300,,6450,12:09:00,,,to_tlv
2026,6,שישי,3700,,6234,12:09:00,,,to_tlv
2026,6,שישי,3400,,6233,12:09:00,,,from_tlv
2026,6,שישי,1240,,6074,12:09:00,,,to_tlv
2026,6,יום חול,3100,,244,12:10:00,,,to_tlv
2026,6,יום חול,4600,,32,12:10:00,,,to_tlv
2026,6,יום חול,7300,,631,12:10:00,,,to_tlv
2026,6,יום חול,5800,,250,12:10:00,,,from_tlv
2026,6,יום חול,4900,,736,12:10:00,,,to_tlv
2026,6,יום חול,5410,,241,12:10:00,,,to_tlv
2026,6,שישי,2500,,6073,12:10:00,,,from_tlv
2026,6,שישי,680,,6553,12:10:00,,,to_tlv
2026,6,שישי,3600,,6033,12:10:00,,,to_tlv
2026,6,שישי,4900,,6740,12:10:00,,,to_tlv
2026,6,שישי,1820,,6453,12:10:00,,,from_tlv
2026,6,שישי,7300,,6632,12:10:00,,,from_tlv
2026,6,יום חול,1230,,77,12:11:00,,,from_tlv
2026,6,יום חול,2100,,453,12:11:00,,,from_tlv
2026,6,יום חול,3500,,636,12:11:00,,,to_tlv
2026,6,יום חול,2820,,247,12:11:00,,,from_tlv
2026,6,יום חול,4600,,637,12:11:00,,,to_tlv
2026,6,יום חול,4640,,640,12:11:00,,,from_tlv
2026,6,יום חול,5410,,241,12:11:00,,,to_tlv
2026,6,יום חול,5000,,513,12:11:00,,,to_tlv
2026,6,יום חול,8800,,8639,12:11:00,,,from_tlv
2026,6,שישי,4250,,8628,12:11:00,,,to_tlv
2026,6,שישי,4250,,6628,12:11:00,,,to_tlv
2026,6,שישי,5010,,6512,12:11:00,,,from_tlv
2026,6,שישי,4100,,6625,12:11:00,,,from_tlv
2026,6,שישי,5000,,6912,12:11:00,,,from_tlv
2026,6,שישי,400,,6132,12:11:00,,,from_tlv
2026,6,שישי,5800,,6236,12:11:00,,,from_tlv
2026,6,יום חול,8800,,639,12:11:00,,,from_tlv
2026,6,שישי,4100,,8625,12:11:00,,,from_tlv
2026,6,יום חול,1300,,115,12:12:00,,,to_tlv
2026,6,יום חול,1400,,415,12:12:00,,,from_tlv
2026,6,יום חול,3700,,31,12:12:00,,,to_tlv
2026,6,יום חול,4800,,243,12:12:00,,,to_tlv
2026,6,יום חול,7000,,29,12:12:00,,,to_tlv
2026,6,שישי,1260,,6075,12:12:00,,,from_tlv
2026,6,יום חול,7320,,646,12:12:00,,,from_tlv
2026,6,יום חול,7300,,631,12:12:00,,,to_tlv
2026,6,שישי,7320,,6621,12:12:00,,,to_tlv
2026,6,שישי,3300,,6510,12:12:00,,,to_tlv
2026,6,יום חול,300,,563,12:13:00,,,from_tlv
2026,6,יום חול,1300,,110,12:13:00,,,to_tlv
2026,6,יום חול,2100,,74,12:13:00,,,to_tlv
2026,6,יום חול,2500,,163,12:13:00,,,from_tlv
2026,6,יום חול,1600,,160,12:13:00,,,to_tlv
2026,6,יום חול,3500,,246,12:13:00,,,to_tlv
2026,6,יום חול,3500,,245,12:13:00,,,from_tlv
2026,6,יום חול,4800,,248,12:13:00,,,from_tlv
2026,6,יום חול,5000,,514,12:13:00,,,from_tlv
2026,6,יום חול,5800,,642,12:13:00,,,from_tlv
2026,6,שישי,700,,6450,12:13:00,,,to_tlv
2026,6,שישי,5800,,6236,12:13:00,,,from_tlv
2026,6,יום חול,400,,111,12:14:00,,,to_tlv
2026,6,יום חול,2500,,162,12:14:00,,,to_tlv
2026,6,יום חול,4300,,846,12:14:00,,,to_tlv
2026,6,יום חול,4250,,8638,12:14:00,,,to_tlv
2026,6,יום חול,4250,,638,12:14:00,,,to_tlv
2026,6,שישי,5150,,6513,12:14:00,,,to_tlv
2026,6,שישי,5410,,6231,12:14:00,,,to_tlv
2026,6,שישי,3600,,6234,12:14:00,,,to_tlv
2026,6,שישי,6300,,6514,12:14:00,,,from_tlv
2026,6,שישי,9000,,6630,12:14:00,,,from_tlv
2026,6,שישי,9000,,8630,12:14:00,,,from_tlv
2026,6,יום חול,1220,,452,12:15:00,,,to_tlv
2026,6,יום חול,700,,415,12:15:00,,,from_tlv
2026,6,יום חול,1600,,165,12:15:00,,,from_tlv
2026,6,יום חול,4300,,849,12:15:00,,,to_tlv
2026,6,יום חול,3700,,32,12:15:00,,,to_tlv
2026,6,יום חול,4600,,31,12:15:00,,,to_tlv
2026,6,יום חול,4900,,640,12:15:00,,,to_tlv
2026,6,יום חול,4900,,637,12:15:00,,,to_tlv
2026,6,יום חול,4600,,736,12:15:00,,,to_tlv
2026,6,יום חול,4900,,739,12:15:00,,,to_tlv
2026,6,יום חול,5800,,8642,12:15:00,,,from_tlv
2026,6,יום חול,7000,,34,12:15:00,,,from_tlv
2026,6,שישי,4600,,6740,12:15:00,,,to_tlv
2026,6,שישי,3700,,6033,12:15:00,,,to_tlv
2026,6,יום חול,300,,564,12:16:00,,,to_tlv
2026,6,יום חול,2200,,453,12:16:00,,,from_tlv
2026,6,יום חול,4900,,164,12:16:00,,,to_tlv
2026,6,יום חול,5150,,243,12:16:00,,,to_tlv
2026,6,יום חול,5800,,635,12:16:00,,,to_tlv
2026,6,יום חול,5010,,513,12:16:00,,,to_tlv
2026,6,יום חול,5000,,913,12:16:00,,,to_tlv
2026,6,שישי,3600,,6625,12:16:00,,,to_tlv
2026,6,יום חול,5800,,8635,12:16:00,,,to_tlv
2026,6,שישי,1600,,8057,12:16:00,,,from_tlv
2026,6,שישי,1400,,6450,12:16:00,,,to_tlv
2026,6,שישי,3600,,8625,12:16:00,,,to_tlv
2026,6,שישי,1500,,6028,12:16:00,,,to_tlv
2026,6,שישי,5000,,6512,12:16:00,,,from_tlv
2026,6,יום חול,1220,,115,12:17:00,,,from_tlv
2026,6,יום חול,700,,110,12:17:00,,,to_tlv
2026,6,יום חול,3100,,247,12:17:00,,,from_tlv
2026,6,יום חול,4250,,639,12:17:00,,,from_tlv
2026,6,יום חול,4250,,8639,12:17:00,,,from_tlv
2026,6,שישי,4900,,6032,12:17:00,,,to_tlv
2026,6,שישי,8800,,6628,12:17:00,,,to_tlv
2026,6,שישי,8800,,8628,12:17:00,,,to_tlv
2026,6,שישי,3500,,6233,12:17:00,,,from_tlv
2026,6,שישי,300,,6132,12:17:00,,,to_tlv
2026,6,יום חול,400,,114,12:18:00,,,from_tlv
2026,6,יום חול,2100,,77,12:18:00,,,from_tlv
2026,6,יום חול,2820,,244,12:18:00,,,to_tlv
2026,6,שישי,1250,,6074,12:18:00,,,to_tlv
2026,6,שישי,5900,,6623,12:18:00,,,to_tlv
2026,6,יום חול,5410,,250,12:18:00,,,from_tlv
2026,6,יום חול,1300,,415,12:19:00,,,to_tlv
2026,6,יום חול,3600,,245,12:19:00,,,to_tlv
2026,6,יום חול,3500,,641,12:19:00,,,from_tlv
2026,6,יום חול,3500,,8641,12:19:00,,,from_tlv
2026,6,יום חול,5800,,241,12:19:00,,,to_tlv
2026,6,יום חול,7300,,646,12:19:00,,,from_tlv
2026,6,יום חול,5150,,514,12:19:00,,,from_tlv
2026,6,יום חול,7320,,631,12:19:00,,,to_tlv
2026,6,יום חול,8800,,638,12:19:00,,,to_tlv
2026,6,יום חול,8800,,8638,12:19:00,,,to_tlv
2026,6,יום חול,1400,,110,12:20:00,,,to_tlv
2026,6,יום חול,1300,,452,12:20:00,,,to_tlv
2026,6,יום חול,1230,,74,12:20:00,,,to_tlv
2026,6,יום חול,3700,,736,12:20:00,,,to_tlv
2026,6,יום חול,4600,,640,12:20:00,,,to_tlv
2026,6,יום חול,5800,,241,12:20:00,,,to_tlv
2026,6,יום חול,4300,,8123,12:20:00,,,to_tlv
2026,6,יום חול,4640,,637,12:20:00,,,to_tlv
2026,6,יום חול,4900,,31,12:20:00,,,to_tlv
2026,6,יום חול,5800,,241,12:20:00,,,to_tlv
2026,6,יום חול,8600,,161,12:20:00,,,to_tlv
2026,6,שישי,2500,,6035,12:20:00,,,from_tlv
2026,6,שישי,5000,,6513,12:20:00,,,to_tlv
2026,6,שישי,1250,,6075,12:20:00,,,from_tlv
2026,6,שישי,2500,,6030,12:20:00,,,to_tlv
2026,6,שישי,4600,,6033,12:20:00,,,to_tlv
2026,6,שישי,5900,,6623,12:20:00,,,to_tlv
2026,6,שישי,7000,,6031,12:20:00,,,to_tlv
2026,6,שישי,3700,,6740,12:20:00,,,to_tlv
2026,6,יום חול,4600,,164,12:21:00,,,to_tlv
2026,6,יום חול,4900,,248,12:21:00,,,to_tlv
2026,6,יום חול,5000,,243,12:21:00,,,to_tlv
2026,6,יום חול,7320,,631,12:21:00,,,to_tlv
2026,6,שישי,300,,6133,12:21:00,,,from_tlv
2026,6,שישי,3700,,6625,12:21:00,,,to_tlv
2026,6,שישי,3700,,8625,12:21:00,,,to_tlv
2026,6,שישי,3500,,6234,12:21:00,,,to_tlv
2026,6,יום חול,680,,737,12:22:00,,,to_tlv
2026,6,יום חול,1500,,165,12:22:00,,,from_tlv
2026,6,יום חול,3400,,246,12:22:00,,,to_tlv
2026,6,יום חול,4170,,8639,12:22:00,,,from_tlv
2026,6,יום חול,4170,,639,12:22:00,,,from_tlv
2026,6,יום חול,4310,,849,12:22:00,,,to_tlv
2026,6,שישי,680,,6739,12:22:00,,,to_tlv
2026,6,שישי,1400,,6453,12:22:00,,,from_tlv
2026,6,שישי,7000,,6034,12:22:00,,,from_tlv
2026,6,שישי,9800,,6630,12:22:00,,,from_tlv
2026,6,שישי,5150,,6512,12:22:00,,,from_tlv
2026,6,שישי,9800,,8630,12:22:00,,,from_tlv
2026,6,שישי,4600,,6032,12:22:00,,,to_tlv
2026,6,יום חול,1220,,415,12:23:00,,,from_tlv
2026,6,יום חול,2800,,244,12:23:00,,,to_tlv
2026,6,יום חול,2200,,77,12:23:00,,,from_tlv
2026,6,יום חול,3700,,640,12:23:00,,,to_tlv
2026,6,יום חול,4660,,637,12:23:00,,,to_tlv
2026,6,שישי,8700,,8628,12:23:00,,,to_tlv
2026,6,שישי,5410,,6236,12:23:00,,,from_tlv
2026,6,שישי,3600,,6233,12:23:00,,,to_tlv
2026,6,שישי,8700,,6628,12:23:00,,,to_tlv
2026,6,יום חול,400,,564,12:24:00,,,from_tlv
2026,6,יום חול,700,,452,12:24:00,,,to_tlv
2026,6,יום חול,300,,114,12:24:00,,,to_tlv
2026,6,יום חול,2300,,162,12:24:00,,,to_tlv
2026,6,יום חול,2940,,641,12:24:00,,,from_tlv
2026,6,יום חול,2300,,453,12:24:00,,,from_tlv
2026,6,יום חול,2940,,8641,12:24:00,,,from_tlv
2026,6,יום חול,3700,,245,12:24:00,,,to_tlv
2026,6,יום חול,3500,,741,12:24:00,,,from_tlv
2026,6,יום חול,3600,,113,12:24:00,,,to_tlv
2026,6,יום חול,9000,,642,12:24:00,,,from_tlv
2026,6,שישי,5800,,6231,12:24:00,,,to_tlv
2026,6,יום חול,9000,,8642,12:24:00,,,from_tlv
2026,6,יום חול,5200,,250,12:24:00,,,from_tlv
2026,6,שישי,3500,,6743,12:24:00,,,from_tlv
2026,6,שישי,5800,,6231,12:24:00,,,to_tlv
2026,6,שישי,9700,,6632,12:24:00,,,from_tlv
2026,6,יום חול,2100,,115,12:25:00,,,from_tlv
2026,6,יום חול,3600,,736,12:25:00,,,to_tlv
2026,6,יום חול,9100,,913,12:25:00,,,to_tlv
2026,6,יום חול,8700,,638,12:25:00,,,to_tlv
2026,6,יום חול,8700,,8638,12:25:00,,,to_tlv
2026,6,שישי,700,,6453,12:25:00,,,from_tlv
2026,6,שישי,4600,,8625,12:25:00,,,to_tlv
2026,6,שישי,4600,,6625,12:25:00,,,to_tlv
2026,6,שישי,1500,,8057,12:25:00,,,from_tlv
2026,6,שישי,5010,,6513,12:25:00,,,to_tlv
2026,6,שישי,3600,,6740,12:25:00,,,to_tlv
2026,6,יום חול,2800,,163,12:26:00,,,from_tlv
2026,6,יום חול,3310,,246,12:26:00,,,to_tlv
2026,6,יום חול,3700,,164,12:26:00,,,to_tlv
2026,6,יום חול,4600,,248,12:26:00,,,to_tlv
2026,6,יום חול,5900,,635,12:26:00,,,to_tlv
2026,6,יום חול,5900,,644,12:26:00,,,from_tlv
2026,6,יום חול,8600,,739,12:26:00,,,to_tlv
2026,6,שישי,4690,,8630,12:26:00,,,from_tlv
2026,6,שישי,4900,,6033,12:26:00,,,to_tlv
2026,6,שישי,4690,,6630,12:26:00,,,from_tlv
2026,6,יום חול,1400,,452,12:27:00,,,to_tlv
2026,6,יום חול,3300,,247,12:27:00,,,from_tlv
2026,6,יום חול,4100,,639,12:27:00,,,from_tlv
2026,6,יום חול,4100,,8639,12:27:00,,,from_tlv
2026,6,יום חול,4680,,637,12:27:00,,,to_tlv
2026,6,יום חול,8800,,848,12:27:00,,,to_tlv
2026,6,שישי,3300,,6515,12:27:00,,,from_tlv
2026,6,יום חול,6150,,34,12:27:00,,,from_tlv
2026,6,שישי,3700,,6032,12:27:00,,,to_tlv
2026,6,שישי,9200,,6628,12:27:00,,,to_tlv
2026,6,שישי,9200,,8628,12:27:00,,,to_tlv
2026,6,יום חול,2960,,641,12:28:00,,,from_tlv
2026,6,יום חול,3600,,640,12:28:00,,,to_tlv
2026,6,יום חול,2960,,8641,12:28:00,,,from_tlv
2026,6,יום חול,4600,,245,12:28:00,,,to_tlv
2026,6,יום חול,5900,,635,12:28:00,,,to_tlv
2026,6,יום חול,9200,,8638,12:28:00,,,to_tlv
2026,6,יום חול,5300,,243,12:28:00,,,to_tlv
2026,6,שישי,1600,,6028,12:28:00,,,to_tlv
2026,6,יום חול,9200,,638,12:28:00,,,to_tlv
2026,6,שישי,3700,,6233,12:28:00,,,to_tlv
2026,6,שישי,8600,,6132,12:28:00,,,from_tlv
2026,6,שישי,1260,,6074,12:28:00,,,to_tlv
2026,6,יום חול,1500,,110,12:29:00,,,to_tlv
2026,6,יום חול,2300,,77,12:29:00,,,from_tlv
2026,6,יום חול,3900,,846,12:29:00,,,to_tlv
2026,6,יום חול,3700,,113,12:29:00,,,to_tlv
2026,6,יום חול,4900,,514,12:29:00,,,to_tlv
2026,6,שישי,1820,,6450,12:29:00,,,to_tlv
2026,6,יום חול,5900,,241,12:29:00,,,to_tlv
2026,6,יום חול,8600,,738,12:29:00,,,from_tlv
2026,6,שישי,400,,6133,12:29:00,,,to_tlv
2026,6,שישי,3400,,6234,12:29:00,,,to_tlv
2026,6,שישי,680,,6554,12:29:00,,,to_tlv
2026,6,שישי,1240,,6075,12:29:00,,,from_tlv
2026,6,שישי,4680,,8630,12:29:00,,,from_tlv
2026,6,שישי,4680,,6630,12:29:00,,,from_tlv
2026,6,שישי,1300,,6453,12:29:00,,,to_tlv
2026,6,יום חול,1240,,74,12:30:00,,,to_tlv
2026,6,יום חול,2200,,115,12:30:00,,,from_tlv
2026,6,יום חול,3700,,248,12:30:00,,,to_tlv
2026,6,יום חול,3600,,741,12:30:00,,,to_tlv
2026,6,יום חול,4310,,8123,12:30:00,,,to_tlv
2026,6,יום חול,5300,,250,12:30:00,,,from_tlv
2026,6,שישי,3600,,6743,12:30:00,,,to_tlv
2026,6,שישי,4900,,6625,12:30:00,,,to_tlv
2026,6,שישי,2960,,6628,12:30:00,,,to_tlv
2026,6,יום חול,5900,,241,12:30:00,,,to_tlv
2026,6,שישי,9600,,6623,12:30:00,,,to_tlv
2026,6,שישי,2500,,6076,12:30:00,,,to_tlv
2026,6,שישי,2300,,6030,12:30:00,,,to_tlv
2026,6,שישי,2960,,8628,12:30:00,,,to_tlv
2026,6,שישי,4900,,8625,12:30:00,,,to_tlv
2026,6,יום חול,1280,,79,12:31:00,,,from_tlv
2026,6,יום חול,2200,,162,12:31:00,,,to_tlv
2026,6,יום חול,2960,,8638,12:31:00,,,to_tlv
2026,6,יום חול,2960,,638,12:31:00,,,to_tlv
2026,6,יום חול,3300,,246,12:31:00,,,to_tlv
2026,6,יום חול,2800,,112,12:31:00,,,to_tlv
2026,6,יום חול,3600,,164,12:31:00,,,to_tlv
2026,6,יום חול,4690,,637,12:31:00,,,to_tlv
2026,6,יום חול,8550,,29,12:31:00,,,to_tlv
2026,6,שישי,5200,,6236,12:31:00,,,from_tlv
2026,6,יום חול,1400,,165,12:32:00,,,from_tlv
2026,6,יום חול,3310,,247,12:32:00,,,from_tlv
2026,6,יום חול,3600,,8639,12:32:00,,,to_tlv
2026,6,יום חול,3900,,851,12:32:00,,,to_tlv
2026,6,יום חול,3600,,639,12:32:00,,,to_tlv
2026,6,יום חול,9200,,8641,12:32:00,,,from_tlv
2026,6,יום חול,9800,,8642,12:32:00,,,from_tlv
2026,6,יום חול,9200,,641,12:32:00,,,from_tlv
2026,6,יום חול,9800,,642,12:32:00,,,from_tlv
2026,6,שישי,4600,,6233,12:32:00,,,to_tlv
2026,6,שישי,4900,,6512,12:32:00,,,to_tlv
2026,6,יום חול,3500,,736,12:33:00,,,to_tlv
2026,6,יום חול,4900,,245,12:33:00,,,to_tlv
2026,6,יום חול,5200,,243,12:33:00,,,to_tlv
2026,6,שישי,1220,,6453,12:33:00,,,from_tlv
2026,6,שישי,3310,,6234,12:33:00,,,to_tlv
2026,6,יום חול,9700,,646,12:33:00,,,from_tlv
2026,6,שישי,3400,,6515,12:33:00,,,from_tlv
2026,6,שישי,3500,,8627,12:33:00,,,from_tlv
2026,6,שישי,9650,,6632,12:33:00,,,from_tlv
2026,6,שישי,3500,,6627,12:33:00,,,from_tlv
2026,6,יום חול,1840,,455,12:34:00,,,from_tlv
2026,6,יום חול,4100,,640,12:34:00,,,to_tlv
2026,6,יום חול,4600,,113,12:34:00,,,to_tlv
2026,6,יום חול,4600,,514,12:34:00,,,to_tlv
2026,6,יום חול,8800,,849,12:34:00,,,from_tlv
2026,6,יום חול,5800,,644,12:34:00,,,from_tlv
2026,6,שישי,4660,,6630,12:34:00,,,from_tlv
2026,6,יום חול,9800,,637,12:34:00,,,to_tlv
2026,6,שישי,4660,,8630,12:34:00,,,from_tlv
2026,6,שישי,3500,,6740,12:34:00,,,to_tlv
2026,6,יום חול,700,,165,12:35:00,,,from_tlv
2026,6,יום חול,300,,161,12:35:00,,,from_tlv
2026,6,יום חול,680,,563,12:35:00,,,to_tlv
2026,6,יום חול,2940,,638,12:35:00,,,to_tlv
2026,6,יום חול,2940,,8638,12:35:00,,,to_tlv
2026,6,יום חול,2100,,162,12:35:00,,,to_tlv
2026,6,יום חול,3400,,247,12:35:00,,,from_tlv
2026,6,יום חול,3700,,741,12:35:00,,,to_tlv
2026,6,יום חול,3600,,248,12:35:00,,,to_tlv
2026,6,יום חול,8700,,641,12:35:00,,,from_tlv
2026,6,יום חול,8700,,8641,12:35:00,,,from_tlv
2026,6,יום חול,8600,,114,12:35:00,,,from_tlv
2026,6,שישי,2940,,6628,12:35:00,,,to_tlv
2026,6,שישי,1400,,8057,12:35:00,,,from_tlv
2026,6,שישי,4640,,6625,12:35:00,,,to_tlv
2026,6,שישי,5000,,6913,12:35:00,,,to_tlv
2026,6,שישי,3700,,6743,12:35:00,,,to_tlv
2026,6,שישי,2940,,8628,12:35:00,,,to_tlv
2026,6,שישי,4640,,8625,12:35:00,,,to_tlv
2026,6,שישי,5900,,6231,12:35:00,,,to_tlv
2026,6,יום חול,2300,,115,12:36:00,,,from_tlv
2026,6,יום חול,4680,,642,12:36:00,,,from_tlv
2026,6,יום חול,5000,,31,12:36:00,,,to_tlv
2026,6,יום חול,4680,,8642,12:36:00,,,from_tlv
2026,6,יום חול,5800,,644,12:36:00,,,from_tlv
2026,6,יום חול,5000,,250,12:36:00,,,from_tlv
2026,6,שישי,2800,,6035,12:36:00,,,from_tlv
2026,6,יום חול,6900,,34,12:36:00,,,from_tlv
2026,6,יום חול,2800,,249,12:37:00,,,from_tlv
2026,6,יום חול,3700,,639,12:37:00,,,to_tlv
2026,6,יום חול,3700,,8639,12:37:00,,,to_tlv
2026,6,יום חול,4310,,848,12:37:00,,,to_tlv
2026,6,יום חול,6300,,513,12:37:00,,,to_tlv
2026,6,שישי,4600,,6512,12:37:00,,,to_tlv
2026,6,שישי,4900,,6233,12:37:00,,,to_tlv
2026,6,שישי,5300,,6236,12:37:00,,,from_tlv
2026,6,שישי,6150,,6034,12:37:00,,,from_tlv
2026,6,יום חול,1250,,74,12:38:00,,,to_tlv
2026,6,יום חול,3700,,514,12:38:00,,,to_tlv
2026,6,שישי,4640,,6630,12:38:00,,,from_tlv
2026,6,יום חול,9600,,635,12:38:00,,,to_tlv
2026,6,שישי,2940,,6627,12:38:00,,,from_tlv
2026,6,שישי,3300,,6234,12:38:00,,,to_tlv
2026,6,שישי,4660,,6625,12:38:00,,,to_tlv
2026,6,שישי,4640,,8630,12:38:00,,,from_tlv
2026,6,שישי,2940,,8627,12:38:00,,,from_tlv
2026,6,שישי,4660,,8625,12:38:00,,,to_tlv
2026,6,יום חול,1300,,165,12:39:00,,,to_tlv
2026,6,יום חול,680,,740,12:39:00,,,to_tlv
2026,6,יום חול,2500,,77,12:39:00,,,from_tlv
2026,6,יום חול,1600,,110,12:39:00,,,to_tlv
2026,6,יום חול,4170,,640,12:39:00,,,to_tlv
2026,6,יום חול,4900,,113,12:39:00,,,to_tlv
2026,6,יום חול,4600,,741,12:39:00,,,to_tlv
2026,6,שישי,2200,,6030,12:39:00,,,to_tlv
2026,6,שישי,700,,8057,12:39:00,,,from_tlv
2026,6,שישי,4900,,6132,12:39:00,,,to_tlv
2026,6,שישי,9650,,6623,12:39:00,,,to_tlv
2026,6,שישי,680,,6744,12:39:00,,,to_tlv
2026,6,שישי,2300,,6076,12:39:00,,,to_tlv
2026,6,שישי,4600,,6743,12:39:00,,,to_tlv
2026,6,יום חול,3100,,246,12:40:00,,,to_tlv
2026,6,יום חול,4660,,8642,12:40:00,,,from_tlv
2026,6,יום חול,4660,,642,12:40:00,,,from_tlv
2026,6,יום חול,4900,,738,12:40:00,,,to_tlv
2026,6,שישי,5010,,6514,12:40:00,,,from_tlv
2026,6,שישי,5000,,6033,12:40:00,,,to_tlv
2026,6,שישי,8550,,6031,12:40:00,,,to_tlv
2026,6,יום חול,1820,,455,12:41:00,,,from_tlv
2026,6,יום חול,3500,,8638,12:41:00,,,to_tlv
2026,6,יום חול,2820,,249,12:41:00,,,from_tlv
2026,6,יום חול,3500,,638,12:41:00,,,to_tlv
2026,6,יום חול,4600,,8639,12:41:00,,,to_tlv
2026,6,יום חול,4600,,639,12:41:00,,,to_tlv
2026,6,יום חול,7300,,29,12:41:00,,,to_tlv
2026,6,יום חול,8800,,8641,12:41:00,,,from_tlv
2026,6,יום חול,8800,,641,12:41:00,,,from_tlv
2026,6,יום חול,7320,,36,12:41:00,,,from_tlv
2026,6,שישי,2100,,6453,12:41:00,,,from_tlv
2026,6,שישי,1230,,6075,12:41:00,,,from_tlv
2026,6,שישי,2800,,6235,12:41:00,,,from_tlv
2026,6,יום חול,1820,,452,12:42:00,,,to_tlv
2026,6,יום חול,4800,,245,12:42:00,,,to_tlv
2026,6,יום חול,5010,,31,12:42:00,,,to_tlv
2026,6,שישי,4680,,8625,12:42:00,,,to_tlv
2026,6,יום חול,9650,,646,12:42:00,,,from_tlv
2026,6,שישי,4900,,6630,12:42:00,,,to_tlv
2026,6,שישי,4680,,6625,12:42:00,,,to_tlv
2026,6,שישי,3500,,6628,12:42:00,,,to_tlv
2026,6,שישי,1280,,6074,12:42:00,,,to_tlv
2026,6,שישי,3700,,6512,12:42:00,,,to_tlv
2026,6,שישי,3500,,6515,12:42:00,,,from_tlv
2026,6,שישי,3500,,8628,12:42:00,,,to_tlv
2026,6,שישי,9600,,6632,12:42:00,,,from_tlv
2026,6,שישי,4900,,8630,12:42:00,,,to_tlv
2026,6,יום חול,1220,,162,12:43:00,,,to_tlv
2026,6,יום חול,3500,,248,12:43:00,,,to_tlv
2026,6,יום חול,3500,,247,12:43:00,,,from_tlv
2026,6,יום חול,4800,,250,12:43:00,,,from_tlv
2026,6,יום חול,9000,,637,12:43:00,,,to_tlv
2026,6,שישי,1300,,8057,12:43:00,,,to_tlv
2026,6,שישי,2960,,8627,12:43:00,,,from_tlv
2026,6,שישי,400,,6555,12:43:00,,,to_tlv
2026,6,שישי,1840,,6450,12:43:00,,,to_tlv
2026,6,שישי,2960,,6627,12:43:00,,,from_tlv
2026,6,יום חול,400,,161,12:44:00,,,to_tlv
2026,6,יום חול,1220,,165,12:44:00,,,from_tlv
2026,6,יום חול,4250,,640,12:44:00,,,to_tlv
2026,6,יום חול,4300,,848,12:44:00,,,to_tlv
2026,6,שישי,9100,,6913,12:44:00,,,to_tlv
2026,6,שישי,2100,,6030,12:44:00,,,to_tlv
2026,6,שישי,4600,,6132,12:44:00,,,to_tlv
2026,6,שישי,5000,,6236,12:44:00,,,from_tlv
2026,6,יום חול,1260,,79,12:45:00,,,from_tlv
2026,6,יום חול,4600,,738,12:45:00,,,to_tlv
2026,6,יום חול,4300,,851,12:45:00,,,to_tlv
2026,6,יום חול,4900,,741,12:45:00,,,to_tlv
2026,6,יום חול,4900,,8639,12:45:00,,,to_tlv
2026,6,יום חול,4900,,8642,12:45:00,,,to_tlv
2026,6,יום חול,4900,,639,12:45:00,,,to_tlv
2026,6,יום חול,4900,,642,12:45:00,,,to_tlv
2026,6,יום חול,9000,,644,12:45:00,,,from_tlv
2026,6,שישי,300,,6554,12:45:00,,,to_tlv
2026,6,שישי,4900,,6743,12:45:00,,,to_tlv
2026,6,שישי,2820,,6235,12:45:00,,,from_tlv
2026,6,יום חול,4900,,114,12:46:00,,,to_tlv
2026,6,יום חול,5010,,34,12:46:00,,,from_tlv
2026,6,שישי,2200,,6453,12:46:00,,,from_tlv
2026,6,שישי,4690,,8625,12:46:00,,,to_tlv
2026,6,שישי,2300,,6452,12:46:00,,,to_tlv
2026,6,שישי,4800,,6233,12:46:00,,,to_tlv
2026,6,שישי,4690,,6625,12:46:00,,,to_tlv
2026,6,יום חול,1260,,74,12:47:00,,,to_tlv
2026,6,יום חול,3100,,249,12:47:00,,,from_tlv
2026,6,יום חול,4250,,8641,12:47:00,,,from_tlv
2026,6,יום חול,4250,,641,12:47:00,,,from_tlv
2026,6,שישי,2200,,6076,12:47:00,,,to_tlv
2026,6,יום חול,9650,,635,12:47:00,,,to_tlv
2026,6,שישי,1220,,8057,12:47:00,,,from_tlv
2026,6,שישי,3600,,6512,12:47:00,,,to_tlv
2026,6,שישי,9200,,8627,12:47:00,,,from_tlv
2026,6,שישי,4600,,6630,12:47:00,,,to_tlv
2026,6,שישי,5000,,6514,12:47:00,,,from_tlv
2026,6,שישי,9200,,6627,12:47:00,,,from_tlv
2026,6,שישי,3700,,6135,12:47:00,,,to_tlv
2026,6,שישי,4600,,8630,12:47:00,,,to_tlv
2026,6,יום חול,1300,,162,12:48:00,,,to_tlv
2026,6,יום חול,400,,166,12:48:00,,,from_tlv
2026,6,יום חול,1600,,117,12:48:00,,,from_tlv
2026,6,יום חול,2820,,246,12:48:00,,,to_tlv
2026,6,יום חול,3700,,515,12:48:00,,,to_tlv
2026,6,שישי,6900,,6034,12:48:00,,,from_tlv
2026,6,שישי,3100,,6234,12:48:00,,,to_tlv
2026,6,שישי,2100,,6075,12:48:00,,,from_tlv
2026,6,שישי,9700,,6623,12:48:00,,,to_tlv
2026,6,יום חול,7300,,36,12:48:00,,,from_tlv
2026,6,יום חול,2300,,112,12:49:00,,,to_tlv
2026,6,יום חול,3500,,643,12:49:00,,,from_tlv
2026,6,יום חול,3600,,247,12:49:00,,,to_tlv
2026,6,יום חול,3500,,8643,12:49:00,,,from_tlv
2026,6,יום חול,5000,,245,12:49:00,,,to_tlv
2026,6,יום חול,6300,,516,12:49:00,,,from_tlv
2026,6,שישי,3600,,6515,12:49:00,,,to_tlv
2026,6,יום חול,8800,,640,12:49:00,,,to_tlv
2026,6,שישי,3700,,6132,12:49:00,,,to_tlv
2026,6,שישי,300,,6555,12:49:00,,,from_tlv
2026,6,שישי,6300,,6513,12:49:00,,,to_tlv
2026,6,שישי,9800,,8625,12:49:00,,,to_tlv
2026,6,שישי,9800,,6625,12:49:00,,,to_tlv
2026,6,יום חול,3700,,738,12:50:00,,,to_tlv
2026,6,יום חול,4600,,642,12:50:00,,,to_tlv
2026,6,יום חול,4600,,8642,12:50:00,,,to_tlv
2026,6,יום חול,4600,,515,12:50:00,,,to_tlv
2026,6,יום חול,8600,,113,12:50:00,,,to_tlv
2026,6,יום חול,9100,,914,12:50:00,,,from_tlv
2026,6,יום חול,7320,,29,12:50:00,,,to_tlv
2026,6,שישי,8700,,6627,12:50:00,,,from_tlv
2026,6,שישי,3700,,8630,12:50:00,,,to_tlv
2026,6,שישי,4600,,6135,12:50:00,,,to_tlv
2026,6,שישי,8700,,8627,12:50:00,,,from_tlv
2026,6,שישי,3700,,6630,12:50:00,,,to_tlv
2026,6,שישי,7300,,6031,12:50:00,,,to_tlv
2026,6,יום חול,4660,,8639,12:51:00,,,to_tlv
2026,6,יום חול,4600,,114,12:51:00,,,to_tlv
2026,6,יום חול,4900,,250,12:51:00,,,to_tlv
2026,6,יום חול,4660,,639,12:51:00,,,to_tlv
2026,6,יום חול,5000,,34,12:51:00,,,from_tlv
2026,6,שישי,4800,,6236,12:51:00,,,from_tlv
2026,6,יום חול,6900,,31,12:51:00,,,to_tlv
2026,6,שישי,3100,,6235,12:51:00,,,from_tlv
2026,6,שישי,2100,,6076,12:51:00,,,to_tlv
2026,6,יום חול,680,,739,12:52:00,,,to_tlv
2026,6,יום חול,1400,,455,12:52:00,,,from_tlv
2026,6,יום חול,700,,162,12:52:00,,,to_tlv
2026,6,יום חול,2100,,165,12:52:00,,,from_tlv
2026,6,יום חול,3400,,248,12:52:00,,,to_tlv
2026,6,יום חול,4170,,8641,12:52:00,,,from_tlv
2026,6,יום חול,4170,,641,12:52:00,,,from_tlv
2026,6,יום חול,4310,,851,12:52:00,,,to_tlv
2026,6,שישי,2200,,6452,12:52:00,,,to_tlv
2026,6,שישי,2200,,6075,12:52:00,,,from_tlv
2026,6,יום חול,9600,,646,12:52:00,,,from_tlv
2026,6,שישי,400,,6554,12:52:00,,,from_tlv
2026,6,יום חול,2800,,246,12:53:00,,,to_tlv
2026,6,יום חול,3700,,642,12:53:00,,,to_tlv
2026,6,יום חול,3700,,8642,12:53:00,,,to_tlv
2026,6,שישי,5900,,6632,12:53:00,,,from_tlv
2026,6,שישי,1220,,6030,12:53:00,,,to_tlv
2026,6,שישי,5000,,6233,12:53:00,,,to_tlv
2026,6,שישי,5900,,6632,12:53:00,,,from_tlv
2026,6,יום חול,1250,,79,12:54:00,,,from_tlv
2026,6,יום חול,300,,166,12:54:00,,,to_tlv
2026,6,יום חול,2940,,643,12:54:00,,,from_tlv
2026,6,יום חול,3500,,743,12:54:00,,,from_tlv
2026,6,יום חול,2940,,8643,12:54:00,,,from_tlv
2026,6,יום חול,3700,,247,12:54:00,,,to_tlv
2026,6,יום חול,3600,,163,12:54:00,,,to_tlv
2026,6,יום חול,5200,,252,12:54:00,,,from_tlv
2026,6,יום חול,5800,,637,12:54:00,,,to_tlv
2026,6,יום חול,5800,,637,12:54:00,,,to_tlv
2026,6,שישי,2300,,6453,12:54:00,,,from_tlv
2026,6,שישי,5150,,6514,12:54:00,,,from_tlv
2026,6,שישי,3700,,6515,12:54:00,,,to_tlv
2026,6,יום חול,700,,455,12:55:00,,,from_tlv
2026,6,יום חול,1500,,117,12:55:00,,,from_tlv
2026,6,יום חול,1400,,162,12:55:00,,,to_tlv
2026,6,יום חול,2500,,76,12:55:00,,,to_tlv
2026,6,יום חול,3600,,738,12:55:00,,,to_tlv
2026,6,יום חול,4680,,639,12:55:00,,,to_tlv
2026,6,יום חול,4900,,515,12:55:00,,,to_tlv
2026,6,יום חול,4680,,8639,12:55:00,,,to_tlv
2026,6,יום חול,8700,,640,12:55:00,,,to_tlv
2026,6,שישי,3600,,8630,12:55:00,,,to_tlv
2026,6,שישי,3500,,6512,12:55:00,,,to_tlv
2026,6,שישי,2820,,6234,12:55:00,,,to_tlv
2026,6,שישי,3600,,6630,12:55:00,,,to_tlv
2026,6,יום חול,2200,,112,12:56:00,,,to_tlv
2026,6,יום חול,1840,,452,12:56:00,,,to_tlv
2026,6,יום חול,2800,,115,12:56:00,,,from_tlv
2026,6,יום חול,3310,,248,12:56:00,,,to_tlv
2026,6,יום חול,3700,,114,12:56:00,,,to_tlv
2026,6,יום חול,4600,,250,12:56:00,,,to_tlv
2026,6,יום חול,5300,,245,12:56:00,,,to_tlv
2026,6,יום חול,8600,,741,12:56:00,,,to_tlv
2026,6,יום חול,9700,,635,12:56:00,,,to_tlv
2026,6,שישי,1280,,6077,12:56:00,,,from_tlv
2026,6,שישי,2100,,8057,12:56:00,,,from_tlv
2026,6,שישי,8800,,6627,12:56:00,,,from_tlv
2026,6,שישי,2100,,6452,12:56:00,,,to_tlv
2026,6,שישי,4900,,6135,12:56:00,,,to_tlv
2026,6,שישי,8800,,8627,12:56:00,,,from_tlv
2026,6,שישי,8600,,6743,12:56:00,,,to_tlv
2026,6,יום חול,9800,,644,12:56:00,,,from_tlv
2026,6,יום חול,2200,,165,12:57:00,,,from_tlv
2026,6,יום חול,2300,,454,12:57:00,,,to_tlv
2026,6,יום חול,3300,,249,12:57:00,,,from_tlv
2026,6,יום חול,4100,,8641,12:57:00,,,from_tlv
2026,6,יום חול,4100,,641,12:57:00,,,from_tlv
2026,6,יום חול,8800,,850,12:57:00,,,to_tlv
2026,6,יום חול,2960,,8643,12:58:00,,,from_tlv
2026,6,יום חול,2960,,643,12:58:00,,,from_tlv
2026,6,יום חול,3600,,8642,12:58:00,,,to_tlv
2026,6,יום חול,3600,,642,12:58:00,,,to_tlv
2026,6,יום חול,4600,,247,12:58:00,,,to_tlv
2026,6,יום חול,5300,,252,12:58:00,,,from_tlv
2026,6,שישי,5010,,6034,12:58:00,,,from_tlv
2026,6,שישי,1300,,6030,12:58:00,,,to_tlv
2026,6,יום חול,9200,,640,12:58:00,,,to_tlv
2026,6,שישי,1230,,6076,12:58:00,,,to_tlv
2026,6,שישי,4600,,6515,12:58:00,,,to_tlv
2026,6,שישי,9000,,6625,12:58:00,,,to_tlv
2026,6,שישי,9000,,8625,12:58:00,,,to_tlv
2026,6,יום חול,1300,,455,12:59:00,,,to_tlv
2026,6,יום חול,680,,566,12:59:00,,,to_tlv
2026,6,יום חול,3700,,163,12:59:00,,,to_tlv
2026,6,יום חול,3900,,848,12:59:00,,,to_tlv
2026,6,יום חול,8550,,36,12:59:00,,,from_tlv
2026,6,יום חול,5000,,914,12:59:00,,,from_tlv
2026,6,יום חול,8600,,740,12:59:00,,,from_tlv
2026,6,שישי,8600,,6744,12:59:00,,,from_tlv
2026,6,יום חול,9800,,8639,12:59:00,,,to_tlv
2026,6,שישי,4900,,6236,12:59:00,,,to_tlv
2026,6,יום חול,9800,,639,12:59:00,,,to_tlv
2026,6,שישי,7320,,6031,12:59:00,,,to_tlv
2026,6,יום חול,1280,,74,13:00:00,,,to_tlv
2026,6,יום חול,2100,,112,13:00:00,,,to_tlv
2026,6,יום חול,3700,,250,13:00:00,,,to_tlv
2026,6,יום חול,3600,,743,13:00:00,,,to_tlv
2026,6,יום חול,4690,,644,13:00:00,,,from_tlv
2026,6,יום חול,5900,,254,13:00:00,,,from_tlv
2026,6,שישי,5300,,6233,13:00:00,,,to_tlv
2026,6,יום חול,6150,,31,13:00:00,,,to_tlv
2026,6,שישי,2300,,6075,13:00:00,,,from_tlv
2026,6,שישי,2800,,6234,13:00:00,,,to_tlv
2026,6,יום חול,1240,,79,13:01:00,,,from_tlv
2026,6,יום חול,2800,,164,13:01:00,,,to_tlv
2026,6,יום חול,2960,,640,13:01:00,,,to_tlv
2026,6,יום חול,3300,,248,13:01:00,,,to_tlv
2026,6,יום חול,3600,,114,13:01:00,,,to_tlv
2026,6,יום חול,5200,,245,13:01:00,,,to_tlv
2026,6,שישי,3300,,6235,13:01:00,,,from_tlv
2026,6,שישי,9100,,6914,13:01:00,,,from_tlv
2026,6,שישי,4100,,8630,13:01:00,,,to_tlv
2026,6,שישי,2200,,8057,13:01:00,,,from_tlv
2026,6,שישי,4250,,6627,13:01:00,,,from_tlv
2026,6,שישי,4100,,6630,13:01:00,,,to_tlv
2026,6,שישי,4250,,8627,13:01:00,,,from_tlv
2026,6,יום חול,3310,,249,13:02:00,,,from_tlv
2026,6,יום חול,3600,,641,13:02:00,,,to_tlv
2026,6,יום חול,3600,,8641,13:02:00,,,to_tlv
2026,6,יום חול,3900,,853,13:02:00,,,to_tlv
2026,6,יום חול,5200,,245,13:02:00,,,to_tlv
2026,6,יום חול,9200,,8643,13:02:00,,,from_tlv
2026,6,שישי,1840,,6455,13:02:00,,,from_tlv
2026,6,שישי,700,,6030,13:02:00,,,to_tlv
2026,6,יום חול,9200,,643,13:02:00,,,from_tlv
2026,6,שישי,3500,,6035,13:02:00,,,from_tlv
2026,6,יום חול,1220,,455,13:03:00,,,from_tlv
2026,6,יום חול,2300,,76,13:03:00,,,to_tlv
2026,6,יום חול,2200,,454,13:03:00,,,to_tlv
2026,6,יום חול,2300,,165,13:03:00,,,from_tlv
2026,6,יום חול,3500,,738,13:03:00,,,to_tlv
2026,6,יום חול,4680,,644,13:03:00,,,from_tlv
2026,6,יום חול,4900,,247,13:03:00,,,to_tlv
2026,6,שישי,7300,,6623,13:03:00,,,to_tlv
2026,6,שישי,3400,,6512,13:03:00,,,to_tlv
2026,6,שישי,5900,,6238,13:03:00,,,from_tlv
2026,6,שישי,5800,,6632,13:03:00,,,from_tlv
2026,6,שישי,7320,,6634,13:03:00,,,from_tlv
2026,6,שישי,4900,,6515,13:03:00,,,to_tlv
2026,6,יום חול,1500,,162,13:04:00,,,to_tlv
2026,6,יום חול,4100,,8642,13:04:00,,,to_tlv
2026,6,יום חול,4100,,642,13:04:00,,,to_tlv
2026,6,יום חול,4600,,163,13:04:00,,,to_tlv
2026,6,יום חול,5000,,252,13:04:00,,,from_tlv
2026,6,יום חול,5900,,637,13:04:00,,,to_tlv
2026,6,יום חול,5900,,646,13:04:00,,,from_tlv
2026,6,יום חול,5900,,646,13:04:00,,,from_tlv
2026,6,יום חול,8800,,851,13:04:00,,,from_tlv
2026,6,שישי,1220,,6452,13:04:00,,,to_tlv
2026,6,שישי,5000,,6034,13:04:00,,,from_tlv
2026,6,שישי,4600,,6236,13:04:00,,,to_tlv
2026,6,שישי,4900,,6514,13:04:00,,,to_tlv
2026,6,יום חול,1400,,117,13:05:00,,,from_tlv
2026,6,יום חול,300,,113,13:05:00,,,from_tlv
2026,6,יום חול,3400,,249,13:05:00,,,from_tlv
2026,6,יום חול,2940,,640,13:05:00,,,to_tlv
2026,6,יום חול,3600,,250,13:05:00,,,to_tlv
2026,6,יום חול,3700,,743,13:05:00,,,to_tlv
2026,6,יום חול,4900,,34,13:05:00,,,to_tlv
2026,6,יום חול,5150,,515,13:05:00,,,to_tlv
2026,6,יום חול,8700,,643,13:05:00,,,from_tlv
2026,6,יום חול,8700,,8643,13:05:00,,,from_tlv
2026,6,יום חול,8600,,166,13:05:00,,,from_tlv
2026,6,שישי,5800,,8632,13:05:00,,,from_tlv
2026,6,שישי,1400,,6030,13:05:00,,,to_tlv
2026,6,שישי,5200,,6233,13:05:00,,,to_tlv
2026,6,יום חול,400,,565,13:06:00,,,to_tlv
2026,6,שישי,3310,,6235,13:06:00,,,from_tlv
2026,6,שישי,4170,,8630,13:06:00,,,to_tlv
2026,6,שישי,4170,,8627,13:06:00,,,from_tlv
2026,6,שישי,4170,,6627,13:06:00,,,from_tlv
2026,6,שישי,4170,,6630,13:06:00,,,to_tlv
2026,6,יום חול,2100,,454,13:07:00,,,to_tlv
2026,6,יום חול,2800,,251,13:07:00,,,from_tlv
2026,6,יום חול,3700,,641,13:07:00,,,to_tlv
2026,6,יום חול,3700,,8641,13:07:00,,,to_tlv
2026,6,יום חול,4310,,850,13:07:00,,,to_tlv
2026,6,יום חול,9000,,8639,13:07:00,,,to_tlv
2026,6,יום חול,9000,,639,13:07:00,,,to_tlv
2026,6,שישי,8600,,6135,13:07:00,,,to_tlv
2026,6,יום חול,700,,117,13:08:00,,,from_tlv
2026,6,יום חול,1220,,112,13:08:00,,,to_tlv
2026,6,יום חול,4660,,644,13:08:00,,,from_tlv
2026,6,יום חול,5800,,254,13:08:00,,,from_tlv
2026,6,יום חול,5010,,516,13:08:00,,,from_tlv
2026,6,שישי,5800,,6625,13:08:00,,,to_tlv
2026,6,שישי,5800,,8625,13:08:00,,,to_tlv
2026,6,שישי,2300,,8057,13:08:00,,,from_tlv
2026,6,יום חול,680,,742,13:09:00,,,to_tlv
2026,6,יום חול,2200,,76,13:09:00,,,to_tlv
2026,6,יום חול,4170,,642,13:09:00,,,to_tlv
2026,6,יום חול,4600,,743,13:09:00,,,to_tlv
2026,6,יום חול,4170,,8642,13:09:00,,,to_tlv
2026,6,יום חול,4900,,163,13:09:00,,,to_tlv
2026,6,יום חול,5150,,252,13:09:00,,,from_tlv
2026,6,שישי,1300,,6452,13:09:00,,,to_tlv
2026,6,שישי,3700,,6236,13:09:00,,,to_tlv
2026,6,שישי,1240,,6076,13:09:00,,,to_tlv
2026,6,שישי,4600,,6514,13:09:00,,,to_tlv
2026,6,שישי,7300,,6835,13:09:00,,,to_tlv
2026,6,שישי,3400,,6235,13:09:00,,,from_tlv
2026,6,יום חול,3100,,248,13:10:00,,,to_tlv
2026,6,יום חול,4600,,34,13:10:00,,,to_tlv
2026,6,יום חול,5800,,254,13:10:00,,,from_tlv
2026,6,יום חול,5410,,245,13:10:00,,,to_tlv
2026,6,יום חול,4900,,740,13:10:00,,,to_tlv
2026,6,שישי,680,,6555,13:10:00,,,to_tlv
2026,6,שישי,3600,,6035,13:10:00,,,to_tlv
2026,6,שישי,4900,,6744,13:10:00,,,to_tlv
2026,6,שישי,1820,,6455,13:10:00,,,from_tlv
2026,6,שישי,7300,,6634,13:10:00,,,from_tlv
2026,6,יום חול,1230,,79,13:11:00,,,from_tlv
2026,6,יום חול,2100,,455,13:11:00,,,from_tlv
2026,6,יום חול,3500,,640,13:11:00,,,to_tlv
2026,6,יום חול,2820,,251,13:11:00,,,from_tlv
2026,6,יום חול,4600,,8641,13:11:00,,,to_tlv
2026,6,יום חול,4640,,644,13:11:00,,,from_tlv
2026,6,יום חול,4600,,641,13:11:00,,,to_tlv
2026,6,יום חול,5410,,245,13:11:00,,,to_tlv
2026,6,יום חול,5000,,515,13:11:00,,,to_tlv
2026,6,יום חול,8800,,8643,13:11:00,,,from_tlv
2026,6,יום חול,8800,,643,13:11:00,,,from_tlv
2026,6,שישי,4250,,8630,13:11:00,,,to_tlv
2026,6,שישי,5800,,6238,13:11:00,,,from_tlv
2026,6,שישי,4100,,8627,13:11:00,,,from_tlv
2026,6,שישי,5000,,6914,13:11:00,,,from_tlv
2026,6,שישי,4100,,6627,13:11:00,,,from_tlv
2026,6,שישי,400,,6134,13:11:00,,,from_tlv
2026,6,שישי,4250,,6630,13:11:00,,,to_tlv
2026,6,יום חול,1300,,117,13:12:00,,,to_tlv
2026,6,יום חול,3700,,33,13:12:00,,,to_tlv
2026,6,יום חול,4800,,247,13:12:00,,,to_tlv
2026,6,יום חול,7000,,31,13:12:00,,,to_tlv
2026,6,שישי,3300,,6512,13:12:00,,,to_tlv
2026,6,יום חול,7320,,650,13:12:00,,,from_tlv
2026,6,שישי,1260,,6077,13:12:00,,,from_tlv
2026,6,שישי,7320,,6623,13:12:00,,,to_tlv
2026,6,יום חול,1300,,112,13:13:00,,,to_tlv
2026,6,יום חול,300,,565,13:13:00,,,from_tlv
2026,6,יום חול,1600,,162,13:13:00,,,to_tlv
2026,6,יום חול,2100,,76,13:13:00,,,to_tlv
2026,6,יום חול,2500,,165,13:13:00,,,from_tlv
2026,6,יום חול,3500,,249,13:13:00,,,from_tlv
2026,6,יום חול,3500,,250,13:13:00,,,to_tlv
2026,6,יום חול,4800,,252,13:13:00,,,from_tlv
2026,6,יום חול,5000,,516,13:13:00,,,from_tlv
2026,6,יום חול,7300,,635,13:13:00,,,to_tlv
2026,6,שישי,700,,6452,13:13:00,,,to_tlv
2026,6,שישי,5800,,6238,13:13:00,,,from_tlv
2026,6,יום חול,400,,113,13:14:00,,,to_tlv
2026,6,יום חול,2500,,164,13:14:00,,,to_tlv
2026,6,יום חול,4250,,642,13:14:00,,,to_tlv
2026,6,יום חול,4300,,850,13:14:00,,,to_tlv
2026,6,יום חול,4250,,8642,13:14:00,,,to_tlv
2026,6,יום חול,5800,,646,13:14:00,,,from_tlv
2026,6,שישי,3600,,6236,13:14:00,,,to_tlv
2026,6,שישי,9000,,6632,13:14:00,,,from_tlv
2026,6,שישי,5410,,6233,13:14:00,,,to_tlv
2026,6,שישי,3700,,6514,13:14:00,,,to_tlv
2026,6,שישי,5150,,6515,13:14:00,,,to_tlv
2026,6,שישי,9000,,8632,13:14:00,,,from_tlv
2026,6,יום חול,1220,,454,13:15:00,,,to_tlv
2026,6,יום חול,1600,,167,13:15:00,,,from_tlv
2026,6,יום חול,3700,,34,13:15:00,,,to_tlv
2026,6,יום חול,4600,,740,13:15:00,,,to_tlv
2026,6,יום חול,4300,,853,13:15:00,,,to_tlv
2026,6,יום חול,4900,,641,13:15:00,,,to_tlv
2026,6,יום חול,4900,,644,13:15:00,,,to_tlv
2026,6,יום חול,4600,,33,13:15:00,,,to_tlv
2026,6,יום חול,4900,,743,13:15:00,,,to_tlv
2026,6,יום חול,4900,,8641,13:15:00,,,to_tlv
2026,6,יום חול,7000,,36,13:15:00,,,from_tlv
2026,6,שישי,4600,,6744,13:15:00,,,to_tlv
2026,6,שישי,3700,,6035,13:15:00,,,to_tlv
2026,6,יום חול,300,,566,13:16:00,,,to_tlv
2026,6,יום חול,2200,,455,13:16:00,,,from_tlv
2026,6,יום חול,4900,,166,13:16:00,,,to_tlv
2026,6,יום חול,5000,,915,13:16:00,,,to_tlv
2026,6,יום חול,5010,,515,13:16:00,,,to_tlv
2026,6,יום חול,5150,,247,13:16:00,,,to_tlv
2026,6,יום חול,5800,,8646,13:16:00,,,from_tlv
2026,6,שישי,1400,,6452,13:16:00,,,to_tlv
2026,6,שישי,3600,,6627,13:16:00,,,to_tlv
2026,6,שישי,3600,,8627,13:16:00,,,to_tlv
2026,6,יום חול,700,,112,13:17:00,,,to_tlv
2026,6,יום חול,1220,,117,13:17:00,,,from_tlv
2026,6,יום חול,3100,,251,13:17:00,,,from_tlv
2026,6,יום חול,4250,,643,13:17:00,,,from_tlv
2026,6,יום חול,4250,,8643,13:17:00,,,from_tlv
2026,6,יום חול,5800,,8639,13:17:00,,,to_tlv
2026,6,יום חול,5800,,639,13:17:00,,,to_tlv
2026,6,שישי,300,,6134,13:17:00,,,to_tlv
2026,6,שישי,8800,,8630,13:17:00,,,to_tlv
2026,6,שישי,3500,,6235,13:17:00,,,from_tlv
2026,6,שישי,4900,,6034,13:17:00,,,to_tlv
2026,6,שישי,8800,,6630,13:17:00,,,to_tlv
2026,6,יום חול,400,,116,13:18:00,,,from_tlv
2026,6,יום חול,2100,,79,13:18:00,,,from_tlv
2026,6,יום חול,2820,,248,13:18:00,,,to_tlv
2026,6,יום חול,5410,,254,13:18:00,,,from_tlv
2026,6,שישי,1250,,6076,13:18:00,,,to_tlv
2026,6,שישי,5900,,6625,13:18:00,,,to_tlv
2026,6,יום חול,3500,,8645,13:19:00,,,from_tlv
2026,6,יום חול,3500,,645,13:19:00,,,from_tlv
2026,6,יום חול,3600,,249,13:19:00,,,to_tlv
2026,6,יום חול,5150,,516,13:19:00,,,from_tlv
2026,6,יום חול,7300,,650,13:19:00,,,from_tlv
2026,6,יום חול,5800,,245,13:19:00,,,to_tlv
2026,6,יום חול,8800,,8642,13:19:00,,,to_tlv
2026,6,יום חול,8800,,642,13:19:00,,,to_tlv
2026,6,שישי,3600,,6514,13:19:00,,,to_tlv
2026,6,יום חול,1400,,112,13:20:00,,,to_tlv
2026,6,יום חול,1230,,76,13:20:00,,,to_tlv
2026,6,יום חול,1300,,454,13:20:00,,,to_tlv
2026,6,יום חול,3700,,740,13:20:00,,,to_tlv
2026,6,יום חול,4640,,8641,13:20:00,,,to_tlv
2026,6,יום חול,4640,,641,13:20:00,,,to_tlv
2026,6,יום חול,4900,,33,13:20:00,,,to_tlv
2026,6,יום חול,4600,,644,13:20:00,,,to_tlv
2026,6,יום חול,5800,,245,13:20:00,,,to_tlv
2026,6,שישי,3700,,6744,13:20:00,,,to_tlv
2026,6,שישי,5000,,6515,13:20:00,,,to_tlv
2026,6,יום חול,5800,,245,13:20:00,,,to_tlv
2026,6,יום חול,8600,,163,13:20:00,,,to_tlv
2026,6,שישי,4600,,6035,13:20:00,,,to_tlv
2026,6,שישי,5900,,6625,13:20:00,,,to_tlv
2026,6,שישי,1250,,6077,13:20:00,,,from_tlv
2026,6,יום חול,4600,,166,13:21:00,,,to_tlv
2026,6,יום חול,4900,,252,13:21:00,,,to_tlv
2026,6,יום חול,5000,,247,13:21:00,,,to_tlv
2026,6,יום חול,7320,,635,13:21:00,,,to_tlv
2026,6,שישי,300,,6135,13:21:00,,,from_tlv
2026,6,שישי,3700,,6627,13:21:00,,,to_tlv
2026,6,שישי,3700,,8627,13:21:00,,,to_tlv
2026,6,שישי,3500,,6236,13:21:00,,,to_tlv
2026,6,יום חול,1500,,167,13:22:00,,,from_tlv
2026,6,יום חול,680,,741,13:22:00,,,to_tlv
2026,6,יום חול,3400,,250,13:22:00,,,to_tlv
2026,6,יום חול,4170,,8643,13:22:00,,,from_tlv
2026,6,יום חול,4310,,853,13:22:00,,,to_tlv
2026,6,יום חול,4170,,643,13:22:00,,,from_tlv
2026,6,שישי,1400,,6455,13:22:00,,,from_tlv
2026,6,שישי,680,,6743,13:22:00,,,to_tlv
2026,6,שישי,4600,,6034,13:22:00,,,to_tlv
2026,6,שישי,9800,,6632,13:22:00,,,from_tlv
2026,6,שישי,9800,,8632,13:22:00,,,from_tlv
2026,6,יום חול,2200,,79,13:23:00,,,from_tlv
2026,6,יום חול,2800,,248,13:23:00,,,to_tlv
2026,6,יום חול,3700,,644,13:23:00,,,to_tlv
2026,6,יום חול,4660,,8641,13:23:00,,,to_tlv
2026,6,יום חול,4660,,641,13:23:00,,,to_tlv
2026,6,שישי,8700,,6630,13:23:00,,,to_tlv
2026,6,שישי,3600,,6235,13:23:00,,,to_tlv
2026,6,שישי,8700,,8630,13:23:00,,,to_tlv
2026,6,שישי,5410,,6238,13:23:00,,,from_tlv
2026,6,יום חול,300,,116,13:24:00,,,to_tlv
2026,6,יום חול,400,,566,13:24:00,,,from_tlv
2026,6,יום חול,700,,454,13:24:00,,,to_tlv
2026,6,יום חול,2300,,455,13:24:00,,,from_tlv
2026,6,יום חול,2300,,164,13:24:00,,,to_tlv
2026,6,יום חול,3500,,745,13:24:00,,,from_tlv
2026,6,יום חול,2940,,645,13:24:00,,,from_tlv
2026,6,יום חול,2940,,8645,13:24:00,,,from_tlv
2026,6,יום חול,3700,,249,13:24:00,,,to_tlv
2026,6,יום חול,3600,,115,13:24:00,,,to_tlv
2026,6,יום חול,5200,,254,13:24:00,,,from_tlv
2026,6,שישי,9700,,6634,13:24:00,,,from_tlv
2026,6,שישי,5800,,6233,13:24:00,,,to_tlv
2026,6,שישי,3500,,6747,13:24:00,,,from_tlv
2026,6,שישי,5800,,6233,13:24:00,,,to_tlv
2026,6,יום חול,2100,,117,13:25:00,,,from_tlv
2026,6,יום חול,3600,,740,13:25:00,,,to_tlv
2026,6,יום חול,8700,,642,13:25:00,,,to_tlv
2026,6,יום חול,9000,,646,13:25:00,,,from_tlv
2026,6,יום חול,8700,,8642,13:25:00,,,to_tlv
2026,6,יום חול,9000,,8646,13:25:00,,,from_tlv
2026,6,יום חול,9100,,915,13:25:00,,,to_tlv
2026,6,שישי,4600,,6627,13:25:00,,,to_tlv
2026,6,שישי,700,,6455,13:25:00,,,from_tlv
2026,6,שישי,4600,,8627,13:25:00,,,to_tlv
2026,6,שישי,3600,,6744,13:25:00,,,to_tlv
2026,6,יום חול,3310,,250,13:26:00,,,to_tlv
2026,6,יום חול,2800,,165,13:26:00,,,from_tlv
2026,6,יום חול,3700,,166,13:26:00,,,to_tlv
2026,6,יום חול,4600,,252,13:26:00,,,to_tlv
2026,6,יום חול,8600,,743,13:26:00,,,to_tlv
2026,6,יום חול,5900,,648,13:26:00,,,from_tlv
2026,6,שישי,4690,,8632,13:26:00,,,from_tlv
2026,6,שישי,4900,,6035,13:26:00,,,to_tlv
2026,6,שישי,4690,,6632,13:26:00,,,from_tlv
2026,6,יום חול,1400,,454,13:27:00,,,to_tlv
2026,6,יום חול,3300,,251,13:27:00,,,from_tlv
2026,6,יום חול,4100,,643,13:27:00,,,from_tlv
2026,6,יום חול,4100,,8643,13:27:00,,,from_tlv
2026,6,יום חול,4680,,641,13:27:00,,,to_tlv
2026,6,יום חול,4680,,8641,13:27:00,,,to_tlv
2026,6,יום חול,8800,,852,13:27:00,,,to_tlv
2026,6,יום חול,6150,,36,13:27:00,,,from_tlv
2026,6,יום חול,5900,,639,13:27:00,,,to_tlv
2026,6,שישי,3300,,6517,13:27:00,,,from_tlv
2026,6,שישי,9200,,8630,13:27:00,,,to_tlv
2026,6,שישי,3500,,6514,13:27:00,,,to_tlv
2026,6,שישי,9200,,6630,13:27:00,,,to_tlv
2026,6,שישי,3700,,6034,13:27:00,,,to_tlv
2026,6,יום חול,2960,,8645,13:28:00,,,from_tlv
2026,6,יום חול,2960,,645,13:28:00,,,from_tlv
2026,6,יום חול,3600,,644,13:28:00,,,to_tlv
2026,6,יום חול,4600,,249,13:28:00,,,to_tlv
2026,6,שישי,1260,,6076,13:28:00,,,to_tlv
2026,6,שישי,3700,,6235,13:28:00,,,to_tlv
2026,6,יום חול,9200,,642,13:28:00,,,to_tlv
2026,6,יום חול,9200,,8642,13:28:00,,,to_tlv
2026,6,יום חול,5300,,247,13:28:00,,,to_tlv
2026,6,שישי,8600,,6134,13:28:00,,,from_tlv
2026,6,יום חול,1500,,112,13:29:00,,,to_tlv
2026,6,יום חול,2300,,79,13:29:00,,,from_tlv
2026,6,יום חול,3900,,850,13:29:00,,,to_tlv
2026,6,יום חול,3700,,115,13:29:00,,,to_tlv
2026,6,יום חול,4900,,516,13:29:00,,,to_tlv
2026,6,יום חול,5900,,245,13:29:00,,,to_tlv
2026,6,יום חול,5900,,639,13:29:00,,,to_tlv
2026,6,יום חול,8600,,742,13:29:00,,,from_tlv
2026,6,שישי,400,,6135,13:29:00,,,to_tlv
2026,6,שישי,4680,,8632,13:29:00,,,from_tlv
2026,6,שישי,4680,,6632,13:29:00,,,from_tlv
2026,6,שישי,680,,6556,13:29:00,,,to_tlv
2026,6,שישי,1300,,6455,13:29:00,,,to_tlv
2026,6,שישי,3400,,6236,13:29:00,,,to_tlv
2026,6,שישי,1820,,6452,13:29:00,,,to_tlv
2026,6,שישי,1240,,6077,13:29:00,,,from_tlv
2026,6,יום חול,1240,,76,13:30:00,,,to_tlv
2026,6,יום חול,2200,,117,13:30:00,,,from_tlv
2026,6,יום חול,3600,,745,13:30:00,,,to_tlv
2026,6,יום חול,3700,,252,13:30:00,,,to_tlv
2026,6,יום חול,5300,,254,13:30:00,,,from_tlv
2026,6,יום חול,5900,,245,13:30:00,,,to_tlv
2026,6,שישי,3600,,6747,13:30:00,,,to_tlv
2026,6,שישי,2960,,6630,13:30:00,,,to_tlv
2026,6,שישי,4900,,6627,13:30:00,,,to_tlv
2026,6,שישי,9600,,6625,13:30:00,,,to_tlv
2026,6,שישי,4900,,8627,13:30:00,,,to_tlv
2026,6,שישי,2960,,8630,13:30:00,,,to_tlv
2026,6,יום חול,1280,,81,13:31:00,,,from_tlv
2026,6,יום חול,2800,,114,13:31:00,,,to_tlv
2026,6,יום חול,2200,,164,13:31:00,,,to_tlv
2026,6,יום חול,3600,,166,13:31:00,,,to_tlv
2026,6,יום חול,2960,,642,13:31:00,,,to_tlv
2026,6,יום חול,2960,,8642,13:31:00,,,to_tlv
2026,6,יום חול,3300,,250,13:31:00,,,to_tlv
2026,6,יום חול,4690,,8641,13:31:00,,,to_tlv
2026,6,יום חול,4690,,641,13:31:00,,,to_tlv
2026,6,שישי,5200,,6238,13:31:00,,,from_tlv
2026,6,יום חול,8550,,31,13:31:00,,,to_tlv
2026,6,יום חול,1400,,167,13:32:00,,,from_tlv
2026,6,יום חול,3600,,8643,13:32:00,,,to_tlv
2026,6,יום חול,3310,,251,13:32:00,,,from_tlv
2026,6,יום חול,3900,,855,13:32:00,,,to_tlv
2026,6,יום חול,3600,,643,13:32:00,,,to_tlv
2026,6,יום חול,9200,,645,13:32:00,,,from_tlv
2026,6,שישי,4600,,6235,13:32:00,,,to_tlv
2026,6,יום חול,9200,,8645,13:32:00,,,from_tlv
2026,6,יום חול,3500,,740,13:33:00,,,to_tlv
2026,6,יום חול,4900,,249,13:33:00,,,to_tlv
2026,6,שישי,1220,,6455,13:33:00,,,from_tlv
2026,6,יום חול,5200,,247,13:33:00,,,to_tlv
2026,6,יום חול,9700,,650,13:33:00,,,from_tlv
2026,6,שישי,7500,,6835,13:33:00,,,to_tlv
2026,6,שישי,3400,,6517,13:33:00,,,from_tlv
2026,6,שישי,3500,,6629,13:33:00,,,from_tlv
2026,6,שישי,9650,,6634,13:33:00,,,from_tlv
2026,6,שישי,3310,,6236,13:33:00,,,to_tlv
2026,6,שישי,3500,,8629,13:33:00,,,from_tlv
2026,6,יום חול,1840,,457,13:34:00,,,from_tlv
2026,6,יום חול,4100,,644,13:34:00,,,to_tlv
2026,6,יום חול,4600,,115,13:34:00,,,to_tlv
2026,6,יום חול,4600,,516,13:34:00,,,to_tlv
2026,6,יום חול,5800,,648,13:34:00,,,from_tlv
2026,6,יום חול,9800,,641,13:34:00,,,to_tlv
2026,6,יום חול,9800,,8641,13:34:00,,,to_tlv
2026,6,יום חול,8800,,853,13:34:00,,,from_tlv
2026,6,שישי,4660,,8632,13:34:00,,,from_tlv
2026,6,שישי,4660,,6632,13:34:00,,,from_tlv
2026,6,שישי,3500,,6744,13:34:00,,,to_tlv
2026,6,יום חול,680,,565,13:35:00,,,to_tlv
2026,6,יום חול,700,,167,13:35:00,,,from_tlv
2026,6,יום חול,300,,163,13:35:00,,,from_tlv
2026,6,יום חול,2100,,164,13:35:00,,,to_tlv
2026,6,יום חול,2940,,8642,13:35:00,,,to_tlv
2026,6,יום חול,3400,,251,13:35:00,,,from_tlv
2026,6,יום חול,2940,,642,13:35:00,,,to_tlv
2026,6,יום חול,3600,,252,13:35:00,,,to_tlv
2026,6,יום חול,3700,,745,13:35:00,,,to_tlv
2026,6,שישי,2940,,8630,13:35:00,,,to_tlv
2026,6,יום חול,8700,,8645,13:35:00,,,from_tlv
2026,6,יום חול,8600,,116,13:35:00,,,from_tlv
2026,6,יום חול,8700,,645,13:35:00,,,from_tlv
2026,6,שישי,4640,,6627,13:35:00,,,to_tlv
2026,6,שישי,3400,,6514,13:35:00,,,to_tlv
2026,6,שישי,5900,,6233,13:35:00,,,to_tlv
2026,6,שישי,4640,,8627,13:35:00,,,to_tlv
2026,6,שישי,2940,,6630,13:35:00,,,to_tlv
2026,6,שישי,5000,,6915,13:35:00,,,to_tlv
2026,6,שישי,3700,,6747,13:35:00,,,to_tlv
2026,6,יום חול,2300,,117,13:36:00,,,from_tlv
2026,6,יום חול,5000,,33,13:36:00,,,to_tlv
2026,6,יום חול,5000,,254,13:36:00,,,from_tlv
2026,6,יום חול,5800,,648,13:36:00,,,from_tlv
2026,6,יום חול,6900,,36,13:36:00,,,from_tlv
2026,6,יום חול,9800,,8646,13:36:00,,,from_tlv
2026,6,יום חול,9800,,646,13:36:00,,,from_tlv
2026,6,יום חול,2800,,253,13:37:00,,,from_tlv
2026,6,יום חול,3700,,8643,13:37:00,,,to_tlv
2026,6,יום חול,3700,,643,13:37:00,,,to_tlv
2026,6,יום חול,4310,,852,13:37:00,,,to_tlv
2026,6,יום חול,6300,,515,13:37:00,,,to_tlv
2026,6,שישי,4900,,6235,13:37:00,,,to_tlv
2026,6,שישי,5300,,6238,13:37:00,,,from_tlv
2026,6,יום חול,1250,,76,13:38:00,,,to_tlv
2026,6,יום חול,3700,,516,13:38:00,,,to_tlv
2026,6,שישי,2940,,6629,13:38:00,,,from_tlv
2026,6,שישי,4660,,6627,13:38:00,,,to_tlv
2026,6,שישי,2940,,8629,13:38:00,,,from_tlv
2026,6,שישי,3300,,6236,13:38:00,,,to_tlv
2026,6,שישי,4640,,6632,13:38:00,,,from_tlv
2026,6,שישי,4640,,8632,13:38:00,,,from_tlv
2026,6,שישי,4660,,8627,13:38:00,,,to_tlv
2026,6,יום חול,680,,744,13:39:00,,,to_tlv
2026,6,יום חול,1300,,167,13:39:00,,,to_tlv
2026,6,יום חול,2500,,79,13:39:00,,,from_tlv
2026,6,יום חול,1600,,112,13:39:00,,,to_tlv
2026,6,יום חול,4600,,745,13:39:00,,,to_tlv
2026,6,יום חול,4170,,644,13:39:00,,,to_tlv
2026,6,יום חול,4900,,115,13:39:00,,,to_tlv
2026,6,יום חול,9600,,639,13:39:00,,,to_tlv
2026,6,שישי,680,,6748,13:39:00,,,to_tlv
2026,6,שישי,4900,,6134,13:39:00,,,to_tlv
2026,6,שישי,2300,,6078,13:39:00,,,to_tlv
2026,6,שישי,9650,,6625,13:39:00,,,to_tlv
2026,6,שישי,4600,,6747,13:39:00,,,to_tlv
2026,6,יום חול,3100,,250,13:40:00,,,to_tlv
2026,6,יום חול,4680,,646,13:40:00,,,from_tlv
2026,6,יום חול,4680,,8646,13:40:00,,,from_tlv
2026,6,יום חול,4900,,742,13:40:00,,,to_tlv
2026,6,שישי,5000,,6035,13:40:00,,,to_tlv
2026,6,יום חול,1820,,457,13:41:00,,,from_tlv
2026,6,יום חול,2820,,253,13:41:00,,,from_tlv
2026,6,יום חול,3500,,8642,13:41:00,,,to_tlv
2026,6,יום חול,3500,,642,13:41:00,,,to_tlv
2026,6,יום חול,4600,,8643,13:41:00,,,to_tlv
2026,6,יום חול,4600,,643,13:41:00,,,to_tlv
2026,6,יום חול,8800,,645,13:41:00,,,from_tlv
2026,6,יום חול,7300,,31,13:41:00,,,to_tlv
2026,6,שישי,2800,,6237,13:41:00,,,from_tlv
2026,6,יום חול,8800,,8645,13:41:00,,,from_tlv
2026,6,שישי,2100,,6455,13:41:00,,,from_tlv
2026,6,שישי,1230,,6077,13:41:00,,,from_tlv
2026,6,יום חול,7320,,38,13:41:00,,,from_tlv
2026,6,יום חול,1820,,454,13:42:00,,,to_tlv
2026,6,יום חול,4660,,8646,13:42:00,,,from_tlv
2026,6,יום חול,4660,,646,13:42:00,,,from_tlv
2026,6,יום חול,4800,,249,13:42:00,,,to_tlv
2026,6,יום חול,5010,,33,13:42:00,,,to_tlv
2026,6,שישי,1280,,6076,13:42:00,,,to_tlv
2026,6,שישי,3500,,6517,13:42:00,,,from_tlv
2026,6,שישי,4680,,6627,13:42:00,,,to_tlv
2026,6,שישי,4900,,6632,13:42:00,,,to_tlv
2026,6,שישי,4900,,8632,13:42:00,,,to_tlv
2026,6,שישי,9600,,6634,13:42:00,,,from_tlv
2026,6,שישי,3500,,6630,13:42:00,,,to_tlv
2026,6,שישי,3500,,8630,13:42:00,,,to_tlv
2026,6,שישי,4680,,8627,13:42:00,,,to_tlv
2026,6,יום חול,1220,,164,13:43:00,,,to_tlv
2026,6,יום חול,3500,,251,13:43:00,,,from_tlv
2026,6,יום חול,3500,,252,13:43:00,,,to_tlv
2026,6,יום חול,4800,,254,13:43:00,,,from_tlv
2026,6,יום חול,9000,,8641,13:43:00,,,to_tlv
2026,6,יום חול,9000,,641,13:43:00,,,to_tlv
2026,6,יום חול,9650,,650,13:43:00,,,from_tlv
2026,6,שישי,1840,,6452,13:43:00,,,to_tlv
2026,6,שישי,400,,6557,13:43:00,,,to_tlv
2026,6,שישי,2960,,8629,13:43:00,,,from_tlv
2026,6,שישי,2960,,6629,13:43:00,,,from_tlv
2026,6,יום חול,400,,163,13:44:00,,,to_tlv
2026,6,יום חול,1220,,167,13:44:00,,,from_tlv
2026,6,יום חול,4250,,644,13:44:00,,,to_tlv
2026,6,יום חול,4300,,852,13:44:00,,,to_tlv
2026,6,שישי,5000,,6238,13:44:00,,,from_tlv
2026,6,שישי,4600,,6134,13:44:00,,,to_tlv
2026,6,שישי,3300,,6514,13:44:00,,,to_tlv
2026,6,שישי,9100,,6915,13:44:00,,,to_tlv
2026,6,יום חול,1260,,81,13:45:00,,,from_tlv
2026,6,יום חול,4300,,855,13:45:00,,,to_tlv
2026,6,יום חול,4600,,742,13:45:00,,,to_tlv
2026,6,יום חול,4900,,643,13:45:00,,,to_tlv
2026,6,יום חול,4900,,745,13:45:00,,,to_tlv
2026,6,יום חול,4900,,8643,13:45:00,,,to_tlv
2026,6,יום חול,9000,,648,13:45:00,,,from_tlv
2026,6,שישי,300,,6556,13:45:00,,,to_tlv
2026,6,שישי,2820,,6237,13:45:00,,,from_tlv
2026,6,שישי,4900,,6747,13:45:00,,,to_tlv
2026,6,יום חול,4900,,116,13:46:00,,,to_tlv
2026,6,יום חול,5010,,36,13:46:00,,,from_tlv
2026,6,שישי,2200,,6455,13:46:00,,,from_tlv
2026,6,שישי,4690,,8627,13:46:00,,,to_tlv
2026,6,שישי,4800,,6235,13:46:00,,,to_tlv
2026,6,שישי,2300,,6454,13:46:00,,,to_tlv
2026,6,שישי,4690,,6627,13:46:00,,,to_tlv
2026,6,יום חול,1260,,76,13:47:00,,,to_tlv
2026,6,יום חול,3100,,253,13:47:00,,,from_tlv
2026,6,יום חול,4250,,8645,13:47:00,,,from_tlv
2026,6,יום חול,4250,,645,13:47:00,,,from_tlv
2026,6,יום חול,4900,,8646,13:47:00,,,to_tlv
2026,6,יום חול,4900,,646,13:47:00,,,to_tlv
2026,6,יום חול,9650,,639,13:47:00,,,to_tlv
2026,6,שישי,2200,,6078,13:47:00,,,to_tlv
2026,6,שישי,4600,,8632,13:47:00,,,to_tlv
2026,6,שישי,3700,,6137,13:47:00,,,to_tlv
2026,6,שישי,9200,,8629,13:47:00,,,from_tlv
2026,6,שישי,4600,,6632,13:47:00,,,to_tlv
2026,6,שישי,9200,,6629,13:47:00,,,from_tlv
2026,6,יום חול,1600,,119,13:48:00,,,from_tlv
2026,6,יום חול,400,,168,13:48:00,,,from_tlv
2026,6,יום חול,1300,,164,13:48:00,,,to_tlv
2026,6,יום חול,2820,,250,13:48:00,,,to_tlv
2026,6,יום חול,3700,,517,13:48:00,,,to_tlv
2026,6,יום חול,7300,,38,13:48:00,,,from_tlv
2026,6,שישי,3100,,6236,13:48:00,,,to_tlv
2026,6,שישי,2100,,6077,13:48:00,,,from_tlv
2026,6,שישי,9700,,6625,13:48:00,,,to_tlv
2026,6,יום חול,2300,,114,13:49:00,,,to_tlv
2026,6,יום חול,3500,,647,13:49:00,,,from_tlv
2026,6,יום חול,3600,,251,13:49:00,,,to_tlv
2026,6,יום חול,3500,,8647,13:49:00,,,from_tlv
2026,6,יום חול,5000,,249,13:49:00,,,to_tlv
2026,6,יום חול,6300,,518,13:49:00,,,from_tlv
2026,6,שישי,3700,,6134,13:49:00,,,to_tlv
2026,6,יום חול,8800,,644,13:49:00,,,to_tlv
2026,6,שישי,300,,6557,13:49:00,,,from_tlv
2026,6,שישי,9800,,8627,13:49:00,,,to_tlv
2026,6,שישי,3600,,6517,13:49:00,,,to_tlv
2026,6,שישי,9800,,6627,13:49:00,,,to_tlv
2026,6,יום חול,3700,,742,13:50:00,,,to_tlv
2026,6,יום חול,4600,,517,13:50:00,,,to_tlv
2026,6,יום חול,7320,,31,13:50:00,,,to_tlv
2026,6,יום חול,8600,,115,13:50:00,,,to_tlv
2026,6,יום חול,9100,,916,13:50:00,,,from_tlv
2026,6,שישי,4600,,6137,13:50:00,,,to_tlv
2026,6,שישי,3700,,6632,13:50:00,,,to_tlv
2026,6,שישי,8700,,6629,13:50:00,,,from_tlv
2026,6,שישי,3700,,8632,13:50:00,,,to_tlv
2026,6,שישי,8700,,8629,13:50:00,,,from_tlv
2026,6,יום חול,4600,,116,13:51:00,,,to_tlv
2026,6,יום חול,4900,,254,13:51:00,,,to_tlv
2026,6,יום חול,4660,,643,13:51:00,,,to_tlv
2026,6,יום חול,4660,,8643,13:51:00,,,to_tlv
2026,6,יום חול,6900,,33,13:51:00,,,to_tlv
2026,6,יום חול,5000,,36,13:51:00,,,from_tlv
2026,6,שישי,2100,,6078,13:51:00,,,to_tlv
2026,6,שישי,4800,,6238,13:51:00,,,from_tlv
2026,6,שישי,3100,,6237,13:51:00,,,from_tlv
2026,6,יום חול,700,,164,13:52:00,,,to_tlv
2026,6,יום חול,680,,743,13:52:00,,,to_tlv
2026,6,יום חול,1400,,457,13:52:00,,,from_tlv
2026,6,יום חול,2100,,167,13:52:00,,,from_tlv
2026,6,יום חול,3400,,252,13:52:00,,,to_tlv
2026,6,יום חול,4600,,8646,13:52:00,,,to_tlv
2026,6,יום חול,4600,,646,13:52:00,,,to_tlv
2026,6,יום חול,4170,,8645,13:52:00,,,from_tlv
2026,6,יום חול,4310,,855,13:52:00,,,to_tlv
2026,6,יום חול,4170,,645,13:52:00,,,from_tlv
2026,6,שישי,2200,,6077,13:52:00,,,from_tlv
2026,6,יום חול,9600,,650,13:52:00,,,from_tlv
2026,6,שישי,400,,6556,13:52:00,,,from_tlv
2026,6,שישי,2200,,6454,13:52:00,,,to_tlv
2026,6,יום חול,2800,,250,13:53:00,,,to_tlv
2026,6,שישי,5000,,6235,13:53:00,,,to_tlv
2026,6,שישי,5900,,6634,13:53:00,,,from_tlv
2026,6,שישי,5900,,6634,13:53:00,,,from_tlv
2026,6,יום חול,1250,,81,13:54:00,,,from_tlv
2026,6,יום חול,300,,168,13:54:00,,,to_tlv
2026,6,יום חול,2940,,647,13:54:00,,,from_tlv
2026,6,יום חול,3600,,165,13:54:00,,,to_tlv
2026,6,יום חול,2940,,8647,13:54:00,,,from_tlv
2026,6,יום חול,3500,,747,13:54:00,,,from_tlv
2026,6,יום חול,3700,,251,13:54:00,,,to_tlv
2026,6,יום חול,5800,,641,13:54:00,,,to_tlv
2026,6,יום חול,5200,,256,13:54:00,,,from_tlv
2026,6,יום חול,5800,,8641,13:54:00,,,to_tlv
2026,6,שישי,2300,,6455,13:54:00,,,from_tlv
2026,6,שישי,3700,,6517,13:54:00,,,to_tlv
2026,6,יום חול,700,,457,13:55:00,,,from_tlv
2026,6,יום חול,2500,,78,13:55:00,,,to_tlv
2026,6,יום חול,1400,,164,13:55:00,,,to_tlv
2026,6,יום חול,1500,,119,13:55:00,,,from_tlv
2026,6,יום חול,3700,,8646,13:55:00,,,to_tlv
2026,6,יום חול,3600,,742,13:55:00,,,to_tlv
2026,6,יום חול,3700,,646,13:55:00,,,to_tlv
2026,6,יום חול,4680,,643,13:55:00,,,to_tlv
2026,6,יום חול,4680,,8643,13:55:00,,,to_tlv
2026,6,יום חול,4900,,517,13:55:00,,,to_tlv
2026,6,יום חול,8700,,644,13:55:00,,,to_tlv
2026,6,שישי,3600,,6632,13:55:00,,,to_tlv
2026,6,שישי,2820,,6236,13:55:00,,,to_tlv
2026,6,שישי,3600,,8632,13:55:00,,,to_tlv
2026,6,יום חול,2800,,117,13:56:00,,,from_tlv
2026,6,יום חול,1840,,454,13:56:00,,,to_tlv
2026,6,יום חול,2200,,114,13:56:00,,,to_tlv
2026,6,יום חול,3310,,252,13:56:00,,,to_tlv
2026,6,יום חול,3700,,116,13:56:00,,,to_tlv
2026,6,יום חול,4600,,254,13:56:00,,,to_tlv
2026,6,יום חול,5300,,249,13:56:00,,,to_tlv
2026,6,יום חול,8600,,745,13:56:00,,,to_tlv
2026,6,יום חול,9800,,648,13:56:00,,,from_tlv
2026,6,יום חול,9700,,639,13:56:00,,,to_tlv
2026,6,שישי,1280,,6079,13:56:00,,,from_tlv
2026,6,שישי,8800,,8629,13:56:00,,,from_tlv
2026,6,שישי,8600,,6747,13:56:00,,,to_tlv
2026,6,שישי,2100,,6454,13:56:00,,,to_tlv
2026,6,שישי,8800,,6629,13:56:00,,,from_tlv
2026,6,שישי,4900,,6137,13:56:00,,,to_tlv
2026,6,יום חול,2300,,456,13:57:00,,,to_tlv
2026,6,יום חול,2200,,167,13:57:00,,,from_tlv
2026,6,יום חול,3300,,253,13:57:00,,,from_tlv
2026,6,יום חול,4100,,8645,13:57:00,,,from_tlv
2026,6,יום חול,4100,,645,13:57:00,,,from_tlv
2026,6,יום חול,8800,,854,13:57:00,,,to_tlv
2026,6,יום חול,2960,,647,13:58:00,,,from_tlv
2026,6,יום חול,2960,,8647,13:58:00,,,from_tlv
2026,6,יום חול,4600,,251,13:58:00,,,to_tlv
2026,6,יום חול,5300,,256,13:58:00,,,from_tlv
2026,6,יום חול,9200,,644,13:58:00,,,to_tlv
2026,6,שישי,9000,,8627,13:58:00,,,to_tlv
2026,6,שישי,4600,,6517,13:58:00,,,to_tlv
2026,6,שישי,9000,,6627,13:58:00,,,to_tlv
2026,6,שישי,1230,,6078,13:58:00,,,to_tlv
2026,6,יום חול,1300,,457,13:59:00,,,to_tlv
2026,6,יום חול,680,,568,13:59:00,,,to_tlv
2026,6,יום חול,3700,,165,13:59:00,,,to_tlv
2026,6,יום חול,3900,,852,13:59:00,,,to_tlv
2026,6,יום חול,5000,,916,13:59:00,,,from_tlv
2026,6,יום חול,8600,,744,13:59:00,,,from_tlv
2026,6,יום חול,8550,,38,13:59:00,,,from_tlv
2026,6,יום חול,9800,,8643,13:59:00,,,to_tlv
2026,6,יום חול,9800,,643,13:59:00,,,to_tlv
2026,6,שישי,4900,,6238,13:59:00,,,to_tlv
2026,6,שישי,8600,,6748,13:59:00,,,from_tlv
2026,6,יום חול,1280,,76,14:00:00,,,to_tlv
2026,6,יום חול,2100,,114,14:00:00,,,to_tlv
2026,6,יום חול,3700,,254,14:00:00,,,to_tlv
2026,6,יום חול,3600,,747,14:00:00,,,to_tlv
2026,6,יום חול,3600,,8646,14:00:00,,,to_tlv
2026,6,יום חול,3600,,646,14:00:00,,,to_tlv
2026,6,יום חול,4690,,648,14:00:00,,,from_tlv
2026,6,יום חול,6150,,33,14:00:00,,,to_tlv
2026,6,יום חול,5900,,258,14:00:00,,,from_tlv
2026,6,שישי,2800,,6236,14:00:00,,,to_tlv
2026,6,שישי,2300,,6077,14:00:00,,,from_tlv
2026,6,שישי,5300,,6235,14:00:00,,,to_tlv
2026,6,יום חול,1240,,81,14:01:00,,,from_tlv
2026,6,יום חול,2800,,166,14:01:00,,,to_tlv
2026,6,יום חול,2960,,644,14:01:00,,,to_tlv
2026,6,יום חול,3300,,252,14:01:00,,,to_tlv
2026,6,יום חול,3600,,116,14:01:00,,,to_tlv
2026,6,יום חול,5200,,249,14:01:00,,,to_tlv
2026,6,שישי,4100,,6632,14:01:00,,,to_tlv
2026,6,שישי,4250,,8629,14:01:00,,,from_tlv
2026,6,שישי,4100,,8632,14:01:00,,,to_tlv
2026,6,שישי,4250,,6629,14:01:00,,,from_tlv
2026,6,שישי,9100,,6916,14:01:00,,,from_tlv
2026,6,שישי,3300,,6237,14:01:00,,,from_tlv
2026,6,יום חול,3310,,253,14:02:00,,,from_tlv
2026,6,יום חול,3900,,857,14:02:00,,,to_tlv
2026,6,יום חול,3600,,8645,14:02:00,,,to_tlv
2026,6,יום חול,3600,,645,14:02:00,,,to_tlv
2026,6,יום חול,5200,,249,14:02:00,,,to_tlv
2026,6,יום חול,9200,,647,14:02:00,,,from_tlv
2026,6,יום חול,9200,,8647,14:02:00,,,from_tlv
2026,6,שישי,1840,,6457,14:02:00,,,from_tlv
2026,6,יום חול,1220,,457,14:03:00,,,from_tlv
2026,6,יום חול,2300,,78,14:03:00,,,to_tlv
2026,6,יום חול,2200,,456,14:03:00,,,to_tlv
2026,6,יום חול,2300,,167,14:03:00,,,from_tlv
2026,6,יום חול,3500,,742,14:03:00,,,to_tlv
2026,6,יום חול,4680,,648,14:03:00,,,from_tlv
2026,6,יום חול,4900,,251,14:03:00,,,to_tlv
2026,6,שישי,7300,,6625,14:03:00,,,to_tlv
2026,6,שישי,4900,,6517,14:03:00,,,to_tlv
2026,6,שישי,5900,,6240,14:03:00,,,from_tlv
2026,6,שישי,5800,,6634,14:03:00,,,from_tlv
2026,6,שישי,7320,,6636,14:03:00,,,from_tlv
2026,6,יום חול,1500,,164,14:04:00,,,to_tlv
2026,6,יום חול,4600,,165,14:04:00,,,to_tlv
2026,6,יום חול,5900,,650,14:04:00,,,from_tlv
2026,6,יום חול,5900,,641,14:04:00,,,to_tlv
2026,6,יום חול,5900,,650,14:04:00,,,from_tlv
2026,6,יום חול,5000,,256,14:04:00,,,from_tlv
2026,6,יום חול,8800,,855,14:04:00,,,from_tlv
2026,6,שישי,1220,,6454,14:04:00,,,to_tlv
2026,6,שישי,4600,,6238,14:04:00,,,to_tlv
2026,6,יום חול,1400,,119,14:05:00,,,from_tlv
2026,6,יום חול,300,,115,14:05:00,,,from_tlv
2026,6,יום חול,3400,,253,14:05:00,,,from_tlv
2026,6,יום חול,2940,,644,14:05:00,,,to_tlv
2026,6,יום חול,3700,,747,14:05:00,,,to_tlv
2026,6,יום חול,3600,,254,14:05:00,,,to_tlv
2026,6,יום חול,4900,,36,14:05:00,,,to_tlv
2026,6,יום חול,5150,,517,14:05:00,,,to_tlv
2026,6,יום חול,8600,,168,14:05:00,,,from_tlv
2026,6,יום חול,8700,,8647,14:05:00,,,from_tlv
2026,6,שישי,5800,,8634,14:05:00,,,from_tlv
2026,6,יום חול,8700,,647,14:05:00,,,from_tlv
2026,6,שישי,5000,,6516,14:05:00,,,from_tlv
2026,6,שישי,5200,,6235,14:05:00,,,to_tlv
2026,6,יום חול,400,,569,14:06:00,,,to_tlv
2026,6,יום חול,4100,,8646,14:06:00,,,to_tlv
2026,6,יום חול,4100,,646,14:06:00,,,to_tlv
2026,6,שישי,4170,,6629,14:06:00,,,from_tlv
2026,6,שישי,4170,,6632,14:06:00,,,to_tlv
2026,6,יום חול,5900,,641,14:06:00,,,to_tlv
2026,6,שישי,3310,,6237,14:06:00,,,from_tlv
2026,6,שישי,4170,,8629,14:06:00,,,from_tlv
2026,6,שישי,4170,,8632,14:06:00,,,to_tlv
2026,6,יום חול,2100,,456,14:07:00,,,to_tlv
2026,6,יום חול,2800,,255,14:07:00,,,from_tlv
2026,6,יום חול,3700,,645,14:07:00,,,to_tlv
2026,6,יום חול,3700,,8645,14:07:00,,,to_tlv
2026,6,יום חול,4310,,854,14:07:00,,,to_tlv
2026,6,יום חול,9000,,643,14:07:00,,,to_tlv
2026,6,יום חול,9000,,8643,14:07:00,,,to_tlv
2026,6,שישי,8600,,6137,14:07:00,,,to_tlv
2026,6,יום חול,1220,,114,14:08:00,,,to_tlv
2026,6,יום חול,700,,119,14:08:00,,,from_tlv
2026,6,יום חול,4660,,648,14:08:00,,,from_tlv
2026,6,יום חול,5010,,518,14:08:00,,,from_tlv
2026,6,יום חול,5800,,258,14:08:00,,,from_tlv
2026,6,שישי,5800,,6627,14:08:00,,,to_tlv
2026,6,שישי,5800,,8627,14:08:00,,,to_tlv
2026,6,יום חול,680,,746,14:09:00,,,to_tlv
2026,6,יום חול,2200,,78,14:09:00,,,to_tlv
2026,6,יום חול,4600,,747,14:09:00,,,to_tlv
2026,6,יום חול,4900,,165,14:09:00,,,to_tlv
2026,6,יום חול,5150,,256,14:09:00,,,from_tlv
2026,6,שישי,1300,,6454,14:09:00,,,to_tlv
2026,6,שישי,1240,,6078,14:09:00,,,to_tlv
2026,6,שישי,3400,,6237,14:09:00,,,from_tlv
2026,6,שישי,5150,,6516,14:09:00,,,from_tlv
2026,6,שישי,3700,,6238,14:09:00,,,to_tlv
2026,6,יום חול,3100,,252,14:10:00,,,to_tlv
2026,6,יום חול,4600,,36,14:10:00,,,to_tlv
2026,6,יום חול,4900,,744,14:10:00,,,to_tlv
2026,6,יום חול,5410,,249,14:10:00,,,to_tlv
2026,6,יום חול,5800,,258,14:10:00,,,from_tlv
2026,6,שישי,4900,,6748,14:10:00,,,to_tlv
2026,6,שישי,680,,6557,14:10:00,,,to_tlv
2026,6,שישי,1820,,6457,14:10:00,,,from_tlv
2026,6,שישי,7300,,6636,14:10:00,,,from_tlv
2026,6,יום חול,1230,,81,14:11:00,,,from_tlv
2026,6,יום חול,2100,,457,14:11:00,,,from_tlv
2026,6,יום חול,2820,,255,14:11:00,,,from_tlv
2026,6,יום חול,3500,,644,14:11:00,,,to_tlv
2026,6,יום חול,4170,,8646,14:11:00,,,to_tlv
2026,6,יום חול,4600,,8645,14:11:00,,,to_tlv
2026,6,יום חול,4600,,645,14:11:00,,,to_tlv
2026,6,יום חול,4170,,646,14:11:00,,,to_tlv
2026,6,יום חול,4640,,648,14:11:00,,,from_tlv
2026,6,יום חול,5000,,517,14:11:00,,,to_tlv
2026,6,יום חול,7300,,639,14:11:00,,,to_tlv
2026,6,שישי,5800,,6240,14:11:00,,,from_tlv
2026,6,יום חול,8800,,647,14:11:00,,,from_tlv
2026,6,שישי,400,,6136,14:11:00,,,from_tlv
2026,6,שישי,4250,,8632,14:11:00,,,to_tlv
2026,6,שישי,4100,,8629,14:11:00,,,from_tlv
2026,6,יום חול,5410,,249,14:11:00,,,to_tlv
2026,6,שישי,4100,,6629,14:11:00,,,from_tlv
2026,6,שישי,5000,,6916,14:11:00,,,from_tlv
2026,6,יום חול,8800,,8647,14:11:00,,,from_tlv
2026,6,שישי,4250,,6632,14:11:00,,,to_tlv
2026,6,יום חול,1300,,119,14:12:00,,,to_tlv
2026,6,יום חול,3700,,35,14:12:00,,,to_tlv
2026,6,יום חול,4800,,251,14:12:00,,,to_tlv
2026,6,יום חול,7000,,33,14:12:00,,,to_tlv
2026,6,יום חול,7320,,654,14:12:00,,,from_tlv
2026,6,שישי,7320,,6625,14:12:00,,,to_tlv
2026,6,יום חול,1600,,164,14:13:00,,,to_tlv
2026,6,יום חול,1300,,114,14:13:00,,,to_tlv
2026,6,יום חול,300,,569,14:13:00,,,from_tlv
2026,6,יום חול,2100,,78,14:13:00,,,to_tlv
2026,6,יום חול,3500,,254,14:13:00,,,to_tlv
2026,6,יום חול,2500,,167,14:13:00,,,from_tlv
2026,6,יום חול,3500,,253,14:13:00,,,from_tlv
2026,6,יום חול,4800,,256,14:13:00,,,from_tlv
2026,6,יום חול,5800,,650,14:13:00,,,from_tlv
2026,6,יום חול,5000,,518,14:13:00,,,from_tlv
2026,6,יום חול,9800,,322,14:13:00,,,from_tlv
2026,6,שישי,700,,6454,14:13:00,,,to_tlv
2026,6,שישי,1260,,6079,14:13:00,,,from_tlv
2026,6,שישי,5800,,6240,14:13:00,,,from_tlv
2026,6,יום חול,400,,115,14:14:00,,,to_tlv
2026,6,יום חול,2500,,166,14:14:00,,,to_tlv
2026,6,יום חול,4300,,854,14:14:00,,,to_tlv
2026,6,שישי,3600,,6238,14:14:00,,,to_tlv
2026,6,שישי,5410,,6235,14:14:00,,,to_tlv
2026,6,שישי,5150,,6517,14:14:00,,,to_tlv
2026,6,שישי,9000,,8634,14:14:00,,,from_tlv
2026,6,שישי,9000,,6634,14:14:00,,,from_tlv
2026,6,יום חול,1220,,456,14:15:00,,,to_tlv
2026,6,יום חול,1600,,169,14:15:00,,,from_tlv
2026,6,יום חול,3700,,36,14:15:00,,,to_tlv
2026,6,יום חול,4600,,744,14:15:00,,,to_tlv
2026,6,יום חול,4600,,35,14:15:00,,,to_tlv
2026,6,יום חול,4300,,857,14:15:00,,,to_tlv
2026,6,יום חול,4900,,747,14:15:00,,,to_tlv
2026,6,יום חול,4900,,8645,14:15:00,,,to_tlv
2026,6,יום חול,4690,,322,14:15:00,,,from_tlv
2026,6,יום חול,4900,,645,14:15:00,,,to_tlv
2026,6,יום חול,4900,,648,14:15:00,,,to_tlv
2026,6,יום חול,5800,,8650,14:15:00,,,from_tlv
2026,6,יום חול,7000,,38,14:15:00,,,from_tlv
2026,6,שישי,4600,,6748,14:15:00,,,to_tlv
2026,6,יום חול,300,,568,14:16:00,,,to_tlv
2026,6,יום חול,2200,,457,14:16:00,,,from_tlv
2026,6,יום חול,4250,,646,14:16:00,,,to_tlv
2026,6,יום חול,4250,,8646,14:16:00,,,to_tlv
2026,6,יום חול,4900,,168,14:16:00,,,to_tlv
2026,6,יום חול,5150,,251,14:16:00,,,to_tlv
2026,6,יום חול,5000,,917,14:16:00,,,to_tlv
2026,6,יום חול,5010,,517,14:16:00,,,to_tlv
2026,6,יום חול,9600,,641,14:16:00,,,to_tlv
2026,6,שישי,3600,,8629,14:16:00,,,to_tlv
2026,6,שישי,3600,,6629,14:16:00,,,to_tlv
2026,6,שישי,1400,,6454,14:16:00,,,to_tlv
2026,6,יום חול,700,,114,14:17:00,,,to_tlv
2026,6,יום חול,1220,,119,14:17:00,,,from_tlv
2026,6,יום חול,3100,,255,14:17:00,,,from_tlv
2026,6,יום חול,4250,,8647,14:17:00,,,from_tlv
2026,6,יום חול,4250,,647,14:17:00,,,from_tlv
2026,6,יום חול,5800,,643,14:17:00,,,to_tlv
2026,6,יום חול,5800,,8643,14:17:00,,,to_tlv
2026,6,שישי,3500,,6237,14:17:00,,,from_tlv
2026,6,שישי,300,,6136,14:17:00,,,to_tlv
2026,6,שישי,8800,,8632,14:17:00,,,to_tlv
2026,6,שישי,8800,,6632,14:17:00,,,to_tlv
2026,6,יום חול,400,,118,14:18:00,,,from_tlv
2026,6,יום חול,2820,,252,14:18:00,,,to_tlv
2026,6,יום חול,2100,,81,14:18:00,,,from_tlv
2026,6,יום חול,4680,,322,14:18:00,,,from_tlv
2026,6,יום חול,5410,,258,14:18:00,,,from_tlv
2026,6,שישי,1250,,6078,14:18:00,,,to_tlv
2026,6,שישי,5900,,6627,14:18:00,,,to_tlv
2026,6,יום חול,3500,,649,14:19:00,,,from_tlv
2026,6,יום חול,3500,,8649,14:19:00,,,from_tlv
2026,6,יום חול,3600,,253,14:19:00,,,to_tlv
2026,6,יום חול,5150,,518,14:19:00,,,from_tlv
2026,6,יום חול,5800,,249,14:19:00,,,to_tlv
2026,6,יום חול,7320,,639,14:19:00,,,to_tlv
2026,6,יום חול,7300,,654,14:19:00,,,from_tlv
2026,6,שישי,4900,,6516,14:19:00,,,to_tlv
2026,6,יום חול,1300,,456,14:20:00,,,to_tlv
2026,6,יום חול,1230,,78,14:20:00,,,to_tlv
2026,6,יום חול,1400,,114,14:20:00,,,to_tlv
2026,6,יום חול,3600,,36,14:20:00,,,to_tlv
2026,6,יום חול,3700,,744,14:20:00,,,to_tlv
2026,6,יום חול,4600,,648,14:20:00,,,to_tlv
2026,6,יום חול,4640,,645,14:20:00,,,to_tlv
2026,6,יום חול,4640,,8645,14:20:00,,,to_tlv
2026,6,יום חול,4900,,35,14:20:00,,,to_tlv
2026,6,יום חול,5800,,249,14:20:00,,,to_tlv
2026,6,יום חול,5800,,249,14:20:00,,,to_tlv
2026,6,יום חול,8600,,165,14:20:00,,,to_tlv
2026,6,שישי,5000,,6517,14:20:00,,,to_tlv
2026,6,שישי,5900,,6627,14:20:00,,,to_tlv
2026,6,שישי,3700,,6748,14:20:00,,,to_tlv
2026,6,יום חול,4600,,168,14:21:00,,,to_tlv
2026,6,יום חול,5000,,251,14:21:00,,,to_tlv
2026,6,יום חול,4900,,256,14:21:00,,,to_tlv
2026,6,יום חול,8800,,646,14:21:00,,,to_tlv
2026,6,יום חול,8800,,8646,14:21:00,,,to_tlv
2026,6,שישי,1250,,6079,14:21:00,,,from_tlv
2026,6,שישי,3700,,6629,14:21:00,,,to_tlv
2026,6,שישי,300,,6137,14:21:00,,,from_tlv
2026,6,שישי,3500,,6238,14:21:00,,,to_tlv
2026,6,שישי,3700,,8629,14:21:00,,,to_tlv
2026,6,יום חול,1500,,169,14:22:00,,,from_tlv
2026,6,יום חול,680,,745,14:22:00,,,to_tlv
2026,6,יום חול,3400,,254,14:22:00,,,to_tlv
2026,6,יום חול,4170,,647,14:22:00,,,from_tlv
2026,6,יום חול,4310,,857,14:22:00,,,to_tlv
2026,6,יום חול,4170,,8647,14:22:00,,,from_tlv
2026,6,שישי,1400,,6457,14:22:00,,,from_tlv
2026,6,שישי,680,,6747,14:22:00,,,to_tlv
2026,6,שישי,9800,,8634,14:22:00,,,from_tlv
2026,6,שישי,9800,,6634,14:22:00,,,from_tlv
2026,6,יום חול,2200,,81,14:23:00,,,from_tlv
2026,6,יום חול,2800,,252,14:23:00,,,to_tlv
2026,6,יום חול,3700,,648,14:23:00,,,to_tlv
2026,6,יום חול,4660,,322,14:23:00,,,from_tlv
2026,6,יום חול,4660,,8645,14:23:00,,,to_tlv
2026,6,יום חול,4660,,645,14:23:00,,,to_tlv
2026,6,שישי,8700,,8632,14:23:00,,,to_tlv
2026,6,שישי,5410,,6240,14:23:00,,,from_tlv
2026,6,שישי,3600,,6237,14:23:00,,,to_tlv
2026,6,שישי,8700,,6632,14:23:00,,,to_tlv
2026,6,יום חול,300,,118,14:24:00,,,to_tlv
2026,6,יום חול,700,,456,14:24:00,,,to_tlv
2026,6,יום חול,400,,568,14:24:00,,,from_tlv
2026,6,יום חול,2300,,457,14:24:00,,,from_tlv
2026,6,יום חול,2940,,649,14:24:00,,,from_tlv
2026,6,יום חול,2300,,166,14:24:00,,,to_tlv
2026,6,יום חול,2940,,8649,14:24:00,,,from_tlv
2026,6,יום חול,3500,,749,14:24:00,,,from_tlv
2026,6,יום חול,3600,,117,14:24:00,,,to_tlv
2026,6,יום חול,3700,,253,14:24:00,,,to_tlv
2026,6,יום חול,5200,,258,14:24:00,,,from_tlv
2026,6,יום חול,9650,,641,14:24:00,,,to_tlv
2026,6,יום חול,9000,,650,14:24:00,,,from_tlv
2026,6,שישי,5800,,6235,14:24:00,,,to_tlv
2026,6,יום חול,9000,,8650,14:24:00,,,from_tlv
2026,6,שישי,4600,,6516,14:24:00,,,to_tlv
2026,6,שישי,3500,,6751,14:24:00,,,from_tlv
2026,6,שישי,9700,,6636,14:24:00,,,from_tlv
2026,6,שישי,5800,,6235,14:24:00,,,to_tlv
2026,6,יום חול,2100,,119,14:25:00,,,from_tlv
2026,6,יום חול,3600,,744,14:25:00,,,to_tlv
2026,6,יום חול,9100,,917,14:25:00,,,to_tlv
2026,6,שישי,4600,,8629,14:25:00,,,to_tlv
2026,6,שישי,3600,,6748,14:25:00,,,to_tlv
2026,6,שישי,700,,6457,14:25:00,,,from_tlv
2026,6,שישי,4600,,6629,14:25:00,,,to_tlv
2026,6,יום חול,2800,,167,14:26:00,,,from_tlv
2026,6,יום חול,3310,,254,14:26:00,,,to_tlv
2026,6,יום חול,3700,,168,14:26:00,,,to_tlv
2026,6,יום חול,4640,,322,14:26:00,,,from_tlv
2026,6,יום חול,4600,,256,14:26:00,,,to_tlv
2026,6,יום חול,5900,,652,14:26:00,,,from_tlv
2026,6,יום חול,8600,,747,14:26:00,,,to_tlv
2026,6,שישי,4690,,6634,14:26:00,,,from_tlv
2026,6,שישי,4690,,8634,14:26:00,,,from_tlv
2026,6,יום חול,1400,,456,14:27:00,,,to_tlv
2026,6,יום חול,3300,,255,14:27:00,,,from_tlv
2026,6,יום חול,4100,,647,14:27:00,,,from_tlv
2026,6,יום חול,4100,,8647,14:27:00,,,from_tlv
2026,6,יום חול,4680,,645,14:27:00,,,to_tlv
2026,6,יום חול,4680,,8645,14:27:00,,,to_tlv
2026,6,יום חול,5900,,643,14:27:00,,,to_tlv
2026,6,יום חול,6150,,38,14:27:00,,,from_tlv
2026,6,יום חול,7320,,418,14:27:00,,,from_tlv
2026,6,יום חול,8700,,8646,14:27:00,,,to_tlv
2026,6,יום חול,8700,,646,14:27:00,,,to_tlv
2026,6,שישי,3300,,6519,14:27:00,,,from_tlv
2026,6,יום חול,8800,,856,14:27:00,,,to_tlv
2026,6,שישי,9200,,6632,14:27:00,,,to_tlv
2026,6,שישי,9200,,8632,14:27:00,,,to_tlv
2026,6,יום חול,3500,,36,14:28:00,,,to_tlv
2026,6,יום חול,2960,,8649,14:28:00,,,from_tlv
2026,6,יום חול,2960,,649,14:28:00,,,from_tlv
2026,6,יום חול,3600,,648,14:28:00,,,to_tlv
2026,6,יום חול,4600,,253,14:28:00,,,to_tlv
2026,6,יום חול,5300,,251,14:28:00,,,to_tlv
2026,6,שישי,3700,,6237,14:28:00,,,to_tlv
2026,6,שישי,1260,,6078,14:28:00,,,to_tlv
2026,6,שישי,1240,,6079,14:28:00,,,from_tlv
2026,6,שישי,8600,,6136,14:28:00,,,from_tlv
2026,6,יום חול,2300,,81,14:29:00,,,from_tlv
2026,6,יום חול,1500,,114,14:29:00,,,to_tlv
2026,6,יום חול,3700,,117,14:29:00,,,to_tlv
2026,6,יום חול,3900,,854,14:29:00,,,to_tlv
2026,6,יום חול,4900,,518,14:29:00,,,to_tlv
2026,6,יום חול,5900,,643,14:29:00,,,to_tlv
2026,6,יום חול,5900,,249,14:29:00,,,to_tlv
2026,6,יום חול,8600,,746,14:29:00,,,from_tlv
2026,6,שישי,400,,6137,14:29:00,,,to_tlv
2026,6,שישי,3400,,6238,14:29:00,,,to_tlv
2026,6,שישי,680,,6558,14:29:00,,,to_tlv
2026,6,שישי,1820,,6454,14:29:00,,,to_tlv
2026,6,שישי,4680,,6634,14:29:00,,,from_tlv
2026,6,שישי,3700,,6516,14:29:00,,,to_tlv
2026,6,שישי,1300,,6457,14:29:00,,,to_tlv
2026,6,שישי,4680,,8634,14:29:00,,,from_tlv
2026,6,יום חול,1240,,78,14:30:00,,,to_tlv
2026,6,יום חול,2200,,119,14:30:00,,,from_tlv
2026,6,יום חול,3600,,749,14:30:00,,,to_tlv
2026,6,יום חול,3700,,256,14:30:00,,,to_tlv
2026,6,יום חול,4900,,322,14:30:00,,,to_tlv
2026,6,יום חול,5300,,258,14:30:00,,,from_tlv
2026,6,יום חול,5900,,249,14:30:00,,,to_tlv
2026,6,יום חול,9200,,646,14:30:00,,,to_tlv
2026,6,שישי,9600,,6627,14:30:00,,,to_tlv
2026,6,שישי,2960,,8632,14:30:00,,,to_tlv
2026,6,שישי,4900,,6629,14:30:00,,,to_tlv
2026,6,שישי,3600,,6751,14:30:00,,,to_tlv
2026,6,שישי,4900,,8629,14:30:00,,,to_tlv
2026,6,שישי,2960,,6632,14:30:00,,,to_tlv
2026,6,יום חול,9200,,8646,14:30:00,,,to_tlv
2026,6,יום חול,1280,,83,14:31:00,,,from_tlv
2026,6,יום חול,2800,,116,14:31:00,,,to_tlv
2026,6,יום חול,2200,,166,14:31:00,,,to_tlv
2026,6,יום חול,3300,,254,14:31:00,,,to_tlv
2026,6,יום חול,3600,,168,14:31:00,,,to_tlv
2026,6,יום חול,4690,,8645,14:31:00,,,to_tlv
2026,6,יום חול,4690,,645,14:31:00,,,to_tlv
2026,6,יום חול,8550,,33,14:31:00,,,to_tlv
2026,6,שישי,5200,,6240,14:31:00,,,from_tlv
2026,6,יום חול,1400,,169,14:32:00,,,from_tlv
2026,6,יום חול,3310,,255,14:32:00,,,from_tlv
2026,6,יום חול,3600,,647,14:32:00,,,to_tlv
2026,6,יום חול,3600,,8647,14:32:00,,,to_tlv
2026,6,יום חול,3900,,859,14:32:00,,,to_tlv
2026,6,יום חול,9200,,649,14:32:00,,,from_tlv
2026,6,יום חול,9800,,650,14:32:00,,,from_tlv
2026,6,יום חול,9200,,8649,14:32:00,,,from_tlv
2026,6,יום חול,9800,,8650,14:32:00,,,from_tlv
2026,6,שישי,4600,,6237,14:32:00,,,to_tlv
2026,6,יום חול,3500,,744,14:33:00,,,to_tlv
2026,6,יום חול,2960,,646,14:33:00,,,to_tlv
2026,6,יום חול,2960,,8646,14:33:00,,,to_tlv
2026,6,יום חול,4900,,253,14:33:00,,,to_tlv
2026,6,יום חול,5200,,251,14:33:00,,,to_tlv
2026,6,שישי,3500,,6631,14:33:00,,,from_tlv
2026,6,שישי,1220,,6457,14:33:00,,,from_tlv
2026,6,שישי,9650,,6636,14:33:00,,,from_tlv
2026,6,יום חול,9700,,641,14:33:00,,,to_tlv
2026,6,שישי,3400,,6519,14:33:00,,,from_tlv
2026,6,יום חול,9700,,654,14:33:00,,,from_tlv
2026,6,שישי,3310,,6238,14:33:00,,,to_tlv
2026,6,יום חול,1840,,459,14:34:00,,,from_tlv
2026,6,יום חול,4100,,648,14:34:00,,,to_tlv
2026,6,יום חול,4600,,117,14:34:00,,,to_tlv
2026,6,יום חול,4600,,518,14:34:00,,,to_tlv
2026,6,יום חול,5800,,652,14:34:00,,,from_tlv
2026,6,יום חול,5200,,968,14:34:00,,,from_tlv
2026,6,יום חול,7300,,418,14:34:00,,,from_tlv
2026,6,יום חול,7320,,656,14:34:00,,,from_tlv
2026,6,יום חול,8800,,857,14:34:00,,,from_tlv
2026,6,שישי,3600,,6516,14:34:00,,,to_tlv
2026,6,יום חול,9800,,8645,14:34:00,,,to_tlv
2026,6,שישי,3500,,6748,14:34:00,,,to_tlv
2026,6,שישי,4660,,8634,14:34:00,,,from_tlv
2026,6,שישי,4660,,6634,14:34:00,,,from_tlv
2026,6,יום חול,9800,,645,14:34:00,,,to_tlv
2026,6,יום חול,680,,569,14:35:00,,,to_tlv
2026,6,יום חול,300,,165,14:35:00,,,from_tlv
2026,6,יום חול,700,,169,14:35:00,,,from_tlv
2026,6,יום חול,2100,,166,14:35:00,,,to_tlv
2026,6,יום חול,3400,,255,14:35:00,,,from_tlv
2026,6,יום חול,3600,,256,14:35:00,,,to_tlv
2026,6,יום חול,3700,,749,14:35:00,,,to_tlv
2026,6,יום חול,4600,,322,14:35:00,,,to_tlv
2026,6,יום חול,8600,,118,14:35:00,,,from_tlv
2026,6,יום חול,8700,,8649,14:35:00,,,from_tlv
2026,6,יום חול,8700,,649,14:35:00,,,from_tlv
2026,6,שישי,2940,,6632,14:35:00,,,to_tlv
2026,6,שישי,5900,,6235,14:35:00,,,to_tlv
2026,6,שישי,3700,,6751,14:35:00,,,to_tlv
2026,6,שישי,4640,,8629,14:35:00,,,to_tlv
2026,6,שישי,5000,,6917,14:35:00,,,to_tlv
2026,6,שישי,2940,,8632,14:35:00,,,to_tlv
2026,6,שישי,4640,,6629,14:35:00,,,to_tlv
2026,6,יום חול,2300,,119,14:36:00,,,from_tlv
2026,6,יום חול,4680,,8650,14:36:00,,,from_tlv
2026,6,יום חול,4680,,650,14:36:00,,,from_tlv
2026,6,יום חול,6900,,38,14:36:00,,,from_tlv
2026,6,יום חול,5800,,652,14:36:00,,,from_tlv
2026,6,יום חול,5000,,258,14:36:00,,,from_tlv
2026,6,יום חול,5000,,35,14:36:00,,,to_tlv
2026,6,יום חול,2800,,257,14:37:00,,,from_tlv
2026,6,יום חול,2940,,8646,14:37:00,,,to_tlv
2026,6,יום חול,2940,,646,14:37:00,,,to_tlv
2026,6,יום חול,3700,,647,14:37:00,,,to_tlv
2026,6,יום חול,3700,,8647,14:37:00,,,to_tlv
2026,6,יום חול,4310,,856,14:37:00,,,to_tlv
2026,6,שישי,4900,,6237,14:37:00,,,to_tlv
2026,6,יום חול,6300,,517,14:37:00,,,to_tlv
2026,6,שישי,5300,,6240,14:37:00,,,from_tlv
2026,6,יום חול,1250,,78,14:38:00,,,to_tlv
2026,6,יום חול,3700,,518,14:38:00,,,to_tlv
2026,6,יום חול,3700,,322,14:38:00,,,to_tlv
2026,6,שישי,3300,,6238,14:38:00,,,to_tlv
2026,6,שישי,2940,,6631,14:38:00,,,from_tlv
2026,6,שישי,4640,,6634,14:38:00,,,from_tlv
2026,6,שישי,4660,,8629,14:38:00,,,to_tlv
2026,6,שישי,4660,,6629,14:38:00,,,to_tlv
2026,6,שישי,1230,,6079,14:38:00,,,from_tlv
2026,6,שישי,4640,,8634,14:38:00,,,from_tlv
2026,6,יום חול,1300,,169,14:39:00,,,to_tlv
2026,6,יום חול,680,,748,14:39:00,,,to_tlv
2026,6,יום חול,1600,,114,14:39:00,,,to_tlv
2026,6,יום חול,2500,,81,14:39:00,,,from_tlv
2026,6,יום חול,4600,,749,14:39:00,,,to_tlv
2026,6,יום חול,4170,,648,14:39:00,,,to_tlv
2026,6,יום חול,4900,,117,14:39:00,,,to_tlv
2026,6,יום חול,9600,,643,14:39:00,,,to_tlv
2026,6,שישי,2300,,6080,14:39:00,,,to_tlv
2026,6,שישי,4900,,6136,14:39:00,,,to_tlv
2026,6,שישי,680,,6752,14:39:00,,,to_tlv
2026,6,שישי,4600,,6751,14:39:00,,,to_tlv
2026,6,שישי,9650,,6627,14:39:00,,,to_tlv
2026,6,יום חול,3100,,254,14:40:00,,,to_tlv
2026,6,יום חול,4660,,650,14:40:00,,,from_tlv
2026,6,יום חול,4900,,746,14:40:00,,,to_tlv
2026,6,יום חול,4660,,8650,14:40:00,,,from_tlv
2026,6,יום חול,1820,,459,14:41:00,,,from_tlv
2026,6,יום חול,2820,,257,14:41:00,,,from_tlv
2026,6,יום חול,4600,,647,14:41:00,,,to_tlv
2026,6,יום חול,4600,,8647,14:41:00,,,to_tlv
2026,6,יום חול,7320,,40,14:41:00,,,from_tlv
2026,6,יום חול,7300,,33,14:41:00,,,to_tlv
2026,6,יום חול,8800,,8649,14:41:00,,,from_tlv
2026,6,יום חול,8800,,649,14:41:00,,,from_tlv
2026,6,שישי,2800,,6239,14:41:00,,,from_tlv
2026,6,שישי,2100,,6457,14:41:00,,,from_tlv
2026,6,יום חול,7300,,656,14:41:00,,,from_tlv
2026,6,שישי,3500,,6516,14:41:00,,,to_tlv
2026,6,יום חול,1820,,456,14:42:00,,,to_tlv
2026,6,יום חול,5010,,35,14:42:00,,,to_tlv
2026,6,יום חול,4800,,253,14:42:00,,,to_tlv
2026,6,שישי,4900,,8634,14:42:00,,,to_tlv
2026,6,יום חול,9650,,654,14:42:00,,,from_tlv
2026,6,שישי,1280,,6078,14:42:00,,,to_tlv
2026,6,שישי,3500,,8632,14:42:00,,,to_tlv
2026,6,שישי,9600,,6636,14:42:00,,,from_tlv
2026,6,שישי,3500,,6519,14:42:00,,,from_tlv
2026,6,שישי,3500,,6632,14:42:00,,,to_tlv
2026,6,שישי,4680,,6629,14:42:00,,,to_tlv
2026,6,שישי,4900,,6634,14:42:00,,,to_tlv
2026,6,שישי,4680,,8629,14:42:00,,,to_tlv
2026,6,יום חול,1220,,166,14:43:00,,,to_tlv
2026,6,יום חול,3500,,255,14:43:00,,,from_tlv
2026,6,יום חול,3500,,256,14:43:00,,,to_tlv
2026,6,יום חול,3500,,646,14:43:00,,,to_tlv
2026,6,יום חול,3500,,8646,14:43:00,,,to_tlv
2026,6,יום חול,3600,,518,14:43:00,,,to_tlv
2026,6,יום חול,3600,,322,14:43:00,,,to_tlv
2026,6,יום חול,4800,,258,14:43:00,,,from_tlv
2026,6,יום חול,5000,,968,14:43:00,,,from_tlv
2026,6,יום חול,9000,,8645,14:43:00,,,to_tlv
2026,6,יום חול,9800,,324,14:43:00,,,from_tlv
2026,6,שישי,2960,,6631,14:43:00,,,from_tlv
2026,6,יום חול,9000,,645,14:43:00,,,to_tlv
2026,6,שישי,400,,6559,14:43:00,,,to_tlv
2026,6,שישי,1840,,6454,14:43:00,,,to_tlv
2026,6,יום חול,400,,165,14:44:00,,,to_tlv
2026,6,יום חול,1220,,169,14:44:00,,,from_tlv
2026,6,יום חול,4300,,856,14:44:00,,,to_tlv
2026,6,יום חול,4250,,648,14:44:00,,,to_tlv
2026,6,שישי,9100,,6917,14:44:00,,,to_tlv
2026,6,שישי,5000,,6240,14:44:00,,,from_tlv
2026,6,שישי,4600,,6136,14:44:00,,,to_tlv
2026,6,יום חול,1260,,83,14:45:00,,,from_tlv
2026,6,יום חול,4300,,859,14:45:00,,,to_tlv
2026,6,יום חול,4600,,746,14:45:00,,,to_tlv
2026,6,יום חול,4900,,647,14:45:00,,,to_tlv
2026,6,יום חול,4900,,650,14:45:00,,,to_tlv
2026,6,יום חול,4690,,324,14:45:00,,,from_tlv
2026,6,יום חול,4900,,749,14:45:00,,,to_tlv
2026,6,יום חול,4900,,8647,14:45:00,,,to_tlv
2026,6,יום חול,4900,,8650,14:45:00,,,to_tlv
2026,6,שישי,300,,6558,14:45:00,,,to_tlv
2026,6,יום חול,9000,,652,14:45:00,,,from_tlv
2026,6,שישי,4900,,6751,14:45:00,,,to_tlv
2026,6,שישי,2820,,6239,14:45:00,,,from_tlv
2026,6,יום חול,4900,,118,14:46:00,,,to_tlv
2026,6,יום חול,5010,,38,14:46:00,,,from_tlv
2026,6,שישי,2300,,6456,14:46:00,,,to_tlv
2026,6,שישי,2200,,6457,14:46:00,,,from_tlv
2026,6,שישי,4690,,8629,14:46:00,,,to_tlv
2026,6,שישי,4800,,6237,14:46:00,,,to_tlv
2026,6,שישי,4690,,6629,14:46:00,,,to_tlv
2026,6,יום חול,1260,,78,14:47:00,,,to_tlv
2026,6,יום חול,3100,,257,14:47:00,,,from_tlv
2026,6,יום חול,4250,,649,14:47:00,,,from_tlv
2026,6,יום חול,4250,,8649,14:47:00,,,from_tlv
2026,6,יום חול,9650,,643,14:47:00,,,to_tlv
2026,6,שישי,4600,,8634,14:47:00,,,to_tlv
2026,6,שישי,3700,,6139,14:47:00,,,to_tlv
2026,6,שישי,4600,,6634,14:47:00,,,to_tlv
2026,6,שישי,9200,,6631,14:47:00,,,from_tlv
2026,6,שישי,2200,,6080,14:47:00,,,to_tlv
2026,6,יום חול,1300,,166,14:48:00,,,to_tlv
2026,6,יום חול,400,,170,14:48:00,,,from_tlv
2026,6,יום חול,2820,,254,14:48:00,,,to_tlv
2026,6,יום חול,1600,,121,14:48:00,,,from_tlv
2026,6,יום חול,3700,,519,14:48:00,,,to_tlv
2026,6,יום חול,4680,,324,14:48:00,,,from_tlv
2026,6,שישי,9700,,6627,14:48:00,,,to_tlv
2026,6,שישי,3100,,6238,14:48:00,,,to_tlv
2026,6,יום חול,7300,,40,14:48:00,,,from_tlv
2026,6,יום חול,7300,,641,14:48:00,,,to_tlv
2026,6,שישי,2100,,6079,14:48:00,,,from_tlv
2026,6,יום חול,2300,,116,14:49:00,,,to_tlv
2026,6,יום חול,3500,,8651,14:49:00,,,from_tlv
2026,6,יום חול,3500,,651,14:49:00,,,from_tlv
2026,6,יום חול,3600,,255,14:49:00,,,to_tlv
2026,6,יום חול,4100,,322,14:49:00,,,to_tlv
2026,6,יום חול,6300,,520,14:49:00,,,from_tlv
2026,6,יום חול,5150,,968,14:49:00,,,from_tlv
2026,6,יום חול,8800,,648,14:49:00,,,to_tlv
2026,6,יום חול,5000,,253,14:49:00,,,to_tlv
2026,6,שישי,3700,,6136,14:49:00,,,to_tlv
2026,6,שישי,3600,,6519,14:49:00,,,to_tlv
2026,6,שישי,9800,,6629,14:49:00,,,to_tlv
2026,6,שישי,300,,6559,14:49:00,,,from_tlv
2026,6,שישי,9800,,8629,14:49:00,,,to_tlv
2026,6,יום חול,3700,,746,14:50:00,,,to_tlv
2026,6,יום חול,4600,,519,14:50:00,,,to_tlv
2026,6,יום חול,4600,,650,14:50:00,,,to_tlv
2026,6,יום חול,4600,,8650,14:50:00,,,to_tlv
2026,6,יום חול,7320,,33,14:50:00,,,to_tlv
2026,6,יום חול,8600,,117,14:50:00,,,to_tlv
2026,6,שישי,4600,,6139,14:50:00,,,to_tlv
2026,6,שישי,3700,,8634,14:50:00,,,to_tlv
2026,6,שישי,3700,,6634,14:50:00,,,to_tlv
2026,6,שישי,8700,,6631,14:50:00,,,from_tlv
2026,6,יום חול,9100,,918,14:50:00,,,from_tlv
2026,6,שישי,3400,,6516,14:50:00,,,to_tlv
2026,6,יום חול,3500,,518,14:51:00,,,to_tlv
2026,6,יום חול,4660,,8647,14:51:00,,,to_tlv
2026,6,יום חול,4600,,118,14:51:00,,,to_tlv
2026,6,יום חול,4660,,647,14:51:00,,,to_tlv
2026,6,יום חול,4900,,258,14:51:00,,,to_tlv
2026,6,יום חול,5000,,38,14:51:00,,,from_tlv
2026,6,יום חול,6900,,35,14:51:00,,,to_tlv
2026,6,שישי,3100,,6239,14:51:00,,,from_tlv
2026,6,שישי,2100,,6080,14:51:00,,,to_tlv
2026,6,שישי,4800,,6240,14:51:00,,,from_tlv
2026,6,יום חול,680,,747,14:52:00,,,to_tlv
2026,6,יום חול,700,,166,14:52:00,,,to_tlv
2026,6,יום חול,1400,,459,14:52:00,,,from_tlv
2026,6,יום חול,2100,,169,14:52:00,,,from_tlv
2026,6,יום חול,3400,,256,14:52:00,,,to_tlv
2026,6,יום חול,4170,,649,14:52:00,,,from_tlv
2026,6,יום חול,4310,,859,14:52:00,,,to_tlv
2026,6,יום חול,4170,,8649,14:52:00,,,from_tlv
2026,6,יום חול,9600,,654,14:52:00,,,from_tlv
2026,6,שישי,2200,,6456,14:52:00,,,to_tlv
2026,6,שישי,2200,,6079,14:52:00,,,from_tlv
2026,6,שישי,400,,6558,14:52:00,,,from_tlv
2026,6,יום חול,2800,,254,14:53:00,,,to_tlv
2026,6,יום חול,3700,,650,14:53:00,,,to_tlv
2026,6,יום חול,3700,,8650,14:53:00,,,to_tlv
2026,6,יום חול,4660,,324,14:53:00,,,from_tlv
2026,6,שישי,5900,,6636,14:53:00,,,from_tlv
2026,6,שישי,5000,,6237,14:53:00,,,to_tlv
2026,6,שישי,5900,,6636,14:53:00,,,from_tlv
2026,6,יום חול,1250,,83,14:54:00,,,from_tlv
2026,6,יום חול,300,,170,14:54:00,,,to_tlv
2026,6,יום חול,3500,,751,14:54:00,,,from_tlv
2026,6,יום חול,2940,,651,14:54:00,,,from_tlv
2026,6,יום חול,2940,,8651,14:54:00,,,from_tlv
2026,6,יום חול,3600,,167,14:54:00,,,to_tlv
2026,6,יום חול,3700,,255,14:54:00,,,to_tlv
2026,6,יום חול,4170,,322,14:54:00,,,to_tlv
2026,6,יום חול,5800,,8645,14:54:00,,,to_tlv
2026,6,יום חול,5800,,645,14:54:00,,,to_tlv
2026,6,שישי,2300,,6457,14:54:00,,,from_tlv
2026,6,שישי,3700,,6519,14:54:00,,,to_tlv
2026,6,יום חול,700,,459,14:55:00,,,from_tlv
2026,6,יום חול,1400,,166,14:55:00,,,to_tlv
2026,6,יום חול,1500,,121,14:55:00,,,from_tlv
2026,6,יום חול,2500,,80,14:55:00,,,to_tlv
2026,6,יום חול,3600,,746,14:55:00,,,to_tlv
2026,6,יום חול,4680,,8647,14:55:00,,,to_tlv
2026,6,יום חול,4680,,647,14:55:00,,,to_tlv
2026,6,יום חול,4900,,519,14:55:00,,,to_tlv
2026,6,יום חול,8700,,648,14:55:00,,,to_tlv
2026,6,יום חול,9700,,656,14:55:00,,,from_tlv
2026,6,שישי,3600,,8634,14:55:00,,,to_tlv
2026,6,שישי,3600,,6634,14:55:00,,,to_tlv
2026,6,שישי,2820,,6238,14:55:00,,,to_tlv
2026,6,יום חול,2200,,116,14:56:00,,,to_tlv
2026,6,יום חול,2800,,119,14:56:00,,,from_tlv
2026,6,יום חול,1840,,456,14:56:00,,,to_tlv
2026,6,יום חול,3310,,256,14:56:00,,,to_tlv
2026,6,יום חול,3700,,118,14:56:00,,,to_tlv
2026,6,יום חול,4640,,324,14:56:00,,,from_tlv
2026,6,יום חול,4600,,258,14:56:00,,,to_tlv
2026,6,יום חול,5200,,260,14:56:00,,,from_tlv
2026,6,יום חול,5300,,253,14:56:00,,,to_tlv
2026,6,יום חול,8600,,749,14:56:00,,,to_tlv
2026,6,שישי,2100,,6456,14:56:00,,,to_tlv
2026,6,יום חול,9700,,643,14:56:00,,,to_tlv
2026,6,שישי,8600,,6751,14:56:00,,,to_tlv
2026,6,יום חול,9800,,652,14:56:00,,,from_tlv
2026,6,שישי,8800,,6631,14:56:00,,,from_tlv
2026,6,שישי,4900,,6139,14:56:00,,,to_tlv
2026,6,שישי,1280,,6081,14:56:00,,,from_tlv
2026,6,יום חול,2200,,169,14:57:00,,,from_tlv
2026,6,יום חול,2300,,458,14:57:00,,,to_tlv
2026,6,יום חול,3300,,257,14:57:00,,,from_tlv
2026,6,יום חול,4100,,8649,14:57:00,,,from_tlv
2026,6,יום חול,4100,,649,14:57:00,,,from_tlv
2026,6,יום חול,7000,,418,14:57:00,,,from_tlv
2026,6,יום חול,8800,,858,14:57:00,,,to_tlv
2026,6,יום חול,7320,,641,14:57:00,,,to_tlv
2026,6,שישי,3300,,6516,14:57:00,,,to_tlv
2026,6,יום חול,2960,,8651,14:58:00,,,from_tlv
2026,6,יום חול,2960,,651,14:58:00,,,from_tlv
2026,6,יום חול,3600,,8650,14:58:00,,,to_tlv
2026,6,יום חול,3600,,650,14:58:00,,,to_tlv
2026,6,יום חול,4600,,255,14:58:00,,,to_tlv
2026,6,שישי,9000,,6629,14:58:00,,,to_tlv
2026,6,יום חול,9200,,648,14:58:00,,,to_tlv
2026,6,שישי,1230,,6080,14:58:00,,,to_tlv
2026,6,שישי,4600,,6519,14:58:00,,,to_tlv
2026,6,שישי,9000,,8629,14:58:00,,,to_tlv
2026,6,יום חול,680,,572,14:59:00,,,to_tlv
2026,6,יום חול,1300,,459,14:59:00,,,to_tlv
2026,6,יום חול,1840,,419,14:59:00,,,from_tlv
2026,6,יום חול,3900,,856,14:59:00,,,to_tlv
2026,6,יום חול,3700,,167,14:59:00,,,to_tlv
2026,6,יום חול,4250,,322,14:59:00,,,to_tlv
2026,6,יום חול,4900,,968,14:59:00,,,to_tlv
2026,6,יום חול,5000,,918,14:59:00,,,from_tlv
2026,6,יום חול,8600,,748,14:59:00,,,from_tlv
2026,6,יום חול,8550,,40,14:59:00,,,from_tlv
2026,6,שישי,4900,,6240,14:59:00,,,to_tlv
2026,6,יום חול,9800,,647,14:59:00,,,to_tlv
2026,6,יום חול,9800,,8647,14:59:00,,,to_tlv
2026,6,שישי,8600,,6752,14:59:00,,,from_tlv
2026,6,יום חול,1280,,78,15:00:00,,,to_tlv
2026,6,יום חול,2100,,116,15:00:00,,,to_tlv
2026,6,יום חול,3600,,751,15:00:00,,,to_tlv
2026,6,יום חול,3700,,258,15:00:00,,,to_tlv
2026,6,יום חול,4690,,652,15:00:00,,,from_tlv
2026,6,יום חול,4900,,324,15:00:00,,,to_tlv
2026,6,יום חול,6150,,35,15:00:00,,,to_tlv
2026,6,יום חול,5900,,262,15:00:00,,,from_tlv
2026,6,יום חול,5300,,260,15:00:00,,,from_tlv
2026,6,שישי,2300,,6079,15:00:00,,,from_tlv
2026,6,שישי,2800,,6238,15:00:00,,,to_tlv
2026,6,שישי,5300,,6237,15:00:00,,,to_tlv
2026,6,יום חול,1240,,83,15:01:00,,,from_tlv
2026,6,יום חול,2960,,648,15:01:00,,,to_tlv
2026,6,יום חול,2800,,168,15:01:00,,,to_tlv
2026,6,יום חול,3300,,256,15:01:00,,,to_tlv
2026,6,יום חול,3400,,518,15:01:00,,,to_tlv
2026,6,יום חול,3600,,118,15:01:00,,,to_tlv
2026,6,יום חול,5200,,253,15:01:00,,,to_tlv
2026,6,שישי,4100,,8634,15:01:00,,,to_tlv
2026,6,שישי,3300,,6239,15:01:00,,,from_tlv
2026,6,שישי,4250,,6631,15:01:00,,,from_tlv
2026,6,שישי,9100,,6918,15:01:00,,,from_tlv
2026,6,שישי,4100,,6634,15:01:00,,,to_tlv
2026,6,יום חול,3310,,257,15:02:00,,,from_tlv
2026,6,יום חול,3600,,649,15:02:00,,,to_tlv
2026,6,יום חול,3600,,8649,15:02:00,,,to_tlv
2026,6,יום חול,3900,,861,15:02:00,,,to_tlv
2026,6,יום חול,5200,,253,15:02:00,,,to_tlv
2026,6,שישי,1840,,6459,15:02:00,,,from_tlv
2026,6,יום חול,9650,,656,15:02:00,,,from_tlv
2026,6,יום חול,9200,,651,15:02:00,,,from_tlv
2026,6,יום חול,9200,,8651,15:02:00,,,from_tlv
2026,6,יום חול,1220,,459,15:03:00,,,from_tlv
2026,6,יום חול,2300,,80,15:03:00,,,to_tlv
2026,6,יום חול,2100,,39,15:03:00,,,from_tlv
2026,6,יום חול,2300,,169,15:03:00,,,from_tlv
2026,6,יום חול,2200,,458,15:03:00,,,to_tlv
2026,6,יום חול,3500,,746,15:03:00,,,to_tlv
2026,6,יום חול,4680,,652,15:03:00,,,from_tlv
2026,6,יום חול,4900,,255,15:03:00,,,to_tlv
2026,6,שישי,5900,,6242,15:03:00,,,from_tlv
2026,6,שישי,5800,,6636,15:03:00,,,from_tlv
2026,6,שישי,4900,,6519,15:03:00,,,to_tlv
2026,6,שישי,7300,,6627,15:03:00,,,to_tlv
2026,6,שישי,7320,,6638,15:03:00,,,from_tlv
2026,6,יום חול,1220,,414,15:04:00,,,to_tlv
2026,6,יום חול,1500,,166,15:04:00,,,to_tlv
2026,6,יום חול,4100,,8650,15:04:00,,,to_tlv
2026,6,יום חול,4600,,167,15:04:00,,,to_tlv
2026,6,יום חול,4100,,650,15:04:00,,,to_tlv
2026,6,יום חול,4600,,968,15:04:00,,,to_tlv
2026,6,יום חול,5900,,645,15:04:00,,,to_tlv
2026,6,יום חול,5900,,654,15:04:00,,,from_tlv
2026,6,יום חול,8800,,859,15:04:00,,,from_tlv
2026,6,יום חול,8800,,322,15:04:00,,,to_tlv
2026,6,יום חול,5900,,654,15:04:00,,,from_tlv
2026,6,שישי,1220,,6456,15:04:00,,,to_tlv
2026,6,שישי,4600,,6240,15:04:00,,,to_tlv
2026,6,יום חול,1400,,121,15:05:00,,,from_tlv
2026,6,יום חול,300,,117,15:05:00,,,from_tlv
2026,6,יום חול,2940,,648,15:05:00,,,to_tlv
2026,6,יום חול,3400,,257,15:05:00,,,from_tlv
2026,6,יום חול,3700,,751,15:05:00,,,to_tlv
2026,6,יום חול,3600,,258,15:05:00,,,to_tlv
2026,6,יום חול,4600,,324,15:05:00,,,to_tlv
2026,6,יום חול,4900,,38,15:05:00,,,to_tlv
2026,6,יום חול,5150,,519,15:05:00,,,to_tlv
2026,6,יום חול,8600,,170,15:05:00,,,from_tlv
2026,6,יום חול,8700,,651,15:05:00,,,from_tlv
2026,6,יום חול,8700,,8651,15:05:00,,,from_tlv
2026,6,שישי,5000,,6518,15:05:00,,,from_tlv
2026,6,שישי,5200,,6237,15:05:00,,,to_tlv
2026,6,שישי,5800,,8636,15:05:00,,,from_tlv
2026,6,יום חול,400,,573,15:06:00,,,to_tlv
2026,6,יום חול,1820,,419,15:06:00,,,from_tlv
2026,6,יום חול,2200,,39,15:06:00,,,from_tlv
2026,6,יום חול,5000,,260,15:06:00,,,from_tlv
2026,6,יום חול,5900,,645,15:06:00,,,to_tlv
2026,6,שישי,3310,,6239,15:06:00,,,from_tlv
2026,6,שישי,4170,,8634,15:06:00,,,to_tlv
2026,6,שישי,4170,,6631,15:06:00,,,from_tlv
2026,6,שישי,4170,,6634,15:06:00,,,to_tlv
2026,6,יום חול,1300,,414,15:07:00,,,to_tlv
2026,6,יום חול,2100,,458,15:07:00,,,to_tlv
2026,6,יום חול,2800,,259,15:07:00,,,from_tlv
2026,6,יום חול,3700,,8649,15:07:00,,,to_tlv
2026,6,יום חול,3700,,649,15:07:00,,,to_tlv
2026,6,יום חול,4310,,858,15:07:00,,,to_tlv
2026,6,יום חול,9000,,8647,15:07:00,,,to_tlv
2026,6,יום חול,9000,,647,15:07:00,,,to_tlv
2026,6,שישי,8600,,6139,15:07:00,,,to_tlv
2026,6,יום חול,1220,,116,15:08:00,,,to_tlv
2026,6,יום חול,700,,121,15:08:00,,,from_tlv
2026,6,יום חול,3300,,518,15:08:00,,,to_tlv
2026,6,יום חול,3700,,968,15:08:00,,,to_tlv
2026,6,יום חול,3700,,324,15:08:00,,,to_tlv
2026,6,יום חול,4660,,652,15:08:00,,,from_tlv
2026,6,יום חול,5010,,520,15:08:00,,,from_tlv
2026,6,יום חול,5800,,262,15:08:00,,,from_tlv
2026,6,שישי,5800,,6629,15:08:00,,,to_tlv
2026,6,שישי,5800,,8629,15:08:00,,,to_tlv
2026,6,יום חול,680,,750,15:09:00,,,to_tlv
2026,6,יום חול,2200,,80,15:09:00,,,to_tlv
2026,6,יום חול,4170,,650,15:09:00,,,to_tlv
2026,6,יום חול,4170,,8650,15:09:00,,,to_tlv
2026,6,יום חול,4900,,167,15:09:00,,,to_tlv
2026,6,יום חול,4600,,751,15:09:00,,,to_tlv
2026,6,שישי,5150,,6518,15:09:00,,,from_tlv
2026,6,שישי,3400,,6239,15:09:00,,,from_tlv
2026,6,שישי,1300,,6456,15:09:00,,,to_tlv
2026,6,שישי,1240,,6080,15:09:00,,,to_tlv
2026,6,שישי,3700,,6240,15:09:00,,,to_tlv
2026,6,יום חול,700,,414,15:10:00,,,to_tlv
2026,6,יום חול,3100,,256,15:10:00,,,to_tlv
2026,6,יום חול,4600,,38,15:10:00,,,to_tlv
2026,6,יום חול,4900,,748,15:10:00,,,to_tlv
2026,6,יום חול,5410,,253,15:10:00,,,to_tlv
2026,6,יום חול,5800,,262,15:10:00,,,from_tlv
2026,6,שישי,4900,,6752,15:10:00,,,to_tlv
2026,6,יום חול,8700,,322,15:10:00,,,to_tlv
2026,6,שישי,1820,,6459,15:10:00,,,from_tlv
2026,6,שישי,680,,6559,15:10:00,,,to_tlv
2026,6,שישי,7300,,6638,15:10:00,,,from_tlv
2026,6,יום חול,1230,,83,15:11:00,,,from_tlv
2026,6,יום חול,2100,,459,15:11:00,,,from_tlv
2026,6,יום חול,2820,,259,15:11:00,,,from_tlv
2026,6,יום חול,3500,,648,15:11:00,,,to_tlv
2026,6,יום חול,4600,,8649,15:11:00,,,to_tlv
2026,6,יום חול,4600,,649,15:11:00,,,to_tlv
2026,6,יום חול,4640,,652,15:11:00,,,from_tlv
2026,6,יום חול,5000,,519,15:11:00,,,to_tlv
2026,6,יום חול,5410,,253,15:11:00,,,to_tlv
2026,6,יום חול,7300,,643,15:11:00,,,to_tlv
2026,6,יום חול,8800,,651,15:11:00,,,from_tlv
2026,6,שישי,400,,6138,15:11:00,,,from_tlv
2026,6,יום חול,8800,,8651,15:11:00,,,from_tlv
2026,6,יום חול,9600,,656,15:11:00,,,from_tlv
2026,6,שישי,4100,,6631,15:11:00,,,from_tlv
2026,6,שישי,4250,,6634,15:11:00,,,to_tlv
2026,6,שישי,4250,,8634,15:11:00,,,to_tlv
2026,6,שישי,5800,,6242,15:11:00,,,from_tlv
2026,6,שישי,5000,,6918,15:11:00,,,from_tlv
2026,6,יום חול,1300,,121,15:12:00,,,to_tlv
2026,6,יום חול,2300,,39,15:12:00,,,from_tlv
2026,6,יום חול,2300,,36,15:12:00,,,to_tlv
2026,6,יום חול,3700,,37,15:12:00,,,to_tlv
2026,6,יום חול,4800,,255,15:12:00,,,to_tlv
2026,6,יום חול,7000,,35,15:12:00,,,to_tlv
2026,6,יום חול,7320,,658,15:12:00,,,from_tlv
2026,6,שישי,7320,,6627,15:12:00,,,to_tlv
2026,6,יום חול,1400,,414,15:13:00,,,to_tlv
2026,6,יום חול,300,,573,15:13:00,,,from_tlv
2026,6,יום חול,1300,,116,15:13:00,,,to_tlv
2026,6,יום חול,2100,,80,15:13:00,,,to_tlv
2026,6,יום חול,1600,,166,15:13:00,,,to_tlv
2026,6,יום חול,2500,,169,15:13:00,,,from_tlv
2026,6,יום חול,3500,,258,15:13:00,,,to_tlv
2026,6,יום חול,3600,,968,15:13:00,,,to_tlv
2026,6,יום חול,3500,,257,15:13:00,,,from_tlv
2026,6,יום חול,3600,,324,15:13:00,,,to_tlv
2026,6,יום חול,4800,,260,15:13:00,,,from_tlv
2026,6,יום חול,5000,,520,15:13:00,,,from_tlv
2026,6,שישי,5800,,6242,15:13:00,,,from_tlv
2026,6,שישי,700,,6456,15:13:00,,,to_tlv
2026,6,יום חול,9200,,322,15:13:00,,,to_tlv
2026,6,שישי,1260,,6081,15:13:00,,,from_tlv
2026,6,יום חול,400,,117,15:14:00,,,to_tlv
2026,6,יום חול,2500,,168,15:14:00,,,to_tlv
2026,6,יום חול,4300,,858,15:14:00,,,to_tlv
2026,6,יום חול,4250,,650,15:14:00,,,to_tlv
2026,6,יום חול,4250,,8650,15:14:00,,,to_tlv
2026,6,יום חול,5800,,654,15:14:00,,,from_tlv
2026,6,שישי,3600,,6240,15:14:00,,,to_tlv
2026,6,שישי,5150,,6519,15:14:00,,,to_tlv
2026,6,שישי,9000,,6636,15:14:00,,,from_tlv
2026,6,שישי,9000,,8636,15:14:00,,,from_tlv
2026,6,שישי,5410,,6237,15:14:00,,,to_tlv
2026,6,יום חול,1220,,458,15:15:00,,,to_tlv
2026,6,יום חול,1600,,171,15:15:00,,,from_tlv
2026,6,יום חול,3700,,38,15:15:00,,,to_tlv
2026,6,יום חול,4300,,861,15:15:00,,,to_tlv
2026,6,יום חול,4600,,37,15:15:00,,,to_tlv
2026,6,יום חול,4900,,751,15:15:00,,,to_tlv
2026,6,יום חול,4900,,8649,15:15:00,,,to_tlv
2026,6,יום חול,4600,,748,15:15:00,,,to_tlv
2026,6,יום חול,4900,,649,15:15:00,,,to_tlv
2026,6,יום חול,4900,,652,15:15:00,,,to_tlv
2026,6,יום חול,7000,,40,15:15:00,,,from_tlv
2026,6,שישי,4600,,6752,15:15:00,,,to_tlv
2026,6,יום חול,300,,572,15:16:00,,,to_tlv
2026,6,יום חול,2960,,322,15:16:00,,,to_tlv
2026,6,יום חול,2200,,459,15:16:00,,,from_tlv
2026,6,יום חול,4900,,170,15:16:00,,,to_tlv
2026,6,יום חול,5010,,519,15:16:00,,,to_tlv
2026,6,יום חול,5150,,255,15:16:00,,,to_tlv
2026,6,יום חול,5000,,919,15:16:00,,,to_tlv
2026,6,יום חול,5800,,8654,15:16:00,,,from_tlv
2026,6,יום חול,9600,,645,15:16:00,,,to_tlv
2026,6,שישי,1400,,6456,15:16:00,,,to_tlv
2026,6,שישי,3600,,6631,15:16:00,,,to_tlv
2026,6,יום חול,700,,116,15:17:00,,,to_tlv
2026,6,יום חול,1220,,121,15:17:00,,,from_tlv
2026,6,יום חול,3100,,259,15:17:00,,,from_tlv
2026,6,יום חול,4250,,651,15:17:00,,,from_tlv
2026,6,יום חול,4250,,8651,15:17:00,,,from_tlv
2026,6,יום חול,5800,,8647,15:17:00,,,to_tlv
2026,6,יום חול,5800,,647,15:17:00,,,to_tlv
2026,6,שישי,3500,,6239,15:17:00,,,from_tlv
2026,6,שישי,300,,6138,15:17:00,,,to_tlv
2026,6,שישי,8800,,8634,15:17:00,,,to_tlv
2026,6,שישי,8800,,6634,15:17:00,,,to_tlv
2026,6,יום חול,1400,,419,15:18:00,,,from_tlv
2026,6,יום חול,400,,120,15:18:00,,,from_tlv
2026,6,יום חול,2100,,83,15:18:00,,,from_tlv
2026,6,יום חול,2820,,256,15:18:00,,,to_tlv
2026,6,יום חול,5410,,262,15:18:00,,,from_tlv
2026,6,שישי,1250,,6080,15:18:00,,,to_tlv
2026,6,שישי,5900,,6629,15:18:00,,,to_tlv
2026,6,יום חול,2200,,36,15:19:00,,,to_tlv
2026,6,יום חול,3500,,653,15:19:00,,,from_tlv
2026,6,יום חול,3300,,521,15:19:00,,,from_tlv
2026,6,יום חול,3500,,8653,15:19:00,,,from_tlv
2026,6,יום חול,4100,,324,15:19:00,,,to_tlv
2026,6,יום חול,3600,,257,15:19:00,,,to_tlv
2026,6,יום חול,7300,,658,15:19:00,,,from_tlv
2026,6,יום חול,5150,,520,15:19:00,,,from_tlv
2026,6,יום חול,8800,,8650,15:19:00,,,to_tlv
2026,6,יום חול,5800,,253,15:19:00,,,to_tlv
2026,6,יום חול,8800,,650,15:19:00,,,to_tlv
2026,6,יום חול,7320,,643,15:19:00,,,to_tlv
2026,6,שישי,4900,,6518,15:19:00,,,to_tlv
2026,6,יום חול,1400,,116,15:20:00,,,to_tlv
2026,6,יום חול,1300,,458,15:20:00,,,to_tlv
2026,6,יום חול,1230,,80,15:20:00,,,to_tlv
2026,6,יום חול,2940,,322,15:20:00,,,to_tlv
2026,6,יום חול,3600,,38,15:20:00,,,to_tlv
2026,6,יום חול,4600,,652,15:20:00,,,to_tlv
2026,6,יום חול,3700,,748,15:20:00,,,to_tlv
2026,6,יום חול,4900,,37,15:20:00,,,to_tlv
2026,6,יום חול,4640,,649,15:20:00,,,to_tlv
2026,6,יום חול,4640,,8649,15:20:00,,,to_tlv
2026,6,יום חול,5800,,253,15:20:00,,,to_tlv
2026,6,יום חול,5800,,253,15:20:00,,,to_tlv
2026,6,יום חול,8600,,167,15:20:00,,,to_tlv
2026,6,שישי,5000,,6519,15:20:00,,,to_tlv
2026,6,שישי,3700,,6752,15:20:00,,,to_tlv
2026,6,שישי,5900,,6629,15:20:00,,,to_tlv
2026,6,יום חול,3500,,968,15:21:00,,,to_tlv
2026,6,יום חול,4600,,170,15:21:00,,,to_tlv
2026,6,יום חול,5000,,255,15:21:00,,,to_tlv
2026,6,יום חול,4900,,260,15:21:00,,,to_tlv
2026,6,שישי,1250,,6081,15:21:00,,,from_tlv
2026,6,שישי,300,,6139,15:21:00,,,from_tlv
2026,6,שישי,3700,,6631,15:21:00,,,to_tlv
2026,6,שישי,3500,,6240,15:21:00,,,to_tlv
2026,6,יום חול,680,,749,15:22:00,,,to_tlv
2026,6,יום חול,1500,,171,15:22:00,,,from_tlv
2026,6,יום חול,3400,,258,15:22:00,,,to_tlv
2026,6,יום חול,4170,,8651,15:22:00,,,from_tlv
2026,6,יום חול,4310,,861,15:22:00,,,to_tlv
2026,6,יום חול,4170,,651,15:22:00,,,from_tlv
2026,6,יום חול,5000,,418,15:22:00,,,from_tlv
2026,6,שישי,1400,,6459,15:22:00,,,from_tlv
2026,6,שישי,680,,6751,15:22:00,,,to_tlv
2026,6,שישי,9800,,8636,15:22:00,,,from_tlv
2026,6,שישי,9800,,6636,15:22:00,,,from_tlv
2026,6,יום חול,2100,,36,15:23:00,,,to_tlv
2026,6,יום חול,2200,,83,15:23:00,,,from_tlv
2026,6,יום חול,2800,,256,15:23:00,,,to_tlv
2026,6,יום חול,3700,,652,15:23:00,,,to_tlv
2026,6,יום חול,4660,,8649,15:23:00,,,to_tlv
2026,6,יום חול,4660,,649,15:23:00,,,to_tlv
2026,6,יום חול,5900,,656,15:23:00,,,from_tlv
2026,6,יום חול,5900,,656,15:23:00,,,from_tlv
2026,6,שישי,3600,,6239,15:23:00,,,to_tlv
2026,6,שישי,8700,,6634,15:23:00,,,to_tlv
2026,6,שישי,8700,,8634,15:23:00,,,to_tlv
2026,6,שישי,5410,,6242,15:23:00,,,from_tlv
2026,6,יום חול,700,,458,15:24:00,,,to_tlv
2026,6,יום חול,300,,120,15:24:00,,,to_tlv
2026,6,יום חול,400,,572,15:24:00,,,from_tlv
2026,6,יום חול,2940,,8653,15:24:00,,,from_tlv
2026,6,יום חול,2300,,459,15:24:00,,,from_tlv
2026,6,יום חול,2300,,168,15:24:00,,,to_tlv
2026,6,יום חול,2940,,653,15:24:00,,,from_tlv
2026,6,יום חול,3500,,753,15:24:00,,,from_tlv
2026,6,יום חול,3700,,257,15:24:00,,,to_tlv
2026,6,יום חול,3600,,119,15:24:00,,,to_tlv
2026,6,יום חול,4170,,324,15:24:00,,,to_tlv
2026,6,יום חול,5200,,262,15:24:00,,,from_tlv
2026,6,שישי,9700,,6638,15:24:00,,,from_tlv
2026,6,שישי,4600,,6518,15:24:00,,,to_tlv
2026,6,יום חול,9650,,645,15:24:00,,,to_tlv
2026,6,שישי,3500,,6755,15:24:00,,,from_tlv
2026,6,שישי,5800,,6237,15:24:00,,,to_tlv
2026,6,שישי,5800,,6237,15:24:00,,,to_tlv
2026,6,יום חול,1220,,419,15:25:00,,,from_tlv
2026,6,יום חול,2100,,121,15:25:00,,,from_tlv
2026,6,יום חול,3400,,521,15:25:00,,,from_tlv
2026,6,יום חול,3600,,748,15:25:00,,,to_tlv
2026,6,יום חול,9000,,654,15:25:00,,,from_tlv
2026,6,שישי,4600,,6631,15:25:00,,,to_tlv
2026,6,יום חול,8700,,650,15:25:00,,,to_tlv
2026,6,יום חול,8700,,8650,15:25:00,,,to_tlv
2026,6,שישי,700,,6459,15:25:00,,,from_tlv
2026,6,יום חול,9000,,8654,15:25:00,,,from_tlv
2026,6,יום חול,9100,,919,15:25:00,,,to_tlv
2026,6,שישי,3600,,6752,15:25:00,,,to_tlv
2026,6,יום חול,1820,,414,15:26:00,,,to_tlv
2026,6,יום חול,3310,,258,15:26:00,,,to_tlv
2026,6,יום חול,2800,,169,15:26:00,,,from_tlv
2026,6,יום חול,3500,,322,15:26:00,,,to_tlv
2026,6,יום חול,3700,,170,15:26:00,,,to_tlv
2026,6,יום חול,4600,,260,15:26:00,,,to_tlv
2026,6,שישי,4690,,6636,15:26:00,,,from_tlv
2026,6,שישי,4690,,8636,15:26:00,,,from_tlv
2026,6,יום חול,8600,,751,15:26:00,,,to_tlv
2026,6,יום חול,1400,,458,15:27:00,,,to_tlv
2026,6,יום חול,3300,,259,15:27:00,,,from_tlv
2026,6,יום חול,4100,,8651,15:27:00,,,from_tlv
2026,6,יום חול,4100,,651,15:27:00,,,from_tlv
2026,6,יום חול,4680,,8649,15:27:00,,,to_tlv
2026,6,יום חול,4680,,649,15:27:00,,,to_tlv
2026,6,יום חול,6150,,40,15:27:00,,,from_tlv
2026,6,יום חול,8800,,860,15:27:00,,,to_tlv
2026,6,יום חול,5900,,647,15:27:00,,,to_tlv
2026,6,שישי,9200,,6634,15:27:00,,,to_tlv
2026,6,שישי,9200,,8634,15:27:00,,,to_tlv
2026,6,יום חול,7320,,420,15:27:00,,,from_tlv
2026,6,שישי,3300,,6521,15:27:00,,,from_tlv
2026,6,יום חול,1600,,41,15:28:00,,,from_tlv
2026,6,יום חול,2960,,8653,15:28:00,,,from_tlv
2026,6,יום חול,3500,,38,15:28:00,,,to_tlv
2026,6,יום חול,2960,,653,15:28:00,,,from_tlv
2026,6,יום חול,3600,,652,15:28:00,,,to_tlv
2026,6,יום חול,4600,,257,15:28:00,,,to_tlv
2026,6,יום חול,5300,,255,15:28:00,,,to_tlv
2026,6,שישי,8600,,6138,15:28:00,,,from_tlv
2026,6,יום חול,9200,,8650,15:28:00,,,to_tlv
2026,6,שישי,3700,,6239,15:28:00,,,to_tlv
2026,6,יום חול,9200,,650,15:28:00,,,to_tlv
2026,6,שישי,1260,,6080,15:28:00,,,to_tlv
2026,6,שישי,1240,,6081,15:28:00,,,from_tlv
2026,6,יום חול,1500,,116,15:29:00,,,to_tlv
2026,6,יום חול,2300,,83,15:29:00,,,from_tlv
2026,6,יום חול,3900,,858,15:29:00,,,to_tlv
2026,6,יום חול,3700,,119,15:29:00,,,to_tlv
2026,6,יום חול,4250,,324,15:29:00,,,to_tlv
2026,6,יום חול,4900,,520,15:29:00,,,to_tlv
2026,6,יום חול,5900,,647,15:29:00,,,to_tlv
2026,6,יום חול,8600,,750,15:29:00,,,from_tlv
2026,6,יום חול,5900,,253,15:29:00,,,to_tlv
2026,6,שישי,400,,6139,15:29:00,,,to_tlv
2026,6,שישי,1300,,6459,15:29:00,,,to_tlv
2026,6,שישי,4680,,6636,15:29:00,,,from_tlv
2026,6,שישי,3700,,6518,15:29:00,,,to_tlv
2026,6,שישי,1820,,6456,15:29:00,,,to_tlv
2026,6,שישי,680,,6560,15:29:00,,,to_tlv
2026,6,שישי,3400,,6240,15:29:00,,,to_tlv
2026,6,שישי,4680,,8636,15:29:00,,,from_tlv
2026,6,יום חול,1240,,80,15:30:00,,,to_tlv
2026,6,יום חול,2200,,121,15:30:00,,,from_tlv
2026,6,יום חול,3400,,968,15:30:00,,,to_tlv
2026,6,יום חול,3600,,753,15:30:00,,,to_tlv
2026,6,יום חול,3700,,260,15:30:00,,,to_tlv
2026,6,יום חול,5300,,262,15:30:00,,,from_tlv
2026,6,יום חול,5900,,253,15:30:00,,,to_tlv
2026,6,שישי,2960,,6634,15:30:00,,,to_tlv
2026,6,שישי,4900,,6631,15:30:00,,,to_tlv
2026,6,שישי,3600,,6755,15:30:00,,,to_tlv
2026,6,שישי,9600,,6629,15:30:00,,,to_tlv
2026,6,שישי,2960,,8634,15:30:00,,,to_tlv
2026,6,יום חול,1220,,36,15:31:00,,,to_tlv
2026,6,יום חול,1280,,85,15:31:00,,,from_tlv
2026,6,יום חול,2200,,168,15:31:00,,,to_tlv
2026,6,יום חול,2960,,650,15:31:00,,,to_tlv
2026,6,יום חול,3600,,170,15:31:00,,,to_tlv
2026,6,יום חול,2800,,118,15:31:00,,,to_tlv
2026,6,יום חול,3300,,258,15:31:00,,,to_tlv
2026,6,יום חול,2960,,8650,15:31:00,,,to_tlv
2026,6,יום חול,4690,,8649,15:31:00,,,to_tlv
2026,6,יום חול,4690,,649,15:31:00,,,to_tlv
2026,6,יום חול,8550,,35,15:31:00,,,to_tlv
2026,6,שישי,5200,,6242,15:31:00,,,from_tlv
2026,6,יום חול,1400,,171,15:32:00,,,from_tlv
2026,6,יום חול,3310,,259,15:32:00,,,from_tlv
2026,6,יום חול,3600,,651,15:32:00,,,to_tlv
2026,6,יום חול,3600,,8651,15:32:00,,,to_tlv
2026,6,יום חול,3900,,863,15:32:00,,,to_tlv
2026,6,יום חול,9200,,8653,15:32:00,,,from_tlv
2026,6,שישי,4600,,6239,15:32:00,,,to_tlv
2026,6,יום חול,9200,,653,15:32:00,,,from_tlv
2026,6,יום חול,2100,,419,15:33:00,,,from_tlv
2026,6,יום חול,3500,,748,15:33:00,,,to_tlv
2026,6,יום חול,4900,,257,15:33:00,,,to_tlv
2026,6,יום חול,5200,,255,15:33:00,,,to_tlv
2026,6,יום חול,9700,,658,15:33:00,,,from_tlv
2026,6,יום חול,5800,,656,15:33:00,,,from_tlv
2026,6,יום חול,9700,,645,15:33:00,,,to_tlv
2026,6,שישי,1220,,6459,15:33:00,,,from_tlv
2026,6,שישי,3310,,6240,15:33:00,,,to_tlv
2026,6,שישי,3500,,6633,15:33:00,,,from_tlv
2026,6,שישי,3400,,6521,15:33:00,,,from_tlv
2026,6,שישי,9650,,6638,15:33:00,,,from_tlv
2026,6,יום חול,1840,,461,15:34:00,,,from_tlv
2026,6,יום חול,3500,,521,15:34:00,,,from_tlv
2026,6,יום חול,4100,,652,15:34:00,,,to_tlv
2026,6,יום חול,4600,,119,15:34:00,,,to_tlv
2026,6,יום חול,4600,,520,15:34:00,,,to_tlv
2026,6,יום חול,5200,,970,15:34:00,,,from_tlv
2026,6,יום חול,7300,,420,15:34:00,,,from_tlv
2026,6,יום חול,9800,,8649,15:34:00,,,to_tlv
2026,6,יום חול,7320,,660,15:34:00,,,from_tlv
2026,6,יום חול,8800,,861,15:34:00,,,from_tlv
2026,6,שישי,3500,,6752,15:34:00,,,to_tlv
2026,6,יום חול,8800,,324,15:34:00,,,to_tlv
2026,6,יום חול,9800,,649,15:34:00,,,to_tlv
2026,6,שישי,4660,,6636,15:34:00,,,from_tlv
2026,6,שישי,4660,,8636,15:34:00,,,from_tlv
2026,6,שישי,3600,,6518,15:34:00,,,to_tlv
2026,6,יום חול,300,,167,15:35:00,,,from_tlv
2026,6,יום חול,680,,573,15:35:00,,,to_tlv
2026,6,יום חול,700,,171,15:35:00,,,from_tlv
2026,6,יום חול,2100,,168,15:35:00,,,to_tlv
2026,6,יום חול,1500,,41,15:35:00,,,from_tlv
2026,6,יום חול,2940,,8650,15:35:00,,,to_tlv
2026,6,יום חול,2940,,650,15:35:00,,,to_tlv
2026,6,יום חול,3400,,259,15:35:00,,,from_tlv
2026,6,יום חול,3600,,260,15:35:00,,,to_tlv
2026,6,יום חול,3700,,753,15:35:00,,,to_tlv
2026,6,יום חול,4900,,418,15:35:00,,,to_tlv
2026,6,יום חול,5800,,8656,15:35:00,,,from_tlv
2026,6,יום חול,8700,,8653,15:35:00,,,from_tlv
2026,6,יום חול,8700,,653,15:35:00,,,from_tlv
2026,6,שישי,5900,,6237,15:35:00,,,to_tlv
2026,6,יום חול,8600,,120,15:35:00,,,from_tlv
2026,6,שישי,2940,,8634,15:35:00,,,to_tlv
2026,6,שישי,3700,,6755,15:35:00,,,to_tlv
2026,6,שישי,4640,,6631,15:35:00,,,to_tlv
2026,6,שישי,5000,,6919,15:35:00,,,to_tlv
2026,6,שישי,2940,,6634,15:35:00,,,to_tlv
2026,6,יום חול,2300,,121,15:36:00,,,from_tlv
2026,6,יום חול,6900,,40,15:36:00,,,from_tlv
2026,6,יום חול,5000,,37,15:36:00,,,to_tlv
2026,6,יום חול,9800,,654,15:36:00,,,from_tlv
2026,6,יום חול,9800,,8654,15:36:00,,,from_tlv
2026,6,יום חול,5000,,262,15:36:00,,,from_tlv
2026,6,יום חול,2800,,261,15:37:00,,,from_tlv
2026,6,יום חול,3300,,968,15:37:00,,,to_tlv
2026,6,יום חול,3700,,651,15:37:00,,,to_tlv
2026,6,יום חול,4310,,860,15:37:00,,,to_tlv
2026,6,יום חול,3700,,8651,15:37:00,,,to_tlv
2026,6,יום חול,6300,,519,15:37:00,,,to_tlv
2026,6,שישי,4900,,6239,15:37:00,,,to_tlv
2026,6,שישי,5300,,6242,15:37:00,,,from_tlv
2026,6,יום חול,1400,,36,15:38:00,,,to_tlv
2026,6,יום חול,1250,,80,15:38:00,,,to_tlv
2026,6,יום חול,2200,,419,15:38:00,,,from_tlv
2026,6,יום חול,3700,,520,15:38:00,,,to_tlv
2026,6,שישי,1230,,6081,15:38:00,,,from_tlv
2026,6,שישי,4640,,6636,15:38:00,,,from_tlv
2026,6,שישי,3300,,6240,15:38:00,,,to_tlv
2026,6,שישי,4660,,6631,15:38:00,,,to_tlv
2026,6,שישי,2940,,6633,15:38:00,,,from_tlv
2026,6,שישי,4640,,8636,15:38:00,,,from_tlv
2026,6,יום חול,680,,752,15:39:00,,,to_tlv
2026,6,יום חול,1300,,171,15:39:00,,,to_tlv
2026,6,יום חול,1600,,116,15:39:00,,,to_tlv
2026,6,יום חול,2500,,83,15:39:00,,,from_tlv
2026,6,יום חול,1840,,414,15:39:00,,,to_tlv
2026,6,יום חול,4170,,652,15:39:00,,,to_tlv
2026,6,יום חול,4600,,753,15:39:00,,,to_tlv
2026,6,יום חול,4900,,119,15:39:00,,,to_tlv
2026,6,יום חול,9600,,647,15:39:00,,,to_tlv
2026,6,שישי,680,,6756,15:39:00,,,to_tlv
2026,6,שישי,4600,,6755,15:39:00,,,to_tlv
2026,6,שישי,4900,,6138,15:39:00,,,to_tlv
2026,6,שישי,2300,,6082,15:39:00,,,to_tlv
2026,6,שישי,9650,,6629,15:39:00,,,to_tlv
2026,6,יום חול,3100,,258,15:40:00,,,to_tlv
2026,6,יום חול,4680,,654,15:40:00,,,from_tlv
2026,6,יום חול,4600,,418,15:40:00,,,to_tlv
2026,6,יום חול,4680,,8654,15:40:00,,,from_tlv
2026,6,יום חול,4900,,750,15:40:00,,,to_tlv
2026,6,יום חול,8700,,324,15:40:00,,,to_tlv
2026,6,יום חול,1820,,461,15:41:00,,,from_tlv
2026,6,יום חול,2820,,261,15:41:00,,,from_tlv
2026,6,יום חול,3500,,8650,15:41:00,,,to_tlv
2026,6,יום חול,3500,,650,15:41:00,,,to_tlv
2026,6,יום חול,3600,,521,15:41:00,,,to_tlv
2026,6,יום חול,4600,,8651,15:41:00,,,to_tlv
2026,6,יום חול,4600,,651,15:41:00,,,to_tlv
2026,6,יום חול,8800,,653,15:41:00,,,from_tlv
2026,6,יום חול,8800,,8653,15:41:00,,,from_tlv
2026,6,יום חול,7300,,660,15:41:00,,,from_tlv
2026,6,יום חול,7300,,35,15:41:00,,,to_tlv
2026,6,שישי,2100,,6459,15:41:00,,,from_tlv
2026,6,שישי,3500,,6518,15:41:00,,,to_tlv
2026,6,יום חול,7320,,42,15:41:00,,,from_tlv
2026,6,שישי,2800,,6241,15:41:00,,,from_tlv
2026,6,יום חול,1820,,458,15:42:00,,,to_tlv
2026,6,יום חול,4800,,257,15:42:00,,,to_tlv
2026,6,יום חול,4660,,8654,15:42:00,,,from_tlv
2026,6,יום חול,4660,,654,15:42:00,,,from_tlv
2026,6,יום חול,5010,,37,15:42:00,,,to_tlv
2026,6,שישי,4900,,6636,15:42:00,,,to_tlv
2026,6,שישי,4680,,6631,15:42:00,,,to_tlv
2026,6,שישי,3500,,8634,15:42:00,,,to_tlv
2026,6,שישי,3500,,6634,15:42:00,,,to_tlv
2026,6,שישי,1280,,6080,15:42:00,,,to_tlv
2026,6,שישי,9600,,6638,15:42:00,,,from_tlv
2026,6,יום חול,9650,,658,15:42:00,,,from_tlv
2026,6,שישי,3500,,6521,15:42:00,,,from_tlv
2026,6,שישי,4900,,8636,15:42:00,,,to_tlv
2026,6,יום חול,1220,,168,15:43:00,,,to_tlv
2026,6,יום חול,3500,,260,15:43:00,,,to_tlv
2026,6,יום חול,3500,,259,15:43:00,,,from_tlv
2026,6,יום חול,3600,,520,15:43:00,,,to_tlv
2026,6,יום חול,4800,,262,15:43:00,,,from_tlv
2026,6,יום חול,5000,,970,15:43:00,,,from_tlv
2026,6,יום חול,9200,,324,15:43:00,,,to_tlv
2026,6,יום חול,9000,,8649,15:43:00,,,to_tlv
2026,6,שישי,400,,6561,15:43:00,,,to_tlv
2026,6,שישי,2960,,6633,15:43:00,,,from_tlv
2026,6,יום חול,9000,,649,15:43:00,,,to_tlv
2026,6,שישי,1840,,6456,15:43:00,,,to_tlv
2026,6,יום חול,1220,,171,15:44:00,,,from_tlv
2026,6,יום חול,400,,167,15:44:00,,,to_tlv
2026,6,יום חול,2300,,419,15:44:00,,,from_tlv
2026,6,יום חול,4250,,652,15:44:00,,,to_tlv
2026,6,יום חול,4300,,860,15:44:00,,,to_tlv
2026,6,יום חול,9000,,8656,15:44:00,,,from_tlv
2026,6,שישי,5000,,6242,15:44:00,,,from_tlv
2026,6,יום חול,9000,,656,15:44:00,,,from_tlv
2026,6,שישי,9100,,6919,15:44:00,,,to_tlv
2026,6,שישי,4600,,6138,15:44:00,,,to_tlv
2026,6,יום חול,1260,,85,15:45:00,,,from_tlv
2026,6,יום חול,1400,,41,15:45:00,,,from_tlv
2026,6,יום חול,3700,,418,15:45:00,,,to_tlv
2026,6,יום חול,4600,,750,15:45:00,,,to_tlv
2026,6,יום חול,4300,,863,15:45:00,,,to_tlv
2026,6,יום חול,4900,,753,15:45:00,,,to_tlv
2026,6,יום חול,4900,,8651,15:45:00,,,to_tlv
2026,6,יום חול,4900,,651,15:45:00,,,to_tlv
2026,6,שישי,300,,6560,15:45:00,,,to_tlv
2026,6,שישי,2820,,6241,15:45:00,,,from_tlv
2026,6,שישי,4900,,6755,15:45:00,,,to_tlv
2026,6,יום חול,2960,,324,15:46:00,,,to_tlv
2026,6,יום חול,3700,,521,15:46:00,,,to_tlv
2026,6,יום חול,4900,,120,15:46:00,,,to_tlv
2026,6,יום חול,5010,,40,15:46:00,,,from_tlv
2026,6,שישי,2200,,6459,15:46:00,,,from_tlv
2026,6,שישי,2300,,6458,15:46:00,,,to_tlv
2026,6,שישי,4690,,6631,15:46:00,,,to_tlv
2026,6,שישי,4800,,6239,15:46:00,,,to_tlv
2026,6,יום חול,1260,,80,15:47:00,,,to_tlv
2026,6,יום חול,3100,,261,15:47:00,,,from_tlv
2026,6,יום חול,4250,,8653,15:47:00,,,from_tlv
2026,6,יום חול,4250,,653,15:47:00,,,from_tlv
2026,6,יום חול,4900,,654,15:47:00,,,to_tlv
2026,6,יום חול,4900,,8654,15:47:00,,,to_tlv
2026,6,יום חול,9650,,647,15:47:00,,,to_tlv
2026,6,שישי,3700,,6141,15:47:00,,,to_tlv
2026,6,שישי,2200,,6082,15:47:00,,,to_tlv
2026,6,שישי,4600,,8636,15:47:00,,,to_tlv
2026,6,שישי,9200,,6633,15:47:00,,,from_tlv
2026,6,שישי,4600,,6636,15:47:00,,,to_tlv
2026,6,יום חול,400,,172,15:48:00,,,from_tlv
2026,6,יום חול,1300,,168,15:48:00,,,to_tlv
2026,6,יום חול,1500,,36,15:48:00,,,to_tlv
2026,6,יום חול,1600,,123,15:48:00,,,from_tlv
2026,6,יום חול,2820,,258,15:48:00,,,to_tlv
2026,6,יום חול,7300,,645,15:48:00,,,to_tlv
2026,6,יום חול,7300,,42,15:48:00,,,from_tlv
2026,6,שישי,2100,,6081,15:48:00,,,from_tlv
2026,6,שישי,9700,,6629,15:48:00,,,to_tlv
2026,6,שישי,3100,,6240,15:48:00,,,to_tlv
2026,6,יום חול,2300,,118,15:49:00,,,to_tlv
2026,6,יום חול,3500,,8655,15:49:00,,,from_tlv
2026,6,יום חול,3500,,655,15:49:00,,,from_tlv
2026,6,יום חול,3600,,259,15:49:00,,,to_tlv
2026,6,יום חול,5000,,257,15:49:00,,,to_tlv
2026,6,יום חול,6300,,522,15:49:00,,,from_tlv
2026,6,יום חול,5150,,970,15:49:00,,,from_tlv
2026,6,יום חול,8800,,652,15:49:00,,,to_tlv
2026,6,שישי,3700,,6138,15:49:00,,,to_tlv
2026,6,שישי,300,,6561,15:49:00,,,from_tlv
2026,6,שישי,9800,,6631,15:49:00,,,to_tlv
2026,6,שישי,3600,,6521,15:49:00,,,to_tlv
2026,6,יום חול,2940,,324,15:50:00,,,to_tlv
2026,6,יום חול,3300,,975,15:50:00,,,from_tlv
2026,6,יום חול,3700,,750,15:50:00,,,to_tlv
2026,6,יום חול,3600,,418,15:50:00,,,to_tlv
2026,6,יום חול,4600,,521,15:50:00,,,to_tlv
2026,6,יום חול,4660,,651,15:50:00,,,to_tlv
2026,6,יום חול,4660,,8651,15:50:00,,,to_tlv
2026,6,שישי,4600,,6141,15:50:00,,,to_tlv
2026,6,יום חול,8600,,119,15:50:00,,,to_tlv
2026,6,יום חול,7320,,35,15:50:00,,,to_tlv
2026,6,שישי,3400,,6518,15:50:00,,,to_tlv
2026,6,שישי,3700,,8636,15:50:00,,,to_tlv
2026,6,יום חול,9100,,920,15:50:00,,,from_tlv
2026,6,שישי,3700,,6636,15:50:00,,,to_tlv
2026,6,שישי,8700,,6633,15:50:00,,,from_tlv
2026,6,יום חול,3500,,520,15:51:00,,,to_tlv
2026,6,יום חול,4600,,120,15:51:00,,,to_tlv
2026,6,יום חול,4900,,262,15:51:00,,,to_tlv
2026,6,יום חול,5000,,40,15:51:00,,,from_tlv
2026,6,יום חול,6900,,37,15:51:00,,,to_tlv
2026,6,שישי,2100,,6082,15:51:00,,,to_tlv
2026,6,שישי,3100,,6241,15:51:00,,,from_tlv
2026,6,שישי,4800,,6242,15:51:00,,,from_tlv
2026,6,יום חול,1400,,461,15:52:00,,,from_tlv
2026,6,יום חול,700,,168,15:52:00,,,to_tlv
2026,6,יום חול,680,,751,15:52:00,,,to_tlv
2026,6,יום חול,2100,,171,15:52:00,,,from_tlv
2026,6,יום חול,3400,,260,15:52:00,,,to_tlv
2026,6,יום חול,4170,,653,15:52:00,,,from_tlv
2026,6,יום חול,4680,,8651,15:52:00,,,to_tlv
2026,6,יום חול,4600,,654,15:52:00,,,to_tlv
2026,6,יום חול,4170,,8653,15:52:00,,,from_tlv
2026,6,יום חול,4310,,863,15:52:00,,,to_tlv
2026,6,יום חול,4680,,651,15:52:00,,,to_tlv
2026,6,יום חול,4600,,8654,15:52:00,,,to_tlv
2026,6,יום חול,9600,,658,15:52:00,,,from_tlv
2026,6,שישי,400,,6560,15:52:00,,,from_tlv
2026,6,שישי,2200,,6458,15:52:00,,,to_tlv
2026,6,שישי,2200,,6081,15:52:00,,,from_tlv
2026,6,יום חול,1220,,41,15:53:00,,,from_tlv
2026,6,יום חול,2800,,258,15:53:00,,,to_tlv
2026,6,שישי,5900,,6638,15:53:00,,,from_tlv
2026,6,שישי,5900,,6638,15:53:00,,,from_tlv
2026,6,שישי,5000,,6239,15:53:00,,,to_tlv
2026,6,יום חול,300,,172,15:54:00,,,to_tlv
2026,6,יום חול,1250,,85,15:54:00,,,from_tlv
2026,6,יום חול,2940,,8655,15:54:00,,,from_tlv
2026,6,יום חול,3500,,755,15:54:00,,,from_tlv
2026,6,יום חול,2940,,655,15:54:00,,,from_tlv
2026,6,יום חול,3700,,259,15:54:00,,,to_tlv
2026,6,יום חול,3600,,169,15:54:00,,,to_tlv
2026,6,יום חול,5800,,8649,15:54:00,,,to_tlv
2026,6,יום חול,5800,,649,15:54:00,,,to_tlv
2026,6,שישי,2300,,6459,15:54:00,,,from_tlv
2026,6,שישי,3500,,6759,15:54:00,,,from_tlv
2026,6,שישי,3700,,6521,15:54:00,,,to_tlv
2026,6,יום חול,700,,461,15:55:00,,,from_tlv
2026,6,יום חול,1400,,168,15:55:00,,,to_tlv
2026,6,יום חול,2500,,82,15:55:00,,,to_tlv
2026,6,יום חול,1500,,123,15:55:00,,,from_tlv
2026,6,יום חול,3400,,975,15:55:00,,,from_tlv
2026,6,יום חול,3700,,8654,15:55:00,,,to_tlv
2026,6,יום חול,3600,,750,15:55:00,,,to_tlv
2026,6,יום חול,3700,,654,15:55:00,,,to_tlv
2026,6,יום חול,8700,,652,15:55:00,,,to_tlv
2026,6,יום חול,4900,,521,15:55:00,,,to_tlv
2026,6,שישי,3600,,6636,15:55:00,,,to_tlv
2026,6,יום חול,9800,,656,15:55:00,,,from_tlv
2026,6,יום חול,9800,,8656,15:55:00,,,from_tlv
2026,6,שישי,2820,,6240,15:55:00,,,to_tlv
2026,6,יום חול,9700,,660,15:55:00,,,from_tlv
2026,6,שישי,3600,,8636,15:55:00,,,to_tlv
2026,6,יום חול,1840,,458,15:56:00,,,to_tlv
2026,6,יום חול,2200,,118,15:56:00,,,to_tlv
2026,6,יום חול,3310,,260,15:56:00,,,to_tlv
2026,6,יום חול,2800,,121,15:56:00,,,from_tlv
2026,6,יום חול,3500,,324,15:56:00,,,to_tlv
2026,6,יום חול,3700,,120,15:56:00,,,to_tlv
2026,6,יום חול,4600,,262,15:56:00,,,to_tlv
2026,6,יום חול,5200,,264,15:56:00,,,from_tlv
2026,6,יום חול,5300,,257,15:56:00,,,to_tlv
2026,6,יום חול,9700,,647,15:56:00,,,to_tlv
2026,6,יום חול,8600,,753,15:56:00,,,to_tlv
2026,6,יום חול,9800,,651,15:56:00,,,to_tlv
2026,6,שישי,2100,,6458,15:56:00,,,to_tlv
2026,6,שישי,4900,,6141,15:56:00,,,to_tlv
2026,6,שישי,1280,,6083,15:56:00,,,from_tlv
2026,6,שישי,8800,,6633,15:56:00,,,from_tlv
2026,6,שישי,8600,,6755,15:56:00,,,to_tlv
2026,6,יום חול,9800,,8651,15:56:00,,,to_tlv
2026,6,יום חול,2300,,460,15:57:00,,,to_tlv
2026,6,יום חול,2200,,171,15:57:00,,,from_tlv
2026,6,יום חול,3500,,39,15:57:00,,,from_tlv
2026,6,יום חול,3300,,261,15:57:00,,,from_tlv
2026,6,יום חול,4100,,8653,15:57:00,,,from_tlv
2026,6,יום חול,4100,,653,15:57:00,,,from_tlv
2026,6,יום חול,8800,,862,15:57:00,,,to_tlv
2026,6,יום חול,7000,,420,15:57:00,,,from_tlv
2026,6,יום חול,7320,,645,15:57:00,,,to_tlv
2026,6,שישי,3300,,6518,15:57:00,,,to_tlv
2026,6,יום חול,1600,,36,15:58:00,,,to_tlv
2026,6,יום חול,2960,,8655,15:58:00,,,from_tlv
2026,6,יום חול,2960,,655,15:58:00,,,from_tlv
2026,6,יום חול,4600,,259,15:58:00,,,to_tlv
2026,6,יום חול,9200,,652,15:58:00,,,to_tlv
2026,6,שישי,1230,,6082,15:58:00,,,to_tlv
2026,6,שישי,4600,,6521,15:58:00,,,to_tlv
2026,6,שישי,9000,,6631,15:58:00,,,to_tlv
2026,6,יום חול,1300,,461,15:59:00,,,to_tlv
2026,6,יום חול,680,,576,15:59:00,,,to_tlv
2026,6,יום חול,1840,,421,15:59:00,,,from_tlv
2026,6,יום חול,3500,,418,15:59:00,,,to_tlv
2026,6,יום חול,3900,,860,15:59:00,,,to_tlv
2026,6,יום חול,4690,,656,15:59:00,,,from_tlv
2026,6,יום חול,3700,,169,15:59:00,,,to_tlv
2026,6,יום חול,4690,,8656,15:59:00,,,from_tlv
2026,6,יום חול,8600,,752,15:59:00,,,from_tlv
2026,6,יום חול,8550,,42,15:59:00,,,from_tlv
2026,6,שישי,8600,,6756,15:59:00,,,from_tlv
2026,6,יום חול,4900,,970,15:59:00,,,to_tlv
2026,6,יום חול,5000,,920,15:59:00,,,from_tlv
2026,6,שישי,4900,,6242,15:59:00,,,to_tlv
2026,6,יום חול,1280,,80,16:00:00,,,to_tlv
2026,6,יום חול,2100,,118,16:00:00,,,to_tlv
2026,6,יום חול,3700,,262,16:00:00,,,to_tlv
2026,6,יום חול,3600,,755,16:00:00,,,to_tlv
2026,6,יום חול,3600,,8654,16:00:00,,,to_tlv
2026,6,יום חול,3600,,654,16:00:00,,,to_tlv
2026,6,יום חול,5300,,264,16:00:00,,,from_tlv
2026,6,יום חול,6150,,37,16:00:00,,,to_tlv
2026,6,שישי,3600,,6759,16:00:00,,,to_tlv
2026,6,יום חול,5900,,266,16:00:00,,,from_tlv
2026,6,שישי,9100,,6920,16:00:00,,,from_tlv
2026,6,שישי,5300,,6239,16:00:00,,,to_tlv
2026,6,שישי,2800,,6240,16:00:00,,,to_tlv
2026,6,שישי,2300,,6081,16:00:00,,,from_tlv
2026,6,יום חול,1240,,85,16:01:00,,,from_tlv
2026,6,יום חול,2100,,41,16:01:00,,,from_tlv
2026,6,יום חול,2800,,170,16:01:00,,,to_tlv
2026,6,יום חול,2960,,652,16:01:00,,,to_tlv
2026,6,יום חול,3400,,520,16:01:00,,,to_tlv
2026,6,יום חול,3300,,260,16:01:00,,,to_tlv
2026,6,יום חול,3600,,120,16:01:00,,,to_tlv
2026,6,יום חול,5200,,257,16:01:00,,,to_tlv
2026,6,שישי,4100,,6636,16:01:00,,,to_tlv
2026,6,שישי,3300,,6241,16:01:00,,,from_tlv
2026,6,שישי,4100,,8636,16:01:00,,,to_tlv
2026,6,שישי,4250,,6633,16:01:00,,,from_tlv
2026,6,יום חול,3310,,261,16:02:00,,,from_tlv
2026,6,יום חול,3900,,865,16:02:00,,,to_tlv
2026,6,יום חול,3600,,653,16:02:00,,,to_tlv
2026,6,יום חול,3600,,8653,16:02:00,,,to_tlv
2026,6,יום חול,4680,,656,16:02:00,,,from_tlv
2026,6,יום חול,4680,,8656,16:02:00,,,from_tlv
2026,6,יום חול,5200,,257,16:02:00,,,to_tlv
2026,6,יום חול,9200,,8655,16:02:00,,,from_tlv
2026,6,יום חול,9200,,655,16:02:00,,,from_tlv
2026,6,יום חול,9650,,660,16:02:00,,,from_tlv
2026,6,שישי,1840,,6461,16:02:00,,,from_tlv
2026,6,יום חול,1220,,461,16:03:00,,,from_tlv
2026,6,יום חול,2300,,82,16:03:00,,,to_tlv
2026,6,יום חול,2200,,460,16:03:00,,,to_tlv
2026,6,יום חול,2300,,171,16:03:00,,,from_tlv
2026,6,יום חול,3500,,750,16:03:00,,,to_tlv
2026,6,יום חול,3500,,331,16:03:00,,,from_tlv
2026,6,יום חול,4900,,259,16:03:00,,,to_tlv
2026,6,שישי,5800,,6638,16:03:00,,,from_tlv
2026,6,שישי,4900,,6521,16:03:00,,,to_tlv
2026,6,שישי,7320,,6640,16:03:00,,,from_tlv
2026,6,שישי,7300,,6629,16:03:00,,,to_tlv
2026,6,יום חול,1500,,168,16:04:00,,,to_tlv
2026,6,יום חול,1220,,416,16:04:00,,,to_tlv
2026,6,יום חול,3500,,975,16:04:00,,,from_tlv
2026,6,יום חול,4600,,169,16:04:00,,,to_tlv
2026,6,יום חול,4600,,970,16:04:00,,,to_tlv
2026,6,יום חול,5900,,649,16:04:00,,,to_tlv
2026,6,יום חול,5900,,658,16:04:00,,,from_tlv
2026,6,יום חול,8800,,863,16:04:00,,,from_tlv
2026,6,יום חול,5900,,658,16:04:00,,,from_tlv
2026,6,שישי,1220,,6458,16:04:00,,,to_tlv
2026,6,שישי,4600,,6242,16:04:00,,,to_tlv
2026,6,יום חול,300,,119,16:05:00,,,from_tlv
2026,6,יום חול,1400,,123,16:05:00,,,from_tlv
2026,6,יום חול,3600,,39,16:05:00,,,to_tlv
2026,6,יום חול,2940,,652,16:05:00,,,to_tlv
2026,6,יום חול,3400,,261,16:05:00,,,from_tlv
2026,6,יום חול,3600,,262,16:05:00,,,to_tlv
2026,6,יום חול,3700,,755,16:05:00,,,to_tlv
2026,6,יום חול,4900,,40,16:05:00,,,to_tlv
2026,6,יום חול,5150,,521,16:05:00,,,to_tlv
2026,6,יום חול,9000,,651,16:05:00,,,to_tlv
2026,6,יום חול,8700,,8655,16:05:00,,,from_tlv
2026,6,יום חול,8700,,655,16:05:00,,,from_tlv
2026,6,יום חול,9000,,8651,16:05:00,,,to_tlv
2026,6,שישי,5000,,6520,16:05:00,,,from_tlv
2026,6,שישי,5200,,6239,16:05:00,,,to_tlv
2026,6,שישי,3700,,6759,16:05:00,,,to_tlv
2026,6,יום חול,8600,,172,16:05:00,,,from_tlv
2026,6,שישי,5800,,8638,16:05:00,,,from_tlv
2026,6,יום חול,400,,577,16:06:00,,,to_tlv
2026,6,יום חול,1820,,421,16:06:00,,,from_tlv
2026,6,יום חול,2200,,41,16:06:00,,,from_tlv
2026,6,יום חול,4100,,8654,16:06:00,,,to_tlv
2026,6,יום חול,4100,,654,16:06:00,,,to_tlv
2026,6,יום חול,5000,,264,16:06:00,,,from_tlv
2026,6,יום חול,5900,,649,16:06:00,,,to_tlv
2026,6,שישי,4170,,6636,16:06:00,,,to_tlv
2026,6,שישי,4170,,6633,16:06:00,,,from_tlv
2026,6,שישי,3310,,6241,16:06:00,,,from_tlv
2026,6,שישי,4170,,8636,16:06:00,,,to_tlv
2026,6,יום חול,1300,,416,16:07:00,,,to_tlv
2026,6,יום חול,2100,,460,16:07:00,,,to_tlv
2026,6,יום חול,2800,,263,16:07:00,,,from_tlv
2026,6,יום חול,3700,,8653,16:07:00,,,to_tlv
2026,6,יום חול,3700,,653,16:07:00,,,to_tlv
2026,6,יום חול,4310,,862,16:07:00,,,to_tlv
2026,6,יום חול,4660,,656,16:07:00,,,from_tlv
2026,6,יום חול,4660,,8656,16:07:00,,,from_tlv
2026,6,שישי,8600,,6141,16:07:00,,,to_tlv
2026,6,יום חול,700,,123,16:08:00,,,from_tlv
2026,6,יום חול,1220,,118,16:08:00,,,to_tlv
2026,6,יום חול,2940,,331,16:08:00,,,from_tlv
2026,6,יום חול,3300,,520,16:08:00,,,to_tlv
2026,6,יום חול,3100,,419,16:08:00,,,from_tlv
2026,6,יום חול,3700,,970,16:08:00,,,to_tlv
2026,6,יום חול,5010,,522,16:08:00,,,from_tlv
2026,6,יום חול,5800,,266,16:08:00,,,from_tlv
2026,6,שישי,5800,,6631,16:08:00,,,to_tlv
2026,6,שישי,5800,,6631,16:08:00,,,to_tlv
2026,6,יום חול,680,,754,16:09:00,,,to_tlv
2026,6,יום חול,2200,,82,16:09:00,,,to_tlv
2026,6,יום חול,4600,,755,16:09:00,,,to_tlv
2026,6,יום חול,4900,,169,16:09:00,,,to_tlv
2026,6,שישי,5150,,6520,16:09:00,,,from_tlv
2026,6,שישי,3400,,6241,16:09:00,,,from_tlv
2026,6,שישי,1240,,6082,16:09:00,,,to_tlv
2026,6,שישי,4600,,6759,16:09:00,,,to_tlv
2026,6,שישי,3700,,6242,16:09:00,,,to_tlv
2026,6,שישי,1300,,6458,16:09:00,,,to_tlv
2026,6,שישי,5000,,6920,16:09:00,,,from_tlv
2026,6,יום חול,700,,416,16:10:00,,,to_tlv
2026,6,יום חול,3100,,260,16:10:00,,,to_tlv
2026,6,יום חול,3700,,39,16:10:00,,,to_tlv
2026,6,יום חול,4600,,40,16:10:00,,,to_tlv
2026,6,יום חול,4900,,752,16:10:00,,,to_tlv
2026,6,יום חול,5410,,257,16:10:00,,,to_tlv
2026,6,יום חול,5800,,266,16:10:00,,,from_tlv
2026,6,שישי,680,,6561,16:10:00,,,to_tlv
2026,6,שישי,1820,,6461,16:10:00,,,from_tlv
2026,6,שישי,7300,,6640,16:10:00,,,from_tlv
2026,6,שישי,4900,,6756,16:10:00,,,to_tlv
2026,6,יום חול,1230,,85,16:11:00,,,from_tlv
2026,6,יום חול,2100,,461,16:11:00,,,from_tlv
2026,6,יום חול,2820,,263,16:11:00,,,from_tlv
2026,6,יום חול,3500,,652,16:11:00,,,to_tlv
2026,6,יום חול,3600,,975,16:11:00,,,to_tlv
2026,6,יום חול,4640,,8656,16:11:00,,,from_tlv
2026,6,יום חול,4600,,8653,16:11:00,,,to_tlv
2026,6,יום חול,4170,,654,16:11:00,,,to_tlv
2026,6,יום חול,4170,,8654,16:11:00,,,to_tlv
2026,6,יום חול,4600,,653,16:11:00,,,to_tlv
2026,6,יום חול,4640,,656,16:11:00,,,from_tlv
2026,6,יום חול,5000,,521,16:11:00,,,to_tlv
2026,6,יום חול,8800,,8655,16:11:00,,,from_tlv
2026,6,יום חול,5410,,257,16:11:00,,,to_tlv
2026,6,יום חול,9600,,660,16:11:00,,,from_tlv
2026,6,יום חול,8800,,655,16:11:00,,,from_tlv
2026,6,יום חול,7300,,647,16:11:00,,,to_tlv
2026,6,שישי,4250,,8636,16:11:00,,,to_tlv
2026,6,שישי,4250,,6636,16:11:00,,,to_tlv
2026,6,שישי,4100,,6633,16:11:00,,,from_tlv
2026,6,שישי,400,,6140,16:11:00,,,from_tlv
2026,6,יום חול,1300,,123,16:12:00,,,to_tlv
2026,6,יום חול,2300,,41,16:12:00,,,from_tlv
2026,6,יום חול,2300,,38,16:12:00,,,to_tlv
2026,6,יום חול,4800,,259,16:12:00,,,to_tlv
2026,6,יום חול,7320,,662,16:12:00,,,from_tlv
2026,6,יום חול,7000,,37,16:12:00,,,to_tlv
2026,6,שישי,7320,,6629,16:12:00,,,to_tlv
2026,6,יום חול,300,,577,16:13:00,,,from_tlv
2026,6,יום חול,1300,,118,16:13:00,,,to_tlv
2026,6,יום חול,2500,,171,16:13:00,,,from_tlv
2026,6,יום חול,1600,,168,16:13:00,,,to_tlv
2026,6,יום חול,1400,,416,16:13:00,,,to_tlv
2026,6,יום חול,2100,,82,16:13:00,,,to_tlv
2026,6,יום חול,3500,,261,16:13:00,,,from_tlv
2026,6,יום חול,3500,,262,16:13:00,,,to_tlv
2026,6,יום חול,2960,,331,16:13:00,,,from_tlv
2026,6,יום חול,3600,,970,16:13:00,,,to_tlv
2026,6,יום חול,5000,,522,16:13:00,,,from_tlv
2026,6,יום חול,4800,,264,16:13:00,,,from_tlv
2026,6,שישי,2800,,6243,16:13:00,,,from_tlv
2026,6,שישי,1260,,6083,16:13:00,,,from_tlv
2026,6,שישי,700,,6458,16:13:00,,,to_tlv
2026,6,יום חול,400,,119,16:14:00,,,to_tlv
2026,6,יום חול,2500,,170,16:14:00,,,to_tlv
2026,6,יום חול,4300,,862,16:14:00,,,to_tlv
2026,6,יום חול,5800,,658,16:14:00,,,from_tlv
2026,6,שישי,9000,,6638,16:14:00,,,from_tlv
2026,6,שישי,5410,,6239,16:14:00,,,to_tlv
2026,6,שישי,5150,,6521,16:14:00,,,to_tlv
2026,6,שישי,9000,,8638,16:14:00,,,from_tlv
2026,6,שישי,3600,,6242,16:14:00,,,to_tlv
2026,6,יום חול,1220,,460,16:15:00,,,to_tlv
2026,6,יום חול,1600,,173,16:15:00,,,from_tlv
2026,6,יום חול,3700,,40,16:15:00,,,to_tlv
2026,6,יום חול,4600,,752,16:15:00,,,to_tlv
2026,6,יום חול,4600,,39,16:15:00,,,to_tlv
2026,6,יום חול,4300,,865,16:15:00,,,to_tlv
2026,6,יום חול,4900,,755,16:15:00,,,to_tlv
2026,6,יום חול,4900,,656,16:15:00,,,to_tlv
2026,6,יום חול,4900,,653,16:15:00,,,to_tlv
2026,6,יום חול,4900,,8653,16:15:00,,,to_tlv
2026,6,יום חול,7000,,42,16:15:00,,,from_tlv
2026,6,שישי,4600,,6756,16:15:00,,,to_tlv
2026,6,יום חול,4900,,8656,16:15:00,,,to_tlv
2026,6,שישי,4900,,6759,16:15:00,,,to_tlv
2026,6,יום חול,300,,576,16:16:00,,,to_tlv
2026,6,יום חול,2200,,461,16:16:00,,,from_tlv
2026,6,יום חול,3700,,975,16:16:00,,,to_tlv
2026,6,יום חול,4250,,8654,16:16:00,,,to_tlv
2026,6,יום חול,4250,,654,16:16:00,,,to_tlv
2026,6,יום חול,4900,,172,16:16:00,,,to_tlv
2026,6,יום חול,5800,,8658,16:16:00,,,from_tlv
2026,6,שישי,1400,,6458,16:16:00,,,to_tlv
2026,6,יום חול,5010,,521,16:16:00,,,to_tlv
2026,6,יום חול,5000,,921,16:16:00,,,to_tlv
2026,6,יום חול,9600,,649,16:16:00,,,to_tlv
2026,6,יום חול,5800,,651,16:16:00,,,to_tlv
2026,6,יום חול,5800,,8651,16:16:00,,,to_tlv
2026,6,שישי,3600,,6633,16:16:00,,,to_tlv
2026,6,יום חול,1220,,123,16:17:00,,,from_tlv
2026,6,יום חול,700,,118,16:17:00,,,to_tlv
2026,6,יום חול,3100,,263,16:17:00,,,from_tlv
2026,6,יום חול,4250,,655,16:17:00,,,from_tlv
2026,6,יום חול,4250,,8655,16:17:00,,,from_tlv
2026,6,שישי,3500,,6241,16:17:00,,,from_tlv
2026,6,שישי,2820,,6243,16:17:00,,,from_tlv
2026,6,שישי,300,,6140,16:17:00,,,to_tlv
2026,6,שישי,8800,,8636,16:17:00,,,to_tlv
2026,6,יום חול,9200,,331,16:17:00,,,from_tlv
2026,6,שישי,8800,,6636,16:17:00,,,to_tlv
2026,6,יום חול,400,,122,16:18:00,,,from_tlv
2026,6,יום חול,1400,,421,16:18:00,,,from_tlv
2026,6,יום חול,2100,,85,16:18:00,,,from_tlv
2026,6,יום חול,3100,,418,16:18:00,,,to_tlv
2026,6,יום חול,2820,,260,16:18:00,,,to_tlv
2026,6,יום חול,5410,,266,16:18:00,,,from_tlv
2026,6,שישי,1250,,6082,16:18:00,,,to_tlv
2026,6,שישי,5900,,6631,16:18:00,,,to_tlv
2026,6,יום חול,2200,,38,16:19:00,,,to_tlv
2026,6,יום חול,3500,,8657,16:19:00,,,from_tlv
2026,6,יום חול,3600,,261,16:19:00,,,to_tlv
2026,6,יום חול,3500,,657,16:19:00,,,from_tlv
2026,6,יום חול,3300,,523,16:19:00,,,from_tlv
2026,6,יום חול,5800,,257,16:19:00,,,to_tlv
2026,6,יום חול,5000,,259,16:19:00,,,to_tlv
2026,6,יום חול,5150,,522,16:19:00,,,from_tlv
2026,6,יום חול,7300,,662,16:19:00,,,from_tlv
2026,6,יום חול,7320,,647,16:19:00,,,to_tlv
2026,6,שישי,4900,,6520,16:19:00,,,to_tlv
2026,6,יום חול,1300,,460,16:20:00,,,to_tlv
2026,6,יום חול,1230,,82,16:20:00,,,to_tlv
2026,6,יום חול,1400,,118,16:20:00,,,to_tlv
2026,6,יום חול,3600,,40,16:20:00,,,to_tlv
2026,6,יום חול,4600,,656,16:20:00,,,to_tlv
2026,6,יום חול,3700,,752,16:20:00,,,to_tlv
2026,6,יום חול,4600,,8656,16:20:00,,,to_tlv
2026,6,יום חול,4640,,653,16:20:00,,,to_tlv
2026,6,יום חול,4640,,8653,16:20:00,,,to_tlv
2026,6,יום חול,4900,,39,16:20:00,,,to_tlv
2026,6,יום חול,5800,,257,16:20:00,,,to_tlv
2026,6,יום חול,5800,,257,16:20:00,,,to_tlv
2026,6,יום חול,8600,,169,16:20:00,,,to_tlv
2026,6,יום חול,8700,,331,16:20:00,,,from_tlv
2026,6,שישי,3700,,6756,16:20:00,,,to_tlv
2026,6,שישי,5000,,6521,16:20:00,,,to_tlv
2026,6,יום חול,3500,,970,16:21:00,,,to_tlv
2026,6,יום חול,4900,,264,16:21:00,,,to_tlv
2026,6,יום חול,4600,,975,16:21:00,,,to_tlv
2026,6,יום חול,4600,,172,16:21:00,,,to_tlv
2026,6,יום חול,8800,,8654,16:21:00,,,to_tlv
2026,6,שישי,3500,,6242,16:21:00,,,to_tlv
2026,6,שישי,1250,,6083,16:21:00,,,from_tlv
2026,6,שישי,300,,6141,16:21:00,,,from_tlv
2026,6,יום חול,8800,,654,16:21:00,,,to_tlv
2026,6,שישי,3700,,6633,16:21:00,,,to_tlv
2026,6,יום חול,680,,753,16:22:00,,,to_tlv
2026,6,יום חול,1500,,173,16:22:00,,,from_tlv
2026,6,יום חול,2500,,84,16:22:00,,,to_tlv
2026,6,יום חול,3400,,262,16:22:00,,,to_tlv
2026,6,יום חול,4170,,655,16:22:00,,,from_tlv
2026,6,יום חול,4170,,8655,16:22:00,,,from_tlv
2026,6,יום חול,4310,,865,16:22:00,,,to_tlv
2026,6,יום חול,5000,,420,16:22:00,,,from_tlv
2026,6,שישי,9800,,6638,16:22:00,,,from_tlv
2026,6,שישי,680,,6755,16:22:00,,,to_tlv
2026,6,שישי,1400,,6461,16:22:00,,,from_tlv
2026,6,שישי,9800,,8638,16:22:00,,,from_tlv
2026,6,יום חול,2800,,260,16:23:00,,,to_tlv
2026,6,יום חול,2100,,38,16:23:00,,,to_tlv
2026,6,יום חול,2200,,85,16:23:00,,,from_tlv
2026,6,יום חול,3700,,8656,16:23:00,,,to_tlv
2026,6,יום חול,3700,,656,16:23:00,,,to_tlv
2026,6,יום חול,4660,,653,16:23:00,,,to_tlv
2026,6,יום חול,4660,,8653,16:23:00,,,to_tlv
2026,6,יום חול,5900,,660,16:23:00,,,from_tlv
2026,6,יום חול,5900,,660,16:23:00,,,from_tlv
2026,6,שישי,3100,,6243,16:23:00,,,from_tlv
2026,6,שישי,680,,6760,16:23:00,,,to_tlv
2026,6,שישי,8700,,8636,16:23:00,,,to_tlv
2026,6,שישי,3600,,6241,16:23:00,,,to_tlv
2026,6,שישי,8700,,6636,16:23:00,,,to_tlv
2026,6,יום חול,300,,122,16:24:00,,,to_tlv
2026,6,יום חול,400,,576,16:24:00,,,from_tlv
2026,6,יום חול,700,,460,16:24:00,,,to_tlv
2026,6,יום חול,2300,,170,16:24:00,,,to_tlv
2026,6,יום חול,2300,,461,16:24:00,,,from_tlv
2026,6,יום חול,2940,,8657,16:24:00,,,from_tlv
2026,6,יום חול,2940,,657,16:24:00,,,from_tlv
2026,6,יום חול,3500,,757,16:24:00,,,from_tlv
2026,6,יום חול,3600,,121,16:24:00,,,to_tlv
2026,6,יום חול,3700,,261,16:24:00,,,to_tlv
2026,6,יום חול,9650,,649,16:24:00,,,to_tlv
2026,6,שישי,5800,,6239,16:24:00,,,to_tlv
2026,6,יום חול,5200,,266,16:24:00,,,from_tlv
2026,6,שישי,9700,,6640,16:24:00,,,from_tlv
2026,6,שישי,4600,,6520,16:24:00,,,to_tlv
2026,6,שישי,5800,,6239,16:24:00,,,to_tlv
2026,6,יום חול,1220,,421,16:25:00,,,from_tlv
2026,6,יום חול,2100,,123,16:25:00,,,from_tlv
2026,6,יום חול,3400,,523,16:25:00,,,from_tlv
2026,6,יום חול,3600,,752,16:25:00,,,to_tlv
2026,6,שישי,4600,,6633,16:25:00,,,to_tlv
2026,6,יום חול,9000,,8658,16:25:00,,,from_tlv
2026,6,שישי,700,,6461,16:25:00,,,from_tlv
2026,6,יום חול,9100,,921,16:25:00,,,to_tlv
2026,6,שישי,3600,,6756,16:25:00,,,to_tlv
2026,6,יום חול,9000,,658,16:25:00,,,from_tlv
2026,6,יום חול,1820,,416,16:26:00,,,to_tlv
2026,6,יום חול,2800,,171,16:26:00,,,from_tlv
2026,6,יום חול,3310,,262,16:26:00,,,to_tlv
2026,6,יום חול,3700,,172,16:26:00,,,to_tlv
2026,6,יום חול,4600,,264,16:26:00,,,to_tlv
2026,6,יום חול,5900,,651,16:26:00,,,to_tlv
2026,6,יום חול,4900,,975,16:26:00,,,to_tlv
2026,6,יום חול,5300,,259,16:26:00,,,to_tlv
2026,6,יום חול,8600,,755,16:26:00,,,to_tlv
2026,6,שישי,4690,,6638,16:26:00,,,from_tlv
2026,6,יום חול,8800,,331,16:26:00,,,from_tlv
2026,6,שישי,8600,,6759,16:26:00,,,to_tlv
2026,6,שישי,4690,,8638,16:26:00,,,from_tlv
2026,6,יום חול,1400,,460,16:27:00,,,to_tlv
2026,6,יום חול,3300,,263,16:27:00,,,from_tlv
2026,6,יום חול,3500,,419,16:27:00,,,from_tlv
2026,6,יום חול,4100,,8655,16:27:00,,,from_tlv
2026,6,יום חול,4100,,655,16:27:00,,,from_tlv
2026,6,יום חול,4680,,8653,16:27:00,,,to_tlv
2026,6,יום חול,4680,,653,16:27:00,,,to_tlv
2026,6,יום חול,8700,,654,16:27:00,,,to_tlv
2026,6,יום חול,7320,,422,16:27:00,,,from_tlv
2026,6,יום חול,6150,,42,16:27:00,,,from_tlv
2026,6,יום חול,8700,,8654,16:27:00,,,to_tlv
2026,6,יום חול,8800,,864,16:27:00,,,to_tlv
2026,6,שישי,3300,,6523,16:27:00,,,from_tlv
2026,6,שישי,9200,,6636,16:27:00,,,to_tlv
2026,6,שישי,9200,,8636,16:27:00,,,to_tlv
2026,6,יום חול,1600,,43,16:28:00,,,from_tlv
2026,6,יום חול,2960,,657,16:28:00,,,from_tlv
2026,6,יום חול,3500,,40,16:28:00,,,to_tlv
2026,6,יום חול,2960,,8657,16:28:00,,,from_tlv
2026,6,יום חול,3600,,656,16:28:00,,,to_tlv
2026,6,יום חול,3600,,8656,16:28:00,,,to_tlv
2026,6,יום חול,4600,,261,16:28:00,,,to_tlv
2026,6,יום חול,5900,,651,16:28:00,,,to_tlv
2026,6,שישי,1260,,6082,16:28:00,,,to_tlv
2026,6,שישי,3700,,6241,16:28:00,,,to_tlv
2026,6,שישי,8600,,6140,16:28:00,,,from_tlv
2026,6,שישי,1240,,6083,16:28:00,,,from_tlv
2026,6,יום חול,2300,,85,16:29:00,,,from_tlv
2026,6,יום חול,1500,,118,16:29:00,,,to_tlv
2026,6,יום חול,3700,,121,16:29:00,,,to_tlv
2026,6,יום חול,3900,,862,16:29:00,,,to_tlv
2026,6,יום חול,4900,,522,16:29:00,,,to_tlv
2026,6,יום חול,5900,,257,16:29:00,,,to_tlv
2026,6,שישי,4900,,6633,16:29:00,,,to_tlv
2026,6,יום חול,8600,,754,16:29:00,,,from_tlv
2026,6,שישי,4680,,6638,16:29:00,,,from_tlv
2026,6,שישי,1300,,6461,16:29:00,,,to_tlv
2026,6,שישי,400,,6141,16:29:00,,,to_tlv
2026,6,שישי,1820,,6458,16:29:00,,,to_tlv
2026,6,שישי,3700,,6520,16:29:00,,,to_tlv
2026,6,שישי,3400,,6242,16:29:00,,,to_tlv
2026,6,שישי,680,,6562,16:29:00,,,to_tlv
2026,6,שישי,4680,,8638,16:29:00,,,from_tlv
2026,6,יום חול,1240,,82,16:30:00,,,to_tlv
2026,6,יום חול,2200,,123,16:30:00,,,from_tlv
2026,6,יום חול,2300,,84,16:30:00,,,to_tlv
2026,6,יום חול,3400,,970,16:30:00,,,to_tlv
2026,6,יום חול,3600,,757,16:30:00,,,to_tlv
2026,6,יום חול,3700,,264,16:30:00,,,to_tlv
2026,6,יום חול,8550,,37,16:30:00,,,to_tlv
2026,6,יום חול,5300,,266,16:30:00,,,from_tlv
2026,6,יום חול,9200,,8654,16:30:00,,,to_tlv
2026,6,יום חול,5900,,257,16:30:00,,,to_tlv
2026,6,יום חול,9200,,654,16:30:00,,,to_tlv
2026,6,שישי,2960,,6636,16:30:00,,,to_tlv
2026,6,שישי,2960,,8636,16:30:00,,,to_tlv
2026,6,שישי,9600,,6631,16:30:00,,,to_tlv
2026,6,יום חול,1280,,87,16:31:00,,,from_tlv
2026,6,יום חול,1220,,38,16:31:00,,,to_tlv
2026,6,יום חול,2800,,120,16:31:00,,,to_tlv
2026,6,יום חול,2200,,170,16:31:00,,,to_tlv
2026,6,יום חול,3300,,262,16:31:00,,,to_tlv
2026,6,יום חול,3600,,172,16:31:00,,,to_tlv
2026,6,יום חול,4690,,8653,16:31:00,,,to_tlv
2026,6,יום חול,4690,,653,16:31:00,,,to_tlv
2026,6,יום חול,5200,,259,16:31:00,,,to_tlv
2026,6,יום חול,1400,,173,16:32:00,,,from_tlv
2026,6,יום חול,3310,,263,16:32:00,,,from_tlv
2026,6,יום חול,4250,,331,16:32:00,,,from_tlv
2026,6,יום חול,3900,,867,16:32:00,,,to_tlv
2026,6,יום חול,3600,,655,16:32:00,,,to_tlv
2026,6,יום חול,3600,,8655,16:32:00,,,to_tlv
2026,6,יום חול,9200,,8657,16:32:00,,,from_tlv
2026,6,שישי,3300,,6243,16:32:00,,,from_tlv
2026,6,יום חול,9200,,657,16:32:00,,,from_tlv
2026,6,שישי,4600,,6241,16:32:00,,,to_tlv
2026,6,יום חול,2100,,421,16:33:00,,,from_tlv
2026,6,יום חול,3500,,333,16:33:00,,,from_tlv
2026,6,יום חול,2960,,8654,16:33:00,,,to_tlv
2026,6,יום חול,2960,,654,16:33:00,,,to_tlv
2026,6,יום חול,3500,,752,16:33:00,,,to_tlv
2026,6,יום חול,4900,,261,16:33:00,,,to_tlv
2026,6,יום חול,5800,,660,16:33:00,,,from_tlv
2026,6,שישי,3310,,6242,16:33:00,,,to_tlv
2026,6,יום חול,9700,,649,16:33:00,,,to_tlv
2026,6,יום חול,9700,,662,16:33:00,,,from_tlv
2026,6,שישי,400,,6563,16:33:00,,,to_tlv
2026,6,שישי,1220,,6461,16:33:00,,,from_tlv
2026,6,שישי,3400,,6523,16:33:00,,,from_tlv
2026,6,שישי,9650,,6640,16:33:00,,,from_tlv
2026,6,יום חול,1840,,463,16:34:00,,,from_tlv
2026,6,יום חול,4100,,8656,16:34:00,,,to_tlv
2026,6,יום חול,3500,,523,16:34:00,,,from_tlv
2026,6,יום חול,4600,,121,16:34:00,,,to_tlv
2026,6,יום חול,4100,,656,16:34:00,,,to_tlv
2026,6,יום חול,4600,,522,16:34:00,,,to_tlv
2026,6,יום חול,5200,,972,16:34:00,,,from_tlv
2026,6,יום חול,8800,,865,16:34:00,,,from_tlv
2026,6,יום חול,7300,,422,16:34:00,,,from_tlv
2026,6,יום חול,7320,,664,16:34:00,,,from_tlv
2026,6,יום חול,9800,,653,16:34:00,,,to_tlv
2026,6,שישי,4660,,6638,16:34:00,,,from_tlv
2026,6,יום חול,9800,,8653,16:34:00,,,to_tlv
2026,6,שישי,4660,,8638,16:34:00,,,from_tlv
2026,6,שישי,3500,,6756,16:34:00,,,to_tlv
2026,6,שישי,3600,,6520,16:34:00,,,to_tlv
2026,6,יום חול,1500,,43,16:35:00,,,from_tlv
2026,6,יום חול,700,,173,16:35:00,,,from_tlv
2026,6,יום חול,300,,169,16:35:00,,,from_tlv
2026,6,יום חול,680,,577,16:35:00,,,to_tlv
2026,6,יום חול,2100,,170,16:35:00,,,to_tlv
2026,6,יום חול,3400,,263,16:35:00,,,from_tlv
2026,6,יום חול,3600,,264,16:35:00,,,to_tlv
2026,6,יום חול,3600,,419,16:35:00,,,to_tlv
2026,6,יום חול,3700,,757,16:35:00,,,to_tlv
2026,6,יום חול,4900,,420,16:35:00,,,to_tlv
2026,6,יום חול,5800,,8660,16:35:00,,,from_tlv
2026,6,יום חול,8700,,657,16:35:00,,,from_tlv
2026,6,יום חול,8600,,122,16:35:00,,,from_tlv
2026,6,שישי,2940,,6636,16:35:00,,,to_tlv
2026,6,שישי,5900,,6239,16:35:00,,,to_tlv
2026,6,יום חול,8700,,8657,16:35:00,,,from_tlv
2026,6,שישי,2940,,8636,16:35:00,,,to_tlv
2026,6,יום חול,2200,,84,16:36:00,,,to_tlv
2026,6,יום חול,2300,,123,16:36:00,,,from_tlv
2026,6,יום חול,5000,,39,16:36:00,,,to_tlv
2026,6,יום חול,5000,,266,16:36:00,,,from_tlv
2026,6,יום חול,6900,,42,16:36:00,,,from_tlv
2026,6,יום חול,9800,,658,16:36:00,,,from_tlv
2026,6,יום חול,9800,,8658,16:36:00,,,from_tlv
2026,6,יום חול,2800,,265,16:37:00,,,from_tlv
2026,6,יום חול,2940,,8654,16:37:00,,,to_tlv
2026,6,יום חול,2940,,654,16:37:00,,,to_tlv
2026,6,יום חול,3300,,970,16:37:00,,,to_tlv
2026,6,יום חול,4170,,331,16:37:00,,,from_tlv
2026,6,יום חול,3700,,655,16:37:00,,,to_tlv
2026,6,יום חול,4310,,864,16:37:00,,,to_tlv
2026,6,יום חול,3700,,8655,16:37:00,,,to_tlv
2026,6,יום חול,5150,,975,16:37:00,,,to_tlv
2026,6,יום חול,6300,,521,16:37:00,,,to_tlv
2026,6,שישי,3310,,6243,16:37:00,,,from_tlv
2026,6,שישי,4900,,6241,16:37:00,,,to_tlv
2026,6,יום חול,1250,,82,16:38:00,,,to_tlv
2026,6,יום חול,1400,,38,16:38:00,,,to_tlv
2026,6,יום חול,2940,,333,16:38:00,,,from_tlv
2026,6,יום חול,2200,,421,16:38:00,,,from_tlv
2026,6,יום חול,3700,,522,16:38:00,,,to_tlv
2026,6,שישי,1230,,6083,16:38:00,,,from_tlv
2026,6,שישי,3300,,6242,16:38:00,,,to_tlv
2026,6,יום חול,9600,,651,16:38:00,,,to_tlv
2026,6,שישי,4640,,6638,16:38:00,,,from_tlv
2026,6,שישי,4640,,8638,16:38:00,,,from_tlv
2026,6,יום חול,680,,756,16:39:00,,,to_tlv
2026,6,יום חול,1300,,173,16:39:00,,,to_tlv
2026,6,יום חול,1840,,416,16:39:00,,,to_tlv
2026,6,יום חול,2500,,85,16:39:00,,,from_tlv
2026,6,יום חול,1600,,118,16:39:00,,,to_tlv
2026,6,יום חול,4170,,656,16:39:00,,,to_tlv
2026,6,יום חול,4170,,8656,16:39:00,,,to_tlv
2026,6,יום חול,4900,,121,16:39:00,,,to_tlv
2026,6,יום חול,4600,,757,16:39:00,,,to_tlv
2026,6,יום חול,5410,,259,16:39:00,,,to_tlv
2026,6,שישי,9650,,6631,16:39:00,,,to_tlv
2026,6,שישי,300,,6563,16:39:00,,,from_tlv
2026,6,שישי,4900,,6140,16:39:00,,,to_tlv
2026,6,יום חול,2100,,84,16:40:00,,,to_tlv
2026,6,יום חול,3100,,262,16:40:00,,,to_tlv
2026,6,יום חול,3700,,419,16:40:00,,,to_tlv
2026,6,יום חול,4680,,8658,16:40:00,,,from_tlv
2026,6,יום חול,4600,,420,16:40:00,,,to_tlv
2026,6,יום חול,4680,,658,16:40:00,,,from_tlv
2026,6,יום חול,4900,,754,16:40:00,,,to_tlv
2026,6,יום חול,7300,,37,16:40:00,,,to_tlv
2026,6,יום חול,2300,,418,16:41:00,,,to_tlv
2026,6,יום חול,1820,,463,16:41:00,,,from_tlv
2026,6,יום חול,3600,,523,16:41:00,,,to_tlv
2026,6,יום חול,2820,,265,16:41:00,,,from_tlv
2026,6,יום חול,4600,,655,16:41:00,,,to_tlv
2026,6,יום חול,4600,,8655,16:41:00,,,to_tlv
2026,6,יום חול,8800,,657,16:41:00,,,from_tlv
2026,6,יום חול,7300,,664,16:41:00,,,from_tlv
2026,6,שישי,2100,,6461,16:41:00,,,from_tlv
2026,6,יום חול,7320,,44,16:41:00,,,from_tlv
2026,6,שישי,3500,,6520,16:41:00,,,to_tlv
2026,6,יום חול,8800,,8657,16:41:00,,,from_tlv
2026,6,יום חול,1820,,460,16:42:00,,,to_tlv
2026,6,יום חול,4100,,331,16:42:00,,,from_tlv
2026,6,יום חול,4800,,261,16:42:00,,,to_tlv
2026,6,יום חול,4660,,8658,16:42:00,,,from_tlv
2026,6,יום חול,4660,,658,16:42:00,,,from_tlv
2026,6,יום חול,5010,,39,16:42:00,,,to_tlv
2026,6,יום חול,5000,,975,16:42:00,,,to_tlv
2026,6,יום חול,9650,,662,16:42:00,,,from_tlv
2026,6,שישי,3500,,6636,16:42:00,,,to_tlv
2026,6,שישי,4900,,6638,16:42:00,,,to_tlv
2026,6,שישי,1280,,6082,16:42:00,,,to_tlv
2026,6,שישי,4900,,8638,16:42:00,,,to_tlv
2026,6,שישי,3400,,6243,16:42:00,,,from_tlv
2026,6,שישי,3500,,8636,16:42:00,,,to_tlv
2026,6,שישי,3500,,6523,16:42:00,,,from_tlv
2026,6,שישי,9600,,6640,16:42:00,,,from_tlv
2026,6,יום חול,1220,,170,16:43:00,,,to_tlv
2026,6,יום חול,2960,,333,16:43:00,,,from_tlv
2026,6,יום חול,3500,,264,16:43:00,,,to_tlv
2026,6,יום חול,3500,,263,16:43:00,,,from_tlv
2026,6,יום חול,3500,,8654,16:43:00,,,to_tlv
2026,6,יום חול,3500,,654,16:43:00,,,to_tlv
2026,6,יום חול,3600,,522,16:43:00,,,to_tlv
2026,6,יום חול,4800,,266,16:43:00,,,from_tlv
2026,6,יום חול,5000,,972,16:43:00,,,from_tlv
2026,6,יום חול,9000,,653,16:43:00,,,to_tlv
2026,6,שישי,1840,,6458,16:43:00,,,to_tlv
2026,6,יום חול,9000,,8653,16:43:00,,,to_tlv
2026,6,שישי,8600,,6760,16:43:00,,,from_tlv
2026,6,יום חול,1220,,173,16:44:00,,,from_tlv
2026,6,יום חול,400,,169,16:44:00,,,to_tlv
2026,6,יום חול,2300,,421,16:44:00,,,from_tlv
2026,6,יום חול,4250,,656,16:44:00,,,to_tlv
2026,6,יום חול,4250,,8656,16:44:00,,,to_tlv
2026,6,יום חול,4300,,864,16:44:00,,,to_tlv
2026,6,יום חול,9000,,8660,16:44:00,,,from_tlv
2026,6,יום חול,9000,,660,16:44:00,,,from_tlv
2026,6,שישי,4600,,6140,16:44:00,,,to_tlv
2026,6,יום חול,1400,,43,16:45:00,,,from_tlv
2026,6,יום חול,1260,,87,16:45:00,,,from_tlv
2026,6,יום חול,3700,,420,16:45:00,,,to_tlv
2026,6,יום חול,4300,,867,16:45:00,,,to_tlv
2026,6,יום חול,4600,,754,16:45:00,,,to_tlv
2026,6,יום חול,4900,,655,16:45:00,,,to_tlv
2026,6,יום חול,4900,,658,16:45:00,,,to_tlv
2026,6,יום חול,4900,,757,16:45:00,,,to_tlv
2026,6,יום חול,4900,,8655,16:45:00,,,to_tlv
2026,6,יום חול,4600,,419,16:45:00,,,to_tlv
2026,6,שישי,300,,6562,16:45:00,,,to_tlv
2026,6,יום חול,3700,,523,16:46:00,,,to_tlv
2026,6,יום חול,4900,,122,16:46:00,,,to_tlv
2026,6,יום חול,5010,,42,16:46:00,,,from_tlv
2026,6,שישי,4800,,6241,16:46:00,,,to_tlv
2026,6,שישי,2200,,6461,16:46:00,,,from_tlv
2026,6,יום חול,1260,,82,16:47:00,,,to_tlv
2026,6,יום חול,3100,,265,16:47:00,,,from_tlv
2026,6,יום חול,3600,,331,16:47:00,,,to_tlv
2026,6,יום חול,4250,,8657,16:47:00,,,from_tlv
2026,6,יום חול,4250,,657,16:47:00,,,from_tlv
2026,6,יום חול,4900,,658,16:47:00,,,to_tlv
2026,6,יום חול,4900,,8658,16:47:00,,,to_tlv
2026,6,יום חול,9650,,651,16:47:00,,,to_tlv
2026,6,שישי,4600,,8638,16:47:00,,,to_tlv
2026,6,שישי,4600,,6638,16:47:00,,,to_tlv
2026,6,יום חול,9200,,333,16:47:00,,,from_tlv
2026,6,יום חול,1300,,170,16:48:00,,,to_tlv
2026,6,יום חול,1500,,38,16:48:00,,,to_tlv
2026,6,יום חול,400,,174,16:48:00,,,from_tlv
2026,6,יום חול,2200,,418,16:48:00,,,to_tlv
2026,6,יום חול,1600,,125,16:48:00,,,from_tlv
2026,6,יום חול,2820,,262,16:48:00,,,to_tlv
2026,6,יום חול,5800,,259,16:48:00,,,to_tlv
2026,6,יום חול,7300,,649,16:48:00,,,to_tlv
2026,6,יום חול,5800,,259,16:48:00,,,to_tlv
2026,6,יום חול,7300,,44,16:48:00,,,from_tlv
2026,6,שישי,3100,,6242,16:48:00,,,to_tlv
2026,6,שישי,2100,,6083,16:48:00,,,from_tlv
2026,6,שישי,9700,,6631,16:48:00,,,to_tlv
2026,6,יום חול,2300,,120,16:49:00,,,to_tlv
2026,6,יום חול,3500,,659,16:49:00,,,from_tlv
2026,6,יום חול,3500,,8659,16:49:00,,,from_tlv
2026,6,יום חול,3600,,263,16:49:00,,,to_tlv
2026,6,יום חול,5000,,261,16:49:00,,,to_tlv
2026,6,יום חול,5150,,972,16:49:00,,,from_tlv
2026,6,יום חול,8800,,8656,16:49:00,,,to_tlv
2026,6,יום חול,6300,,524,16:49:00,,,from_tlv
2026,6,יום חול,7320,,37,16:49:00,,,to_tlv
2026,6,יום חול,8800,,656,16:49:00,,,to_tlv
2026,6,שישי,3600,,6523,16:49:00,,,to_tlv
2026,6,שישי,3700,,6140,16:49:00,,,to_tlv
2026,6,יום חול,3300,,977,16:50:00,,,from_tlv
2026,6,יום חול,3700,,754,16:50:00,,,to_tlv
2026,6,יום חול,3600,,420,16:50:00,,,to_tlv
2026,6,יום חול,4600,,523,16:50:00,,,to_tlv
2026,6,יום חול,4600,,658,16:50:00,,,to_tlv
2026,6,יום חול,4660,,655,16:50:00,,,to_tlv
2026,6,יום חול,4900,,419,16:50:00,,,to_tlv
2026,6,יום חול,4660,,8655,16:50:00,,,to_tlv
2026,6,שישי,3700,,8638,16:50:00,,,to_tlv
2026,6,יום חול,8700,,333,16:50:00,,,from_tlv
2026,6,יום חול,8600,,121,16:50:00,,,to_tlv
2026,6,יום חול,9100,,922,16:50:00,,,from_tlv
2026,6,שישי,3400,,6520,16:50:00,,,to_tlv
2026,6,שישי,3700,,6638,16:50:00,,,to_tlv
2026,6,יום חול,3500,,522,16:51:00,,,to_tlv
2026,6,יום חול,4600,,122,16:51:00,,,to_tlv
2026,6,יום חול,5000,,42,16:51:00,,,from_tlv
2026,6,יום חול,4900,,266,16:51:00,,,to_tlv
2026,6,יום חול,6900,,39,16:51:00,,,to_tlv
2026,6,שישי,3500,,6243,16:51:00,,,from_tlv
2026,6,יום חול,680,,755,16:52:00,,,to_tlv
2026,6,יום חול,700,,170,16:52:00,,,to_tlv
2026,6,יום חול,1400,,463,16:52:00,,,from_tlv
2026,6,יום חול,2100,,418,16:52:00,,,to_tlv
2026,6,יום חול,2100,,173,16:52:00,,,from_tlv
2026,6,יום חול,3400,,264,16:52:00,,,to_tlv
2026,6,יום חול,3700,,331,16:52:00,,,to_tlv
2026,6,יום חול,4600,,8658,16:52:00,,,to_tlv
2026,6,יום חול,4680,,8655,16:52:00,,,to_tlv
2026,6,יום חול,4600,,658,16:52:00,,,to_tlv
2026,6,יום חול,4310,,867,16:52:00,,,to_tlv
2026,6,יום חול,4170,,8657,16:52:00,,,from_tlv
2026,6,יום חול,4170,,657,16:52:00,,,from_tlv
2026,6,יום חול,4680,,655,16:52:00,,,to_tlv
2026,6,שישי,400,,6562,16:52:00,,,from_tlv
2026,6,שישי,2200,,6083,16:52:00,,,from_tlv
2026,6,שישי,680,,6759,16:52:00,,,to_tlv
2026,6,יום חול,9600,,662,16:52:00,,,from_tlv
2026,6,יום חול,1220,,43,16:53:00,,,from_tlv
2026,6,יום חול,2800,,262,16:53:00,,,to_tlv
2026,6,יום חול,3700,,658,16:53:00,,,to_tlv
2026,6,יום חול,5200,,975,16:53:00,,,to_tlv
2026,6,שישי,5000,,6241,16:53:00,,,to_tlv
2026,6,שישי,4900,,6760,16:53:00,,,to_tlv
2026,6,שישי,5900,,6640,16:53:00,,,from_tlv
2026,6,יום חול,1250,,87,16:54:00,,,from_tlv
2026,6,יום חול,300,,174,16:54:00,,,to_tlv
2026,6,יום חול,3600,,171,16:54:00,,,to_tlv
2026,6,יום חול,2940,,8659,16:54:00,,,from_tlv
2026,6,יום חול,2940,,659,16:54:00,,,from_tlv
2026,6,יום חול,3500,,759,16:54:00,,,from_tlv
2026,6,יום חול,3700,,263,16:54:00,,,to_tlv
2026,6,יום חול,5800,,653,16:54:00,,,to_tlv
2026,6,יום חול,9800,,655,16:54:00,,,to_tlv
2026,6,יום חול,5800,,8653,16:54:00,,,to_tlv
2026,6,שישי,3700,,6523,16:54:00,,,to_tlv
2026,6,שישי,2300,,6461,16:54:00,,,from_tlv
2026,6,יום חול,700,,463,16:55:00,,,from_tlv
2026,6,יום חול,1500,,125,16:55:00,,,from_tlv
2026,6,יום חול,1400,,170,16:55:00,,,to_tlv
2026,6,יום חול,2500,,86,16:55:00,,,to_tlv
2026,6,יום חול,3600,,754,16:55:00,,,to_tlv
2026,6,יום חול,3400,,977,16:55:00,,,from_tlv
2026,6,יום חול,3700,,658,16:55:00,,,to_tlv
2026,6,יום חול,3700,,8658,16:55:00,,,to_tlv
2026,6,יום חול,4900,,523,16:55:00,,,to_tlv
2026,6,יום חול,8700,,8656,16:55:00,,,to_tlv
2026,6,יום חול,9700,,664,16:55:00,,,from_tlv
2026,6,יום חול,8700,,656,16:55:00,,,to_tlv
2026,6,יום חול,9800,,8660,16:55:00,,,from_tlv
2026,6,יום חול,9800,,660,16:55:00,,,from_tlv
2026,6,שישי,2820,,6242,16:55:00,,,to_tlv
2026,6,יום חול,1840,,460,16:56:00,,,to_tlv
2026,6,יום חול,2200,,120,16:56:00,,,to_tlv
2026,6,יום חול,3310,,264,16:56:00,,,to_tlv
2026,6,יום חול,2800,,123,16:56:00,,,from_tlv
2026,6,יום חול,3700,,122,16:56:00,,,to_tlv
2026,6,יום חול,4600,,266,16:56:00,,,to_tlv
2026,6,יום חול,4600,,331,16:56:00,,,to_tlv
2026,6,יום חול,5300,,261,16:56:00,,,to_tlv
2026,6,יום חול,5200,,268,16:56:00,,,from_tlv
2026,6,יום חול,8800,,333,16:56:00,,,from_tlv
2026,6,יום חול,9700,,651,16:56:00,,,to_tlv
2026,6,יום חול,8600,,757,16:56:00,,,to_tlv
2026,6,יום חול,9800,,8655,16:56:00,,,to_tlv
2026,6,יום חול,9800,,655,16:56:00,,,to_tlv
2026,6,יום חול,1240,,84,16:57:00,,,to_tlv
2026,6,יום חול,2200,,173,16:57:00,,,from_tlv
2026,6,יום חול,2300,,462,16:57:00,,,to_tlv
2026,6,יום חול,3300,,265,16:57:00,,,from_tlv
2026,6,יום חול,3500,,41,16:57:00,,,from_tlv
2026,6,יום חול,4100,,8657,16:57:00,,,from_tlv
2026,6,יום חול,4100,,657,16:57:00,,,from_tlv
2026,6,יום חול,7320,,649,16:57:00,,,to_tlv
2026,6,יום חול,7000,,422,16:57:00,,,from_tlv
2026,6,שישי,3300,,6520,16:57:00,,,to_tlv
2026,6,שישי,4600,,6760,16:57:00,,,to_tlv
2026,6,יום חול,8800,,866,16:57:00,,,to_tlv
2026,6,יום חול,1600,,38,16:58:00,,,to_tlv
2026,6,יום חול,2960,,8659,16:58:00,,,from_tlv
2026,6,יום חול,2960,,659,16:58:00,,,from_tlv
2026,6,יום חול,3600,,658,16:58:00,,,to_tlv
2026,6,יום חול,4600,,263,16:58:00,,,to_tlv
2026,6,יום חול,5900,,259,16:58:00,,,to_tlv
2026,6,שישי,4600,,6523,16:58:00,,,to_tlv
2026,6,יום חול,9200,,656,16:58:00,,,to_tlv
2026,6,שישי,3600,,6243,16:58:00,,,to_tlv
2026,6,יום חול,9200,,8656,16:58:00,,,to_tlv
2026,6,יום חול,1300,,463,16:59:00,,,to_tlv
2026,6,יום חול,680,,580,16:59:00,,,to_tlv
2026,6,יום חול,1840,,423,16:59:00,,,from_tlv
2026,6,יום חול,3500,,420,16:59:00,,,to_tlv
2026,6,יום חול,3900,,864,16:59:00,,,to_tlv
2026,6,יום חול,3700,,171,16:59:00,,,to_tlv
2026,6,יום חול,4690,,660,16:59:00,,,from_tlv
2026,6,יום חול,4690,,8660,16:59:00,,,from_tlv
2026,6,יום חול,5000,,922,16:59:00,,,from_tlv
2026,6,יום חול,4900,,972,16:59:00,,,to_tlv
2026,6,יום חול,8550,,44,16:59:00,,,from_tlv
2026,6,יום חול,8600,,756,16:59:00,,,from_tlv
2026,6,יום חול,1280,,82,17:00:00,,,to_tlv
2026,6,יום חול,1220,,418,17:00:00,,,to_tlv
2026,6,יום חול,2100,,120,17:00:00,,,to_tlv
2026,6,יום חול,3600,,658,17:00:00,,,to_tlv
2026,6,יום חול,3600,,8658,17:00:00,,,to_tlv
2026,6,יום חול,3700,,266,17:00:00,,,to_tlv
2026,6,יום חול,3600,,759,17:00:00,,,to_tlv
2026,6,יום חול,4900,,331,17:00:00,,,to_tlv
2026,6,יום חול,6150,,39,17:00:00,,,to_tlv
2026,6,יום חול,5300,,268,17:00:00,,,from_tlv
2026,6,יום חול,5900,,270,17:00:00,,,from_tlv
2026,6,שישי,3700,,6760,17:00:00,,,to_tlv
2026,6,שישי,680,,6563,17:00:00,,,to_tlv
2026,6,שישי,2300,,6083,17:00:00,,,from_tlv
2026,6,שישי,2800,,6242,17:00:00,,,to_tlv
2026,6,שישי,5300,,6241,17:00:00,,,to_tlv
2026,6,יום חול,1240,,87,17:01:00,,,from_tlv
2026,6,יום חול,2100,,43,17:01:00,,,from_tlv
2026,6,יום חול,2800,,172,17:01:00,,,to_tlv
2026,6,יום חול,2960,,656,17:01:00,,,to_tlv
2026,6,יום חול,3400,,522,17:01:00,,,to_tlv
2026,6,יום חול,3300,,264,17:01:00,,,to_tlv
2026,6,יום חול,2960,,8656,17:01:00,,,to_tlv
2026,6,יום חול,3600,,122,17:01:00,,,to_tlv
2026,6,יום חול,5200,,261,17:01:00,,,to_tlv
2026,6,יום חול,3310,,265,17:02:00,,,from_tlv
2026,6,יום חול,3600,,657,17:02:00,,,to_tlv
2026,6,יום חול,3900,,869,17:02:00,,,to_tlv
2026,6,יום חול,3600,,8657,17:02:00,,,to_tlv
2026,6,יום חול,4250,,333,17:02:00,,,from_tlv
2026,6,יום חול,4680,,8660,17:02:00,,,from_tlv
2026,6,יום חול,4680,,660,17:02:00,,,from_tlv
2026,6,יום חול,5200,,261,17:02:00,,,to_tlv
2026,6,יום חול,9200,,8659,17:02:00,,,from_tlv
2026,6,יום חול,9200,,659,17:02:00,,,from_tlv
2026,6,יום חול,9650,,664,17:02:00,,,from_tlv
2026,6,יום חול,1220,,463,17:03:00,,,from_tlv
2026,6,יום חול,2200,,462,17:03:00,,,to_tlv
2026,6,יום חול,2300,,86,17:03:00,,,to_tlv
2026,6,יום חול,2300,,173,17:03:00,,,from_tlv
2026,6,יום חול,3500,,754,17:03:00,,,to_tlv
2026,6,יום חול,4900,,263,17:03:00,,,to_tlv
2026,6,יום חול,9000,,655,17:03:00,,,to_tlv
2026,6,יום חול,7500,,838,17:03:00,,,from_tlv
2026,6,יום חול,7500,,998,17:03:00,,,from_tlv
2026,6,שישי,4900,,6523,17:03:00,,,to_tlv
2026,6,שישי,3700,,6243,17:03:00,,,to_tlv
2026,6,יום חול,1500,,170,17:04:00,,,to_tlv
2026,6,יום חול,3500,,977,17:04:00,,,from_tlv
2026,6,יום חול,4100,,658,17:04:00,,,to_tlv
2026,6,יום חול,4600,,972,17:04:00,,,to_tlv
2026,6,יום חול,4600,,171,17:04:00,,,to_tlv
2026,6,יום חול,5000,,419,17:04:00,,,to_tlv
2026,6,יום חול,8800,,867,17:04:00,,,from_tlv
2026,6,יום חול,5900,,653,17:04:00,,,to_tlv
2026,6,יום חול,5900,,662,17:04:00,,,from_tlv
2026,6,יום חול,5900,,662,17:04:00,,,from_tlv
2026,6,יום חול,1400,,125,17:05:00,,,from_tlv
2026,6,יום חול,300,,121,17:05:00,,,from_tlv
2026,6,יום חול,3400,,265,17:05:00,,,from_tlv
2026,6,יום חול,2940,,656,17:05:00,,,to_tlv
2026,6,יום חול,3600,,41,17:05:00,,,to_tlv
2026,6,יום חול,2940,,8656,17:05:00,,,to_tlv
2026,6,יום חול,3600,,266,17:05:00,,,to_tlv
2026,6,יום חול,4640,,331,17:05:00,,,to_tlv
2026,6,יום חול,3700,,759,17:05:00,,,to_tlv
2026,6,יום חול,4900,,42,17:05:00,,,to_tlv
2026,6,יום חול,5150,,523,17:05:00,,,to_tlv
2026,6,יום חול,8700,,8659,17:05:00,,,from_tlv
2026,6,יום חול,8700,,659,17:05:00,,,from_tlv
2026,6,יום חול,8600,,174,17:05:00,,,from_tlv
2026,6,יום חול,9000,,655,17:05:00,,,to_tlv
2026,6,יום חול,9000,,8655,17:05:00,,,to_tlv
2026,6,שישי,3600,,6760,17:05:00,,,to_tlv
2026,6,שישי,5200,,6241,17:05:00,,,to_tlv
2026,6,יום חול,400,,581,17:06:00,,,to_tlv
2026,6,יום חול,1820,,423,17:06:00,,,from_tlv
2026,6,יום חול,2200,,43,17:06:00,,,from_tlv
2026,6,יום חול,4100,,658,17:06:00,,,to_tlv
2026,6,יום חול,4100,,8658,17:06:00,,,to_tlv
2026,6,יום חול,5000,,268,17:06:00,,,from_tlv
2026,6,יום חול,5900,,653,17:06:00,,,to_tlv
2026,6,יום חול,1400,,418,17:07:00,,,to_tlv
2026,6,יום חול,2100,,462,17:07:00,,,to_tlv
2026,6,יום חול,2800,,267,17:07:00,,,from_tlv
2026,6,יום חול,3700,,657,17:07:00,,,to_tlv
2026,6,יום חול,4170,,333,17:07:00,,,from_tlv
2026,6,יום חול,3700,,8657,17:07:00,,,to_tlv
2026,6,יום חול,4310,,866,17:07:00,,,to_tlv
2026,6,יום חול,4660,,8660,17:07:00,,,from_tlv
2026,6,יום חול,4660,,660,17:07:00,,,from_tlv
2026,6,יום חול,1220,,120,17:08:00,,,to_tlv
2026,6,יום חול,700,,125,17:08:00,,,from_tlv
2026,6,יום חול,3300,,522,17:08:00,,,to_tlv
2026,6,יום חול,3100,,421,17:08:00,,,from_tlv
2026,6,יום חול,3700,,972,17:08:00,,,to_tlv
2026,6,יום חול,5800,,270,17:08:00,,,from_tlv
2026,6,יום חול,4660,,331,17:08:00,,,to_tlv
2026,6,יום חול,5010,,524,17:08:00,,,from_tlv
2026,6,יום חול,680,,758,17:09:00,,,to_tlv
2026,6,יום חול,1250,,84,17:09:00,,,to_tlv
2026,6,יום חול,2200,,86,17:09:00,,,to_tlv
2026,6,יום חול,4170,,658,17:09:00,,,to_tlv
2026,6,יום חול,4900,,171,17:09:00,,,to_tlv
2026,6,יום חול,4600,,759,17:09:00,,,to_tlv
2026,6,יום חול,3100,,264,17:10:00,,,to_tlv
2026,6,יום חול,3700,,41,17:10:00,,,to_tlv
2026,6,יום חול,4600,,42,17:10:00,,,to_tlv
2026,6,יום חול,4900,,756,17:10:00,,,to_tlv
2026,6,יום חול,5410,,261,17:10:00,,,to_tlv
2026,6,יום חול,5800,,270,17:10:00,,,from_tlv
2026,6,יום חול,1230,,87,17:11:00,,,from_tlv
2026,6,יום חול,2100,,463,17:11:00,,,from_tlv
2026,6,יום חול,3500,,8656,17:11:00,,,to_tlv
2026,6,יום חול,3500,,656,17:11:00,,,to_tlv
2026,6,יום חול,2820,,267,17:11:00,,,from_tlv
2026,6,יום חול,3600,,977,17:11:00,,,to_tlv
2026,6,יום חול,4640,,8660,17:11:00,,,from_tlv
2026,6,יום חול,4600,,8657,17:11:00,,,to_tlv
2026,6,יום חול,4640,,660,17:11:00,,,from_tlv
2026,6,יום חול,4170,,658,17:11:00,,,to_tlv
2026,6,יום חול,4600,,657,17:11:00,,,to_tlv
2026,6,יום חול,4170,,8658,17:11:00,,,to_tlv
2026,6,יום חול,5000,,523,17:11:00,,,to_tlv
2026,6,יום חול,5410,,261,17:11:00,,,to_tlv
2026,6,יום חול,8800,,659,17:11:00,,,from_tlv
2026,6,יום חול,8800,,8659,17:11:00,,,from_tlv
2026,6,יום חול,9600,,664,17:11:00,,,from_tlv
2026,6,שישי,3500,,6760,17:11:00,,,to_tlv
2026,6,יום חול,1300,,125,17:12:00,,,to_tlv
2026,6,יום חול,2300,,43,17:12:00,,,from_tlv
2026,6,יום חול,2300,,40,17:12:00,,,to_tlv
2026,6,יום חול,4100,,333,17:12:00,,,from_tlv
2026,6,יום חול,4800,,263,17:12:00,,,to_tlv
2026,6,יום חול,4680,,331,17:12:00,,,to_tlv
2026,6,יום חול,7000,,39,17:12:00,,,to_tlv
2026,6,יום חול,7300,,651,17:12:00,,,to_tlv
2026,6,יום חול,7320,,666,17:12:00,,,from_tlv
2026,6,יום חול,300,,581,17:13:00,,,from_tlv
2026,6,יום חול,1300,,120,17:13:00,,,to_tlv
2026,6,יום חול,1600,,170,17:13:00,,,to_tlv
2026,6,יום חול,2500,,173,17:13:00,,,from_tlv
2026,6,יום חול,2100,,86,17:13:00,,,to_tlv
2026,6,יום חול,3500,,265,17:13:00,,,from_tlv
2026,6,יום חול,3600,,972,17:13:00,,,to_tlv
2026,6,יום חול,3500,,266,17:13:00,,,to_tlv
2026,6,יום חול,4800,,268,17:13:00,,,from_tlv
2026,6,יום חול,5000,,524,17:13:00,,,from_tlv
2026,6,יום חול,400,,121,17:14:00,,,to_tlv
2026,6,יום חול,2500,,172,17:14:00,,,to_tlv
2026,6,יום חול,4300,,866,17:14:00,,,to_tlv
2026,6,יום חול,4250,,658,17:14:00,,,to_tlv
2026,6,יום חול,5800,,662,17:14:00,,,from_tlv
2026,6,יום חול,5800,,655,17:14:00,,,to_tlv
2026,6,יום חול,1220,,462,17:15:00,,,to_tlv
2026,6,יום חול,1600,,175,17:15:00,,,from_tlv
2026,6,יום חול,3700,,42,17:15:00,,,to_tlv
2026,6,יום חול,4600,,756,17:15:00,,,to_tlv
2026,6,יום חול,4300,,869,17:15:00,,,to_tlv
2026,6,יום חול,4600,,41,17:15:00,,,to_tlv
2026,6,יום חול,4900,,759,17:15:00,,,to_tlv
2026,6,יום חול,4900,,657,17:15:00,,,to_tlv
2026,6,יום חול,4900,,660,17:15:00,,,to_tlv
2026,6,יום חול,4900,,8657,17:15:00,,,to_tlv
2026,6,יום חול,4900,,8660,17:15:00,,,to_tlv
2026,6,יום חול,7000,,44,17:15:00,,,from_tlv
2026,6,יום חול,300,,580,17:16:00,,,to_tlv
2026,6,יום חול,1260,,84,17:16:00,,,to_tlv
2026,6,יום חול,2200,,463,17:16:00,,,from_tlv
2026,6,יום חול,3700,,977,17:16:00,,,to_tlv
2026,6,יום חול,4250,,8658,17:16:00,,,to_tlv
2026,6,יום חול,4250,,658,17:16:00,,,to_tlv
2026,6,יום חול,4690,,331,17:16:00,,,to_tlv
2026,6,יום חול,4900,,174,17:16:00,,,to_tlv
2026,6,יום חול,5000,,923,17:16:00,,,to_tlv
2026,6,יום חול,5010,,523,17:16:00,,,to_tlv
2026,6,יום חול,5800,,8662,17:16:00,,,from_tlv
2026,6,יום חול,5800,,655,17:16:00,,,to_tlv
2026,6,יום חול,9600,,653,17:16:00,,,to_tlv
2026,6,יום חול,5800,,8655,17:16:00,,,to_tlv
2026,6,יום חול,700,,120,17:17:00,,,to_tlv
2026,6,יום חול,1220,,125,17:17:00,,,from_tlv
2026,6,יום חול,3100,,267,17:17:00,,,from_tlv
2026,6,יום חול,4250,,659,17:17:00,,,from_tlv
2026,6,יום חול,3600,,333,17:17:00,,,to_tlv
2026,6,יום חול,4250,,8659,17:17:00,,,from_tlv
2026,6,יום חול,400,,124,17:18:00,,,from_tlv
2026,6,יום חול,1400,,423,17:18:00,,,from_tlv
2026,6,יום חול,2100,,87,17:18:00,,,from_tlv
2026,6,יום חול,3100,,420,17:18:00,,,to_tlv
2026,6,יום חול,2820,,264,17:18:00,,,to_tlv
2026,6,יום חול,5410,,270,17:18:00,,,from_tlv
2026,6,יום חול,2200,,40,17:19:00,,,to_tlv
2026,6,יום חול,3500,,661,17:19:00,,,from_tlv
2026,6,יום חול,3500,,8661,17:19:00,,,from_tlv
2026,6,יום חול,3300,,525,17:19:00,,,from_tlv
2026,6,יום חול,3600,,265,17:19:00,,,to_tlv
2026,6,יום חול,5000,,263,17:19:00,,,to_tlv
2026,6,יום חול,5150,,524,17:19:00,,,from_tlv
2026,6,יום חול,7300,,666,17:19:00,,,from_tlv
2026,6,יום חול,8800,,658,17:19:00,,,to_tlv
2026,6,יום חול,9800,,331,17:19:00,,,to_tlv
2026,6,יום חול,5800,,261,17:19:00,,,to_tlv
2026,6,יום חול,1300,,462,17:20:00,,,to_tlv
2026,6,יום חול,1230,,86,17:20:00,,,to_tlv
2026,6,יום חול,1400,,120,17:20:00,,,to_tlv
2026,6,יום חול,1820,,418,17:20:00,,,to_tlv
2026,6,יום חול,3700,,756,17:20:00,,,to_tlv
2026,6,יום חול,3600,,42,17:20:00,,,to_tlv
2026,6,יום חול,4600,,8660,17:20:00,,,to_tlv
2026,6,יום חול,4600,,660,17:20:00,,,to_tlv
2026,6,יום חול,4640,,657,17:20:00,,,to_tlv
2026,6,יום חול,4640,,8657,17:20:00,,,to_tlv
2026,6,יום חול,4900,,41,17:20:00,,,to_tlv
2026,6,יום חול,5800,,261,17:20:00,,,to_tlv
2026,6,יום חול,5800,,261,17:20:00,,,to_tlv
2026,6,יום חול,8600,,171,17:20:00,,,to_tlv
2026,6,יום חול,3500,,972,17:21:00,,,to_tlv
2026,6,יום חול,4600,,174,17:21:00,,,to_tlv
2026,6,יום חול,4600,,977,17:21:00,,,to_tlv
2026,6,יום חול,4900,,268,17:21:00,,,to_tlv
2026,6,יום חול,8800,,8658,17:21:00,,,to_tlv
2026,6,יום חול,8800,,658,17:21:00,,,to_tlv
2026,6,יום חול,7320,,651,17:21:00,,,to_tlv
2026,6,יום חול,680,,757,17:22:00,,,to_tlv
2026,6,יום חול,1500,,175,17:22:00,,,from_tlv
2026,6,יום חול,3400,,266,17:22:00,,,to_tlv
2026,6,יום חול,3700,,333,17:22:00,,,to_tlv
2026,6,יום חול,4170,,8659,17:22:00,,,from_tlv
2026,6,יום חול,4170,,659,17:22:00,,,from_tlv
2026,6,יום חול,4310,,869,17:22:00,,,to_tlv
2026,6,יום חול,5000,,422,17:22:00,,,from_tlv
2026,6,יום חול,2800,,264,17:23:00,,,to_tlv
2026,6,יום חול,2100,,40,17:23:00,,,to_tlv
2026,6,יום חול,2200,,87,17:23:00,,,from_tlv
2026,6,יום חול,3700,,8660,17:23:00,,,to_tlv
2026,6,יום חול,4660,,8657,17:23:00,,,to_tlv
2026,6,יום חול,3700,,660,17:23:00,,,to_tlv
2026,6,יום חול,4660,,657,17:23:00,,,to_tlv
2026,6,יום חול,5900,,664,17:23:00,,,from_tlv
2026,6,יום חול,5900,,664,17:23:00,,,from_tlv
2026,6,יום חול,700,,462,17:24:00,,,to_tlv
2026,6,יום חול,300,,124,17:24:00,,,to_tlv
2026,6,יום חול,400,,580,17:24:00,,,from_tlv
2026,6,יום חול,2300,,463,17:24:00,,,from_tlv
2026,6,יום חול,2300,,172,17:24:00,,,to_tlv
2026,6,יום חול,3500,,761,17:24:00,,,from_tlv
2026,6,יום חול,2940,,661,17:24:00,,,from_tlv
2026,6,יום חול,2940,,8661,17:24:00,,,from_tlv
2026,6,יום חול,3700,,265,17:24:00,,,to_tlv
2026,6,יום חול,3600,,123,17:24:00,,,to_tlv
2026,6,יום חול,5200,,270,17:24:00,,,from_tlv
2026,6,יום חול,5900,,655,17:24:00,,,to_tlv
2026,6,יום חול,9650,,653,17:24:00,,,to_tlv
2026,6,יום חול,1220,,423,17:25:00,,,from_tlv
2026,6,יום חול,2100,,125,17:25:00,,,from_tlv
2026,6,יום חול,3400,,525,17:25:00,,,from_tlv
2026,6,יום חול,3600,,756,17:25:00,,,to_tlv
2026,6,יום חול,8700,,658,17:25:00,,,to_tlv
2026,6,יום חול,9100,,923,17:25:00,,,to_tlv
2026,6,יום חול,9000,,8662,17:25:00,,,from_tlv
2026,6,יום חול,9000,,662,17:25:00,,,from_tlv
2026,6,יום חול,2800,,173,17:26:00,,,from_tlv
2026,6,יום חול,3310,,266,17:26:00,,,to_tlv
2026,6,יום חול,3700,,174,17:26:00,,,to_tlv
2026,6,יום חול,4600,,268,17:26:00,,,to_tlv
2026,6,יום חול,4600,,333,17:26:00,,,to_tlv
2026,6,יום חול,4900,,977,17:26:00,,,to_tlv
2026,6,יום חול,5300,,263,17:26:00,,,to_tlv
2026,6,יום חול,5900,,655,17:26:00,,,to_tlv
2026,6,יום חול,8600,,759,17:26:00,,,to_tlv
2026,6,יום חול,1400,,462,17:27:00,,,to_tlv
2026,6,יום חול,3500,,421,17:27:00,,,from_tlv
2026,6,יום חול,3300,,267,17:27:00,,,from_tlv
2026,6,יום חול,4100,,659,17:27:00,,,from_tlv
2026,6,יום חול,4100,,8659,17:27:00,,,from_tlv
2026,6,יום חול,4680,,657,17:27:00,,,to_tlv
2026,6,יום חול,4680,,8657,17:27:00,,,to_tlv
2026,6,יום חול,7320,,424,17:27:00,,,from_tlv
2026,6,יום חול,7300,,838,17:27:00,,,from_tlv
2026,6,יום חול,7300,,998,17:27:00,,,from_tlv
2026,6,יום חול,8700,,8658,17:27:00,,,to_tlv
2026,6,יום חול,6150,,44,17:27:00,,,from_tlv
2026,6,יום חול,8800,,868,17:27:00,,,to_tlv
2026,6,יום חול,8700,,658,17:27:00,,,to_tlv
2026,6,יום חול,1600,,45,17:28:00,,,from_tlv
2026,6,יום חול,3500,,42,17:28:00,,,to_tlv
2026,6,יום חול,2960,,661,17:28:00,,,from_tlv
2026,6,יום חול,2960,,8661,17:28:00,,,from_tlv
2026,6,יום חול,3600,,660,17:28:00,,,to_tlv
2026,6,יום חול,3600,,8660,17:28:00,,,to_tlv
2026,6,יום חול,4600,,265,17:28:00,,,to_tlv
2026,6,יום חול,5900,,655,17:28:00,,,to_tlv
2026,6,יום חול,9200,,658,17:28:00,,,to_tlv
2026,6,יום חול,1280,,84,17:29:00,,,to_tlv
2026,6,יום חול,1500,,120,17:29:00,,,to_tlv
2026,6,יום חול,2300,,87,17:29:00,,,from_tlv
2026,6,יום חול,3700,,123,17:29:00,,,to_tlv
2026,6,יום חול,3900,,866,17:29:00,,,to_tlv
2026,6,יום חול,4900,,524,17:29:00,,,to_tlv
2026,6,יום חול,7000,,419,17:29:00,,,to_tlv
2026,6,יום חול,5900,,261,17:29:00,,,to_tlv
2026,6,יום חול,8600,,758,17:29:00,,,from_tlv
2026,6,יום חול,1240,,86,17:30:00,,,to_tlv
2026,6,יום חול,2200,,125,17:30:00,,,from_tlv
2026,6,יום חול,3400,,972,17:30:00,,,to_tlv
2026,6,יום חול,3600,,761,17:30:00,,,to_tlv
2026,6,יום חול,3700,,268,17:30:00,,,to_tlv
2026,6,יום חול,4900,,333,17:30:00,,,to_tlv
2026,6,יום חול,5300,,270,17:30:00,,,from_tlv
2026,6,יום חול,5900,,261,17:30:00,,,to_tlv
2026,6,יום חול,9200,,658,17:30:00,,,to_tlv
2026,6,יום חול,9200,,8658,17:30:00,,,to_tlv
2026,6,יום חול,1220,,40,17:31:00,,,to_tlv
2026,6,יום חול,1280,,89,17:31:00,,,from_tlv
2026,6,יום חול,2200,,172,17:31:00,,,to_tlv
2026,6,יום חול,2800,,122,17:31:00,,,to_tlv
2026,6,יום חול,2960,,658,17:31:00,,,to_tlv
2026,6,יום חול,3300,,266,17:31:00,,,to_tlv
2026,6,יום חול,3600,,174,17:31:00,,,to_tlv
2026,6,יום חול,4690,,657,17:31:00,,,to_tlv
2026,6,יום חול,4690,,8657,17:31:00,,,to_tlv
2026,6,יום חול,5200,,263,17:31:00,,,to_tlv
2026,6,יום חול,8550,,39,17:31:00,,,to_tlv
2026,6,יום חול,1400,,175,17:32:00,,,from_tlv
2026,6,יום חול,3310,,267,17:32:00,,,from_tlv
2026,6,יום חול,3900,,871,17:32:00,,,to_tlv
2026,6,יום חול,3600,,659,17:32:00,,,to_tlv
2026,6,יום חול,3600,,8659,17:32:00,,,to_tlv
2026,6,יום חול,9200,,661,17:32:00,,,from_tlv
2026,6,יום חול,9200,,8661,17:32:00,,,from_tlv
2026,6,יום חול,1840,,418,17:33:00,,,to_tlv
2026,6,יום חול,2100,,423,17:33:00,,,from_tlv
2026,6,יום חול,3500,,756,17:33:00,,,to_tlv
2026,6,יום חול,2960,,8658,17:33:00,,,to_tlv
2026,6,יום חול,2960,,658,17:33:00,,,to_tlv
2026,6,יום חול,4900,,265,17:33:00,,,to_tlv
2026,6,יום חול,5800,,664,17:33:00,,,from_tlv
2026,6,יום חול,9700,,666,17:33:00,,,from_tlv
2026,6,יום חול,9700,,653,17:33:00,,,to_tlv
2026,6,יום חול,1840,,465,17:34:00,,,from_tlv
2026,6,יום חול,3500,,525,17:34:00,,,from_tlv
2026,6,יום חול,4600,,123,17:34:00,,,to_tlv
2026,6,יום חול,4100,,8660,17:34:00,,,to_tlv
2026,6,יום חול,4100,,660,17:34:00,,,to_tlv
2026,6,יום חול,4600,,524,17:34:00,,,to_tlv
2026,6,יום חול,7320,,668,17:34:00,,,from_tlv
2026,6,יום חול,7300,,424,17:34:00,,,from_tlv
2026,6,יום חול,8800,,869,17:34:00,,,from_tlv
2026,6,יום חול,9800,,657,17:34:00,,,to_tlv
2026,6,יום חול,9800,,8657,17:34:00,,,to_tlv
2026,6,יום חול,5200,,974,17:34:00,,,from_tlv
2026,6,יום חול,700,,175,17:35:00,,,from_tlv
2026,6,יום חול,1500,,45,17:35:00,,,from_tlv
2026,6,יום חול,300,,171,17:35:00,,,from_tlv
2026,6,יום חול,680,,581,17:35:00,,,to_tlv
2026,6,יום חול,2100,,172,17:35:00,,,to_tlv
2026,6,יום חול,3600,,268,17:35:00,,,to_tlv
2026,6,יום חול,3400,,267,17:35:00,,,from_tlv
2026,6,יום חול,2940,,658,17:35:00,,,to_tlv
2026,6,יום חול,3700,,761,17:35:00,,,to_tlv
2026,6,יום חול,3600,,421,17:35:00,,,to_tlv
2026,6,יום חול,4900,,422,17:35:00,,,to_tlv
2026,6,יום חול,4640,,333,17:35:00,,,to_tlv
2026,6,יום חול,5800,,8664,17:35:00,,,from_tlv
2026,6,יום חול,8700,,8661,17:35:00,,,from_tlv
2026,6,יום חול,8600,,124,17:35:00,,,from_tlv
2026,6,יום חול,8700,,661,17:35:00,,,from_tlv
2026,6,יום חול,2300,,125,17:36:00,,,from_tlv
2026,6,יום חול,5000,,270,17:36:00,,,from_tlv
2026,6,יום חול,5000,,41,17:36:00,,,to_tlv
2026,6,יום חול,6900,,44,17:36:00,,,from_tlv
2026,6,יום חול,9800,,8662,17:36:00,,,from_tlv
2026,6,יום חול,9600,,655,17:36:00,,,to_tlv
2026,6,יום חול,9800,,662,17:36:00,,,from_tlv
2026,6,יום חול,2940,,658,17:37:00,,,to_tlv
2026,6,יום חול,2940,,8658,17:37:00,,,to_tlv
2026,6,יום חול,3300,,972,17:37:00,,,to_tlv
2026,6,יום חול,2800,,269,17:37:00,,,from_tlv
2026,6,יום חול,3700,,659,17:37:00,,,to_tlv
2026,6,יום חול,3700,,8659,17:37:00,,,to_tlv
2026,6,יום חול,4310,,868,17:37:00,,,to_tlv
2026,6,יום חול,5150,,977,17:37:00,,,to_tlv
2026,6,יום חול,6300,,523,17:37:00,,,to_tlv
2026,6,יום חול,1400,,40,17:38:00,,,to_tlv
2026,6,יום חול,1250,,86,17:38:00,,,to_tlv
2026,6,יום חול,2200,,423,17:38:00,,,from_tlv
2026,6,יום חול,4660,,333,17:38:00,,,to_tlv
2026,6,יום חול,3700,,524,17:38:00,,,to_tlv
2026,6,יום חול,9600,,655,17:38:00,,,to_tlv
2026,6,יום חול,680,,760,17:39:00,,,to_tlv
2026,6,יום חול,1300,,175,17:39:00,,,to_tlv
2026,6,יום חול,2500,,87,17:39:00,,,from_tlv
2026,6,יום חול,1600,,120,17:39:00,,,to_tlv
2026,6,יום חול,4170,,8660,17:39:00,,,to_tlv
2026,6,יום חול,4170,,660,17:39:00,,,to_tlv
2026,6,יום חול,4900,,123,17:39:00,,,to_tlv
2026,6,יום חול,4600,,761,17:39:00,,,to_tlv
2026,6,יום חול,5410,,263,17:39:00,,,to_tlv
2026,6,יום חול,3100,,266,17:40:00,,,to_tlv
2026,6,יום חול,3700,,421,17:40:00,,,to_tlv
2026,6,יום חול,4680,,662,17:40:00,,,from_tlv
2026,6,יום חול,4600,,422,17:40:00,,,to_tlv
2026,6,יום חול,4680,,8662,17:40:00,,,from_tlv
2026,6,יום חול,4900,,758,17:40:00,,,to_tlv
2026,6,יום חול,1820,,465,17:41:00,,,from_tlv
2026,6,יום חול,2300,,420,17:41:00,,,to_tlv
2026,6,יום חול,2820,,269,17:41:00,,,from_tlv
2026,6,יום חול,3500,,658,17:41:00,,,to_tlv
2026,6,יום חול,3600,,525,17:41:00,,,to_tlv
2026,6,יום חול,4600,,659,17:41:00,,,to_tlv
2026,6,יום חול,4600,,8659,17:41:00,,,to_tlv
2026,6,יום חול,7300,,668,17:41:00,,,from_tlv
2026,6,יום חול,7320,,46,17:41:00,,,from_tlv
2026,6,יום חול,8800,,8661,17:41:00,,,from_tlv
2026,6,יום חול,8800,,661,17:41:00,,,from_tlv
2026,6,יום חול,7300,,39,17:41:00,,,to_tlv
2026,6,יום חול,1820,,462,17:42:00,,,to_tlv
2026,6,יום חול,4800,,265,17:42:00,,,to_tlv
2026,6,יום חול,4660,,8662,17:42:00,,,from_tlv
2026,6,יום חול,4680,,333,17:42:00,,,to_tlv
2026,6,יום חול,4660,,662,17:42:00,,,from_tlv
2026,6,יום חול,5010,,41,17:42:00,,,to_tlv
2026,6,יום חול,9650,,666,17:42:00,,,from_tlv
2026,6,יום חול,5000,,977,17:42:00,,,to_tlv
2026,6,יום חול,1220,,172,17:43:00,,,to_tlv
2026,6,יום חול,3500,,268,17:43:00,,,to_tlv
2026,6,יום חול,3500,,8658,17:43:00,,,to_tlv
2026,6,יום חול,3500,,267,17:43:00,,,from_tlv
2026,6,יום חול,3500,,658,17:43:00,,,to_tlv
2026,6,יום חול,3600,,524,17:43:00,,,to_tlv
2026,6,יום חול,4800,,270,17:43:00,,,from_tlv
2026,6,יום חול,9000,,657,17:43:00,,,to_tlv
2026,6,יום חול,9000,,8657,17:43:00,,,to_tlv
2026,6,יום חול,5000,,974,17:43:00,,,from_tlv
2026,6,יום חול,400,,171,17:44:00,,,to_tlv
2026,6,יום חול,1220,,175,17:44:00,,,from_tlv
2026,6,יום חול,2300,,423,17:44:00,,,from_tlv
2026,6,יום חול,4250,,660,17:44:00,,,to_tlv
2026,6,יום חול,4250,,8660,17:44:00,,,to_tlv
2026,6,יום חול,4300,,868,17:44:00,,,to_tlv
2026,6,יום חול,9000,,8664,17:44:00,,,from_tlv
2026,6,יום חול,9000,,664,17:44:00,,,from_tlv
2026,6,יום חול,1400,,45,17:45:00,,,from_tlv
2026,6,יום חול,1260,,89,17:45:00,,,from_tlv
2026,6,יום חול,3700,,422,17:45:00,,,to_tlv
2026,6,יום חול,4300,,871,17:45:00,,,to_tlv
2026,6,יום חול,4600,,421,17:45:00,,,to_tlv
2026,6,יום חול,4900,,761,17:45:00,,,to_tlv
2026,6,יום חול,4900,,8659,17:45:00,,,to_tlv
2026,6,יום חול,4600,,758,17:45:00,,,to_tlv
2026,6,יום חול,4900,,659,17:45:00,,,to_tlv
2026,6,יום חול,9650,,655,17:45:00,,,to_tlv
2026,6,יום חול,3700,,525,17:46:00,,,to_tlv
2026,6,יום חול,4900,,124,17:46:00,,,to_tlv
2026,6,יום חול,4690,,333,17:46:00,,,to_tlv
2026,6,יום חול,5010,,44,17:46:00,,,from_tlv
2026,6,יום חול,1260,,86,17:47:00,,,to_tlv
2026,6,יום חול,3100,,269,17:47:00,,,from_tlv
2026,6,יום חול,4250,,8661,17:47:00,,,from_tlv
2026,6,יום חול,4250,,661,17:47:00,,,from_tlv
2026,6,יום חול,4900,,8662,17:47:00,,,to_tlv
2026,6,יום חול,4900,,662,17:47:00,,,to_tlv
2026,6,יום חול,9650,,655,17:47:00,,,to_tlv
2026,6,יום חול,1300,,172,17:48:00,,,to_tlv
2026,6,יום חול,1500,,40,17:48:00,,,to_tlv
2026,6,יום חול,400,,176,17:48:00,,,from_tlv
2026,6,יום חול,1600,,127,17:48:00,,,from_tlv
2026,6,יום חול,2200,,420,17:48:00,,,to_tlv
2026,6,יום חול,2820,,266,17:48:00,,,to_tlv
2026,6,יום חול,5800,,263,17:48:00,,,to_tlv
2026,6,יום חול,7300,,46,17:48:00,,,from_tlv
2026,6,יום חול,7300,,653,17:48:00,,,to_tlv
2026,6,יום חול,5800,,263,17:48:00,,,to_tlv
2026,6,יום חול,2300,,122,17:49:00,,,to_tlv
2026,6,יום חול,3500,,663,17:49:00,,,from_tlv
2026,6,יום חול,3500,,8663,17:49:00,,,from_tlv
2026,6,יום חול,3600,,267,17:49:00,,,to_tlv
2026,6,יום חול,6300,,526,17:49:00,,,from_tlv
2026,6,יום חול,5150,,974,17:49:00,,,from_tlv
2026,6,יום חול,5000,,265,17:49:00,,,to_tlv
2026,6,יום חול,9800,,333,17:49:00,,,to_tlv
2026,6,יום חול,8800,,8660,17:49:00,,,to_tlv
2026,6,יום חול,8800,,660,17:49:00,,,to_tlv
2026,6,יום חול,3300,,979,17:50:00,,,from_tlv
2026,6,יום חול,3600,,422,17:50:00,,,to_tlv
2026,6,יום חול,3700,,758,17:50:00,,,to_tlv
2026,6,יום חול,4600,,525,17:50:00,,,to_tlv
2026,6,יום חול,4900,,421,17:50:00,,,to_tlv
2026,6,יום חול,4660,,8659,17:50:00,,,to_tlv
2026,6,יום חול,4660,,659,17:50:00,,,to_tlv
2026,6,יום חול,7320,,39,17:50:00,,,to_tlv
2026,6,יום חול,9100,,924,17:50:00,,,from_tlv
2026,6,יום חול,8600,,123,17:50:00,,,to_tlv
2026,6,יום חול,3500,,524,17:51:00,,,to_tlv
2026,6,יום חול,4600,,124,17:51:00,,,to_tlv
2026,6,יום חול,4900,,270,17:51:00,,,to_tlv
2026,6,יום חול,5000,,44,17:51:00,,,from_tlv
2026,6,יום חול,6900,,41,17:51:00,,,to_tlv
2026,6,יום חול,1400,,465,17:52:00,,,from_tlv
2026,6,יום חול,680,,759,17:52:00,,,to_tlv
2026,6,יום חול,700,,172,17:52:00,,,to_tlv
2026,6,יום חול,2100,,420,17:52:00,,,to_tlv
2026,6,יום חול,2100,,175,17:52:00,,,from_tlv
2026,6,יום חול,3400,,268,17:52:00,,,to_tlv
2026,6,יום חול,4170,,8661,17:52:00,,,from_tlv
2026,6,יום חול,4600,,8662,17:52:00,,,to_tlv
2026,6,יום חול,4170,,661,17:52:00,,,from_tlv
2026,6,יום חול,4310,,871,17:52:00,,,to_tlv
2026,6,יום חול,4680,,659,17:52:00,,,to_tlv
2026,6,יום חול,4680,,8659,17:52:00,,,to_tlv
2026,6,יום חול,4600,,662,17:52:00,,,to_tlv
2026,6,יום חול,9600,,666,17:52:00,,,from_tlv
2026,6,יום חול,1220,,45,17:53:00,,,from_tlv
2026,6,יום חול,2800,,266,17:53:00,,,to_tlv
2026,6,יום חול,5200,,977,17:53:00,,,to_tlv
2026,6,יום חול,1250,,89,17:54:00,,,from_tlv
2026,6,יום חול,300,,176,17:54:00,,,to_tlv
2026,6,יום חול,2940,,663,17:54:00,,,from_tlv
2026,6,יום חול,3500,,763,17:54:00,,,from_tlv
2026,6,יום חול,2940,,8663,17:54:00,,,from_tlv
2026,6,יום חול,3600,,173,17:54:00,,,to_tlv
2026,6,יום חול,3700,,267,17:54:00,,,to_tlv
2026,6,יום חול,5800,,657,17:54:00,,,to_tlv
2026,6,יום חול,5800,,8657,17:54:00,,,to_tlv
2026,6,יום חול,7300,,419,17:54:00,,,to_tlv
2026,6,יום חול,9700,,655,17:54:00,,,to_tlv
2026,6,יום חול,1500,,127,17:55:00,,,from_tlv
2026,6,יום חול,1400,,172,17:55:00,,,to_tlv
2026,6,יום חול,700,,465,17:55:00,,,from_tlv
2026,6,יום חול,2500,,88,17:55:00,,,to_tlv
2026,6,יום חול,3400,,979,17:55:00,,,from_tlv
2026,6,יום חול,3700,,8662,17:55:00,,,to_tlv
2026,6,יום חול,3600,,758,17:55:00,,,to_tlv
2026,6,יום חול,3700,,662,17:55:00,,,to_tlv
2026,6,יום חול,4900,,525,17:55:00,,,to_tlv
2026,6,יום חול,8700,,660,17:55:00,,,to_tlv
2026,6,יום חול,8700,,8660,17:55:00,,,to_tlv
2026,6,יום חול,9800,,664,17:55:00,,,from_tlv
2026,6,יום חול,9800,,8664,17:55:00,,,from_tlv
2026,6,יום חול,9700,,668,17:55:00,,,from_tlv
2026,6,יום חול,1840,,462,17:56:00,,,to_tlv
2026,6,יום חול,2200,,122,17:56:00,,,to_tlv
2026,6,יום חול,3310,,268,17:56:00,,,to_tlv
2026,6,יום חול,2800,,125,17:56:00,,,from_tlv
2026,6,יום חול,3700,,124,17:56:00,,,to_tlv
2026,6,יום חול,4600,,270,17:56:00,,,to_tlv
2026,6,יום חול,5200,,272,17:56:00,,,from_tlv
2026,6,יום חול,5300,,265,17:56:00,,,to_tlv
2026,6,יום חול,9800,,659,17:56:00,,,to_tlv
2026,6,יום חול,9800,,8659,17:56:00,,,to_tlv
2026,6,יום חול,8600,,761,17:56:00,,,to_tlv
2026,6,יום חול,9700,,655,17:56:00,,,to_tlv
2026,6,יום חול,2300,,464,17:57:00,,,to_tlv
2026,6,יום חול,2200,,175,17:57:00,,,from_tlv
2026,6,יום חול,3300,,269,17:57:00,,,from_tlv
2026,6,יום חול,3500,,43,17:57:00,,,from_tlv
2026,6,יום חול,4100,,661,17:57:00,,,from_tlv
2026,6,יום חול,4100,,8661,17:57:00,,,from_tlv
2026,6,יום חול,7000,,424,17:57:00,,,from_tlv
2026,6,יום חול,8800,,870,17:57:00,,,to_tlv
2026,6,יום חול,7320,,653,17:57:00,,,to_tlv
2026,6,יום חול,2960,,663,17:58:00,,,from_tlv
2026,6,יום חול,1600,,40,17:58:00,,,to_tlv
2026,6,יום חול,2960,,8663,17:58:00,,,from_tlv
2026,6,יום חול,4600,,267,17:58:00,,,to_tlv
2026,6,יום חול,5900,,263,17:58:00,,,to_tlv
2026,6,יום חול,9200,,8660,17:58:00,,,to_tlv
2026,6,יום חול,9200,,660,17:58:00,,,to_tlv
2026,6,יום חול,680,,584,17:59:00,,,to_tlv
2026,6,יום חול,1300,,465,17:59:00,,,to_tlv
2026,6,יום חול,1840,,425,17:59:00,,,from_tlv
2026,6,יום חול,3500,,422,17:59:00,,,to_tlv
2026,6,יום חול,3700,,173,17:59:00,,,to_tlv
2026,6,יום חול,3900,,868,17:59:00,,,to_tlv
2026,6,יום חול,4690,,664,17:59:00,,,from_tlv
2026,6,יום חול,4690,,8664,17:59:00,,,from_tlv
2026,6,יום חול,4900,,974,17:59:00,,,to_tlv
2026,6,יום חול,5000,,924,17:59:00,,,from_tlv
2026,6,יום חול,8600,,760,17:59:00,,,from_tlv
2026,6,יום חול,8550,,46,17:59:00,,,from_tlv
2026,6,יום חול,1280,,86,18:00:00,,,to_tlv
2026,6,יום חול,1220,,420,18:00:00,,,to_tlv
2026,6,יום חול,2100,,122,18:00:00,,,to_tlv
2026,6,יום חול,3600,,662,18:00:00,,,to_tlv
2026,6,יום חול,3600,,8662,18:00:00,,,to_tlv
2026,6,יום חול,3700,,270,18:00:00,,,to_tlv
2026,6,יום חול,3600,,763,18:00:00,,,to_tlv
2026,6,יום חול,6150,,41,18:00:00,,,to_tlv
2026,6,יום חול,5300,,272,18:00:00,,,from_tlv
2026,6,יום חול,5900,,274,18:00:00,,,from_tlv
2026,6,יום חול,1240,,89,18:01:00,,,from_tlv
2026,6,יום חול,2100,,45,18:01:00,,,from_tlv
2026,6,יום חול,2960,,8660,18:01:00,,,to_tlv
2026,6,יום חול,2800,,174,18:01:00,,,to_tlv
2026,6,יום חול,3400,,524,18:01:00,,,to_tlv
2026,6,יום חול,2960,,660,18:01:00,,,to_tlv
2026,6,יום חול,3300,,268,18:01:00,,,to_tlv
2026,6,יום חול,3600,,124,18:01:00,,,to_tlv
2026,6,יום חול,7300,,839,18:01:00,,,to_tlv
2026,6,יום חול,5200,,265,18:01:00,,,to_tlv
2026,6,יום חול,7300,,999,18:01:00,,,to_tlv
2026,6,יום חול,3600,,661,18:02:00,,,to_tlv
2026,6,יום חול,3310,,269,18:02:00,,,from_tlv
2026,6,יום חול,3600,,8661,18:02:00,,,to_tlv
2026,6,יום חול,3900,,873,18:02:00,,,to_tlv
2026,6,יום חול,4680,,664,18:02:00,,,from_tlv
2026,6,יום חול,4680,,8664,18:02:00,,,from_tlv
2026,6,יום חול,5200,,265,18:02:00,,,to_tlv
2026,6,יום חול,9650,,668,18:02:00,,,from_tlv
2026,6,יום חול,9200,,8663,18:02:00,,,from_tlv
2026,6,יום חול,9200,,663,18:02:00,,,from_tlv
2026,6,יום חול,1220,,465,18:03:00,,,from_tlv
2026,6,יום חול,2200,,464,18:03:00,,,to_tlv
2026,6,יום חול,2300,,175,18:03:00,,,from_tlv
2026,6,יום חול,2300,,88,18:03:00,,,to_tlv
2026,6,יום חול,3500,,758,18:03:00,,,to_tlv
2026,6,יום חול,4900,,267,18:03:00,,,to_tlv
2026,6,יום חול,7320,,419,18:03:00,,,to_tlv
2026,6,יום חול,1500,,172,18:04:00,,,to_tlv
2026,6,יום חול,3500,,979,18:04:00,,,from_tlv
2026,6,יום חול,4600,,974,18:04:00,,,to_tlv
2026,6,יום חול,4600,,173,18:04:00,,,to_tlv
2026,6,יום חול,5900,,657,18:04:00,,,to_tlv
2026,6,יום חול,5900,,666,18:04:00,,,from_tlv
2026,6,יום חול,8800,,871,18:04:00,,,from_tlv
2026,6,יום חול,5000,,421,18:04:00,,,to_tlv
2026,6,יום חול,5900,,666,18:04:00,,,from_tlv
2026,6,יום חול,1400,,127,18:05:00,,,from_tlv
2026,6,יום חול,300,,123,18:05:00,,,from_tlv
2026,6,יום חול,2940,,8660,18:05:00,,,to_tlv
2026,6,יום חול,2940,,660,18:05:00,,,to_tlv
2026,6,יום חול,3400,,269,18:05:00,,,from_tlv
2026,6,יום חול,3700,,763,18:05:00,,,to_tlv
2026,6,יום חול,3600,,270,18:05:00,,,to_tlv
2026,6,יום חול,3600,,43,18:05:00,,,to_tlv
2026,6,יום חול,4900,,44,18:05:00,,,to_tlv
2026,6,יום חול,8600,,176,18:05:00,,,from_tlv
2026,6,יום חול,5150,,525,18:05:00,,,to_tlv
2026,6,יום חול,8700,,8663,18:05:00,,,from_tlv
2026,6,יום חול,9000,,8659,18:05:00,,,to_tlv
2026,6,יום חול,9000,,659,18:05:00,,,to_tlv
2026,6,יום חול,8700,,663,18:05:00,,,from_tlv
2026,6,יום חול,400,,585,18:06:00,,,to_tlv
2026,6,יום חול,1820,,425,18:06:00,,,from_tlv
2026,6,יום חול,2200,,45,18:06:00,,,from_tlv
2026,6,יום חול,4100,,662,18:06:00,,,to_tlv
2026,6,יום חול,4100,,8662,18:06:00,,,to_tlv
2026,6,יום חול,5000,,272,18:06:00,,,from_tlv
2026,6,יום חול,5900,,657,18:06:00,,,to_tlv
2026,6,יום חול,1400,,420,18:07:00,,,to_tlv
2026,6,יום חול,2100,,464,18:07:00,,,to_tlv
2026,6,יום חול,2800,,271,18:07:00,,,from_tlv
2026,6,יום חול,3700,,8661,18:07:00,,,to_tlv
2026,6,יום חול,3700,,661,18:07:00,,,to_tlv
2026,6,יום חול,4310,,870,18:07:00,,,to_tlv
2026,6,יום חול,4660,,664,18:07:00,,,from_tlv
2026,6,יום חול,4660,,8664,18:07:00,,,from_tlv
2026,6,יום חול,1220,,122,18:08:00,,,to_tlv
2026,6,יום חול,700,,127,18:08:00,,,from_tlv
2026,6,יום חול,3100,,423,18:08:00,,,from_tlv
2026,6,יום חול,3300,,524,18:08:00,,,to_tlv
2026,6,יום חול,3700,,974,18:08:00,,,to_tlv
2026,6,יום חול,5010,,526,18:08:00,,,from_tlv
2026,6,יום חול,5800,,274,18:08:00,,,from_tlv
2026,6,יום חול,680,,762,18:09:00,,,to_tlv
2026,6,יום חול,2200,,88,18:09:00,,,to_tlv
2026,6,יום חול,4600,,763,18:09:00,,,to_tlv
2026,6,יום חול,4900,,173,18:09:00,,,to_tlv
2026,6,יום חול,3100,,268,18:10:00,,,to_tlv
2026,6,יום חול,3700,,43,18:10:00,,,to_tlv
2026,6,יום חול,4600,,44,18:10:00,,,to_tlv
2026,6,יום חול,5800,,274,18:10:00,,,from_tlv
2026,6,יום חול,5410,,265,18:10:00,,,to_tlv
2026,6,יום חול,4900,,760,18:10:00,,,to_tlv
2026,6,יום חול,7300,,655,18:10:00,,,to_tlv
2026,6,יום חול,1230,,89,18:11:00,,,from_tlv
2026,6,יום חול,2100,,465,18:11:00,,,from_tlv
2026,6,יום חול,2820,,271,18:11:00,,,from_tlv
2026,6,יום חול,3500,,660,18:11:00,,,to_tlv
2026,6,יום חול,3600,,979,18:11:00,,,to_tlv
2026,6,יום חול,4170,,662,18:11:00,,,to_tlv
2026,6,יום חול,3500,,8660,18:11:00,,,to_tlv
2026,6,יום חול,4600,,661,18:11:00,,,to_tlv
2026,6,יום חול,4640,,664,18:11:00,,,from_tlv
2026,6,יום חול,4170,,8662,18:11:00,,,to_tlv
2026,6,יום חול,4600,,8661,18:11:00,,,to_tlv
2026,6,יום חול,4640,,8664,18:11:00,,,from_tlv
2026,6,יום חול,5410,,265,18:11:00,,,to_tlv
2026,6,יום חול,5000,,525,18:11:00,,,to_tlv
2026,6,יום חול,9600,,668,18:11:00,,,from_tlv
2026,6,יום חול,8800,,8663,18:11:00,,,from_tlv
2026,6,יום חול,8800,,663,18:11:00,,,from_tlv
2026,6,יום חול,1300,,127,18:12:00,,,to_tlv
2026,6,יום חול,2300,,45,18:12:00,,,from_tlv
2026,6,יום חול,2300,,42,18:12:00,,,to_tlv
2026,6,יום חול,4800,,267,18:12:00,,,to_tlv
2026,6,יום חול,7000,,41,18:12:00,,,to_tlv
2026,6,יום חול,7320,,670,18:12:00,,,from_tlv
2026,6,יום חול,7300,,655,18:12:00,,,to_tlv
2026,6,יום חול,1600,,172,18:13:00,,,to_tlv
2026,6,יום חול,300,,585,18:13:00,,,from_tlv
2026,6,יום חול,1300,,122,18:13:00,,,to_tlv
2026,6,יום חול,2100,,88,18:13:00,,,to_tlv
2026,6,יום חול,2500,,175,18:13:00,,,from_tlv
2026,6,יום חול,3500,,270,18:13:00,,,to_tlv
2026,6,יום חול,3500,,269,18:13:00,,,from_tlv
2026,6,יום חול,3600,,974,18:13:00,,,to_tlv
2026,6,יום חול,4800,,272,18:13:00,,,from_tlv
2026,6,יום חול,5000,,526,18:13:00,,,from_tlv
2026,6,יום חול,9800,,338,18:13:00,,,from_tlv
2026,6,יום חול,400,,123,18:14:00,,,to_tlv
2026,6,יום חול,2500,,174,18:14:00,,,to_tlv
2026,6,יום חול,4300,,870,18:14:00,,,to_tlv
2026,6,יום חול,5800,,666,18:14:00,,,from_tlv
2026,6,יום חול,1220,,464,18:15:00,,,to_tlv
2026,6,יום חול,1600,,177,18:15:00,,,from_tlv
2026,6,יום חול,3700,,44,18:15:00,,,to_tlv
2026,6,יום חול,4300,,873,18:15:00,,,to_tlv
2026,6,יום חול,4600,,43,18:15:00,,,to_tlv
2026,6,יום חול,4600,,760,18:15:00,,,to_tlv
2026,6,יום חול,4690,,338,18:15:00,,,from_tlv
2026,6,יום חול,4900,,661,18:15:00,,,to_tlv
2026,6,יום חול,4900,,664,18:15:00,,,to_tlv
2026,6,יום חול,4900,,763,18:15:00,,,to_tlv
2026,6,יום חול,4900,,8661,18:15:00,,,to_tlv
2026,6,יום חול,4900,,8664,18:15:00,,,to_tlv
2026,6,יום חול,7000,,46,18:15:00,,,from_tlv
2026,6,יום חול,300,,584,18:16:00,,,to_tlv
2026,6,יום חול,2200,,465,18:16:00,,,from_tlv
2026,6,יום חול,3700,,979,18:16:00,,,to_tlv
2026,6,יום חול,4250,,662,18:16:00,,,to_tlv
2026,6,יום חול,4250,,8662,18:16:00,,,to_tlv
2026,6,יום חול,4900,,176,18:16:00,,,to_tlv
2026,6,יום חול,5000,,925,18:16:00,,,to_tlv
2026,6,יום חול,5010,,525,18:16:00,,,to_tlv
2026,6,יום חול,5800,,8666,18:16:00,,,from_tlv
2026,6,יום חול,5800,,659,18:16:00,,,to_tlv
2026,6,יום חול,9600,,657,18:16:00,,,to_tlv
2026,6,יום חול,5800,,8659,18:16:00,,,to_tlv
2026,6,יום חול,1220,,127,18:17:00,,,from_tlv
2026,6,יום חול,700,,122,18:17:00,,,to_tlv
2026,6,יום חול,3100,,271,18:17:00,,,from_tlv
2026,6,יום חול,4250,,8663,18:17:00,,,from_tlv
2026,6,יום חול,4250,,663,18:17:00,,,from_tlv
2026,6,יום חול,400,,126,18:18:00,,,from_tlv
2026,6,יום חול,1400,,425,18:18:00,,,from_tlv
2026,6,יום חול,2820,,268,18:18:00,,,to_tlv
2026,6,יום חול,2100,,89,18:18:00,,,from_tlv
2026,6,יום חול,3100,,422,18:18:00,,,to_tlv
2026,6,יום חול,4680,,338,18:18:00,,,from_tlv
2026,6,יום חול,5410,,274,18:18:00,,,from_tlv
2026,6,יום חול,2200,,42,18:19:00,,,to_tlv
2026,6,יום חול,3500,,665,18:19:00,,,from_tlv
2026,6,יום חול,3300,,527,18:19:00,,,from_tlv
2026,6,יום חול,3500,,8665,18:19:00,,,from_tlv
2026,6,יום חול,3600,,269,18:19:00,,,to_tlv
2026,6,יום חול,5000,,267,18:19:00,,,to_tlv
2026,6,יום חול,5800,,265,18:19:00,,,to_tlv
2026,6,יום חול,7320,,655,18:19:00,,,to_tlv
2026,6,יום חול,5150,,526,18:19:00,,,from_tlv
2026,6,יום חול,7300,,670,18:19:00,,,from_tlv
2026,6,יום חול,1400,,122,18:20:00,,,to_tlv
2026,6,יום חול,1230,,88,18:20:00,,,to_tlv
2026,6,יום חול,1300,,464,18:20:00,,,to_tlv
2026,6,יום חול,1820,,420,18:20:00,,,to_tlv
2026,6,יום חול,3700,,760,18:20:00,,,to_tlv
2026,6,יום חול,3600,,44,18:20:00,,,to_tlv
2026,6,יום חול,4640,,661,18:20:00,,,to_tlv
2026,6,יום חול,4600,,8664,18:20:00,,,to_tlv
2026,6,יום חול,4600,,664,18:20:00,,,to_tlv
2026,6,יום חול,5800,,265,18:20:00,,,to_tlv
2026,6,יום חול,4900,,43,18:20:00,,,to_tlv
2026,6,יום חול,4640,,8661,18:20:00,,,to_tlv
2026,6,יום חול,5800,,265,18:20:00,,,to_tlv
2026,6,יום חול,8600,,173,18:20:00,,,to_tlv
2026,6,יום חול,3500,,974,18:21:00,,,to_tlv
2026,6,יום חול,4600,,979,18:21:00,,,to_tlv
2026,6,יום חול,4600,,176,18:21:00,,,to_tlv
2026,6,יום חול,4900,,272,18:21:00,,,to_tlv
2026,6,יום חול,7320,,655,18:21:00,,,to_tlv
2026,6,יום חול,8800,,8662,18:21:00,,,to_tlv
2026,6,יום חול,8800,,662,18:21:00,,,to_tlv
2026,6,יום חול,680,,761,18:22:00,,,to_tlv
2026,6,יום חול,2500,,90,18:22:00,,,to_tlv
2026,6,יום חול,1500,,177,18:22:00,,,from_tlv
2026,6,יום חול,3400,,270,18:22:00,,,to_tlv
2026,6,יום חול,4170,,663,18:22:00,,,from_tlv
2026,6,יום חול,4310,,873,18:22:00,,,to_tlv
2026,6,יום חול,4170,,8663,18:22:00,,,from_tlv
2026,6,יום חול,5000,,424,18:22:00,,,from_tlv
2026,6,יום חול,2100,,42,18:23:00,,,to_tlv
2026,6,יום חול,2200,,89,18:23:00,,,from_tlv
2026,6,יום חול,2800,,268,18:23:00,,,to_tlv
2026,6,יום חול,3700,,664,18:23:00,,,to_tlv
2026,6,יום חול,3700,,8664,18:23:00,,,to_tlv
2026,6,יום חול,4660,,8661,18:23:00,,,to_tlv
2026,6,יום חול,4660,,338,18:23:00,,,from_tlv
2026,6,יום חול,4660,,661,18:23:00,,,to_tlv
2026,6,יום חול,5900,,668,18:23:00,,,from_tlv
2026,6,יום חול,5900,,668,18:23:00,,,from_tlv
2026,6,יום חול,300,,126,18:24:00,,,to_tlv
2026,6,יום חול,400,,584,18:24:00,,,from_tlv
2026,6,יום חול,700,,464,18:24:00,,,to_tlv
2026,6,יום חול,2300,,465,18:24:00,,,from_tlv
2026,6,יום חול,2300,,174,18:24:00,,,to_tlv
2026,6,יום חול,2940,,665,18:24:00,,,from_tlv
2026,6,יום חול,3600,,125,18:24:00,,,to_tlv
2026,6,יום חול,3500,,765,18:24:00,,,from_tlv
2026,6,יום חול,2940,,8665,18:24:00,,,from_tlv
2026,6,יום חול,3700,,269,18:24:00,,,to_tlv
2026,6,יום חול,5200,,274,18:24:00,,,from_tlv
2026,6,יום חול,9650,,657,18:24:00,,,to_tlv
2026,6,יום חול,1220,,425,18:25:00,,,from_tlv
2026,6,יום חול,2100,,127,18:25:00,,,from_tlv
2026,6,יום חול,3400,,527,18:25:00,,,from_tlv
2026,6,יום חול,3600,,760,18:25:00,,,to_tlv
2026,6,יום חול,7500,,999,18:25:00,,,to_tlv
2026,6,יום חול,9000,,8666,18:25:00,,,from_tlv
2026,6,יום חול,9000,,666,18:25:00,,,from_tlv
2026,6,יום חול,7500,,839,18:25:00,,,to_tlv
2026,6,יום חול,9100,,925,18:25:00,,,to_tlv
2026,6,יום חול,2800,,175,18:26:00,,,from_tlv
2026,6,יום חול,3310,,270,18:26:00,,,to_tlv
2026,6,יום חול,3700,,176,18:26:00,,,to_tlv
2026,6,יום חול,4600,,272,18:26:00,,,to_tlv
2026,6,יום חול,4900,,979,18:26:00,,,to_tlv
2026,6,יום חול,4640,,338,18:26:00,,,from_tlv
2026,6,יום חול,5300,,267,18:26:00,,,to_tlv
2026,6,יום חול,5900,,659,18:26:00,,,to_tlv
2026,6,יום חול,8600,,763,18:26:00,,,to_tlv
2026,6,יום חול,1400,,464,18:27:00,,,to_tlv
2026,6,יום חול,3300,,271,18:27:00,,,from_tlv
2026,6,יום חול,3500,,423,18:27:00,,,from_tlv
2026,6,יום חול,4100,,8663,18:27:00,,,from_tlv
2026,6,יום חול,4100,,663,18:27:00,,,from_tlv
2026,6,יום חול,4680,,8661,18:27:00,,,to_tlv
2026,6,יום חול,4680,,661,18:27:00,,,to_tlv
2026,6,יום חול,8700,,8662,18:27:00,,,to_tlv
2026,6,יום חול,8800,,872,18:27:00,,,to_tlv
2026,6,יום חול,7320,,426,18:27:00,,,from_tlv
2026,6,יום חול,8700,,662,18:27:00,,,to_tlv
2026,6,יום חול,6150,,46,18:27:00,,,from_tlv
2026,6,יום חול,1600,,47,18:28:00,,,from_tlv
2026,6,יום חול,2960,,8665,18:28:00,,,from_tlv
2026,6,יום חול,3500,,44,18:28:00,,,to_tlv
2026,6,יום חול,3600,,664,18:28:00,,,to_tlv
2026,6,יום חול,2960,,665,18:28:00,,,from_tlv
2026,6,יום חול,3600,,8664,18:28:00,,,to_tlv
2026,6,יום חול,4600,,269,18:28:00,,,to_tlv
2026,6,יום חול,5900,,659,18:28:00,,,to_tlv
2026,6,יום חול,2300,,89,18:29:00,,,from_tlv
2026,6,יום חול,1500,,122,18:29:00,,,to_tlv
2026,6,יום חול,3700,,125,18:29:00,,,to_tlv
2026,6,יום חול,3900,,870,18:29:00,,,to_tlv
2026,6,יום חול,4900,,526,18:29:00,,,to_tlv
2026,6,יום חול,5900,,265,18:29:00,,,to_tlv
2026,6,יום חול,8600,,762,18:29:00,,,from_tlv
2026,6,יום חול,7000,,421,18:29:00,,,to_tlv
2026,6,יום חול,1240,,88,18:30:00,,,to_tlv
2026,6,יום חול,2300,,90,18:30:00,,,to_tlv
2026,6,יום חול,2200,,127,18:30:00,,,from_tlv
2026,6,יום חול,3400,,974,18:30:00,,,to_tlv
2026,6,יום חול,3600,,765,18:30:00,,,to_tlv
2026,6,יום חול,3700,,272,18:30:00,,,to_tlv
2026,6,יום חול,4900,,338,18:30:00,,,to_tlv
2026,6,יום חול,5300,,274,18:30:00,,,from_tlv
2026,6,יום חול,9200,,662,18:30:00,,,to_tlv
2026,6,יום חול,5900,,265,18:30:00,,,to_tlv
2026,6,יום חול,9200,,8662,18:30:00,,,to_tlv
2026,6,יום חול,1280,,91,18:31:00,,,from_tlv
2026,6,יום חול,1220,,42,18:31:00,,,to_tlv
2026,6,יום חול,2200,,174,18:31:00,,,to_tlv
2026,6,יום חול,2800,,124,18:31:00,,,to_tlv
2026,6,יום חול,3300,,270,18:31:00,,,to_tlv
2026,6,יום חול,3600,,176,18:31:00,,,to_tlv
2026,6,יום חול,4690,,661,18:31:00,,,to_tlv
2026,6,יום חול,4690,,8661,18:31:00,,,to_tlv
2026,6,יום חול,5200,,267,18:31:00,,,to_tlv
2026,6,יום חול,8550,,41,18:31:00,,,to_tlv
2026,6,יום חול,1400,,177,18:32:00,,,from_tlv
2026,6,יום חול,3600,,663,18:32:00,,,to_tlv
2026,6,יום חול,3310,,271,18:32:00,,,from_tlv
2026,6,יום חול,3900,,875,18:32:00,,,to_tlv
2026,6,יום חול,3600,,8663,18:32:00,,,to_tlv
2026,6,יום חול,9200,,665,18:32:00,,,from_tlv
2026,6,יום חול,9200,,8665,18:32:00,,,from_tlv
2026,6,יום חול,1840,,420,18:33:00,,,to_tlv
2026,6,יום חול,2100,,425,18:33:00,,,from_tlv
2026,6,יום חול,2960,,662,18:33:00,,,to_tlv
2026,6,יום חול,3500,,760,18:33:00,,,to_tlv
2026,6,יום חול,2960,,8662,18:33:00,,,to_tlv
2026,6,יום חול,4900,,269,18:33:00,,,to_tlv
2026,6,יום חול,5800,,668,18:33:00,,,from_tlv
2026,6,יום חול,9700,,670,18:33:00,,,from_tlv
2026,6,יום חול,9700,,657,18:33:00,,,to_tlv
2026,6,יום חול,1840,,467,18:34:00,,,from_tlv
2026,6,יום חול,3500,,527,18:34:00,,,from_tlv
2026,6,יום חול,4600,,125,18:34:00,,,to_tlv
2026,6,יום חול,4100,,8664,18:34:00,,,to_tlv
2026,6,יום חול,4100,,664,18:34:00,,,to_tlv
2026,6,יום חול,4600,,526,18:34:00,,,to_tlv
2026,6,יום חול,7300,,426,18:34:00,,,from_tlv
2026,6,יום חול,5200,,976,18:34:00,,,from_tlv
2026,6,יום חול,7320,,672,18:34:00,,,from_tlv
2026,6,יום חול,8800,,873,18:34:00,,,from_tlv
2026,6,יום חול,9800,,661,18:34:00,,,to_tlv
2026,6,יום חול,9800,,8661,18:34:00,,,to_tlv
2026,6,יום חול,680,,585,18:35:00,,,to_tlv
2026,6,יום חול,300,,173,18:35:00,,,from_tlv
2026,6,יום חול,700,,177,18:35:00,,,from_tlv
2026,6,יום חול,2100,,174,18:35:00,,,to_tlv
2026,6,יום חול,1500,,47,18:35:00,,,from_tlv
2026,6,יום חול,3600,,272,18:35:00,,,to_tlv
2026,6,יום חול,3400,,271,18:35:00,,,from_tlv
2026,6,יום חול,3700,,765,18:35:00,,,to_tlv
2026,6,יום חול,3600,,423,18:35:00,,,to_tlv
2026,6,יום חול,4600,,338,18:35:00,,,to_tlv
2026,6,יום חול,4900,,424,18:35:00,,,to_tlv
2026,6,יום חול,5800,,8668,18:35:00,,,from_tlv
2026,6,יום חול,8700,,8665,18:35:00,,,from_tlv
2026,6,יום חול,8600,,126,18:35:00,,,from_tlv
2026,6,יום חול,8700,,665,18:35:00,,,from_tlv
2026,6,יום חול,2300,,127,18:36:00,,,from_tlv
2026,6,יום חול,2200,,90,18:36:00,,,to_tlv
2026,6,יום חול,5000,,43,18:36:00,,,to_tlv
2026,6,יום חול,6900,,46,18:36:00,,,from_tlv
2026,6,יום חול,5000,,274,18:36:00,,,from_tlv
2026,6,יום חול,9800,,666,18:36:00,,,from_tlv
2026,6,יום חול,9800,,8666,18:36:00,,,from_tlv
2026,6,יום חול,2800,,273,18:37:00,,,from_tlv
2026,6,יום חול,3300,,974,18:37:00,,,to_tlv
2026,6,יום חול,2940,,662,18:37:00,,,to_tlv
2026,6,יום חול,2940,,8662,18:37:00,,,to_tlv
2026,6,יום חול,3700,,663,18:37:00,,,to_tlv
2026,6,יום חול,3700,,8663,18:37:00,,,to_tlv
2026,6,יום חול,4310,,872,18:37:00,,,to_tlv
2026,6,יום חול,5150,,979,18:37:00,,,to_tlv
2026,6,יום חול,6300,,525,18:37:00,,,to_tlv
2026,6,יום חול,1250,,88,18:38:00,,,to_tlv
2026,6,יום חול,1400,,42,18:38:00,,,to_tlv
2026,6,יום חול,2200,,425,18:38:00,,,from_tlv
2026,6,יום חול,3700,,338,18:38:00,,,to_tlv
2026,6,יום חול,3700,,526,18:38:00,,,to_tlv
2026,6,יום חול,9600,,659,18:38:00,,,to_tlv
2026,6,יום חול,1300,,177,18:39:00,,,to_tlv
2026,6,יום חול,680,,764,18:39:00,,,to_tlv
2026,6,יום חול,2500,,89,18:39:00,,,from_tlv
2026,6,יום חול,1600,,122,18:39:00,,,to_tlv
2026,6,יום חול,4170,,8664,18:39:00,,,to_tlv
2026,6,יום חול,4600,,765,18:39:00,,,to_tlv
2026,6,יום חול,4170,,664,18:39:00,,,to_tlv
2026,6,יום חול,4900,,125,18:39:00,,,to_tlv
2026,6,יום חול,5410,,267,18:39:00,,,to_tlv
2026,6,יום חול,2100,,90,18:40:00,,,to_tlv
2026,6,יום חול,3100,,270,18:40:00,,,to_tlv
2026,6,יום חול,3700,,423,18:40:00,,,to_tlv
2026,6,יום חול,4680,,8666,18:40:00,,,from_tlv
2026,6,יום חול,4600,,424,18:40:00,,,to_tlv
2026,6,יום חול,4680,,666,18:40:00,,,from_tlv
2026,6,יום חול,4900,,762,18:40:00,,,to_tlv
2026,6,יום חול,2300,,422,18:41:00,,,to_tlv
2026,6,יום חול,2820,,273,18:41:00,,,from_tlv
2026,6,יום חול,1820,,467,18:41:00,,,from_tlv
2026,6,יום חול,3600,,527,18:41:00,,,to_tlv
2026,6,יום חול,4600,,663,18:41:00,,,to_tlv
2026,6,יום חול,4600,,8663,18:41:00,,,to_tlv
2026,6,יום חול,7300,,41,18:41:00,,,to_tlv
2026,6,יום חול,7320,,48,18:41:00,,,from_tlv
2026,6,יום חול,8800,,8665,18:41:00,,,from_tlv
2026,6,יום חול,7300,,672,18:41:00,,,from_tlv
2026,6,יום חול,8800,,665,18:41:00,,,from_tlv
2026,6,יום חול,1820,,464,18:42:00,,,to_tlv
2026,6,יום חול,4660,,666,18:42:00,,,from_tlv
2026,6,יום חול,5000,,979,18:42:00,,,to_tlv
2026,6,יום חול,4660,,8666,18:42:00,,,from_tlv
2026,6,יום חול,4800,,269,18:42:00,,,to_tlv
2026,6,יום חול,5010,,43,18:42:00,,,to_tlv
2026,6,יום חול,9650,,670,18:42:00,,,from_tlv
2026,6,יום חול,1220,,174,18:43:00,,,to_tlv
2026,6,יום חול,3500,,272,18:43:00,,,to_tlv
2026,6,יום חול,3600,,526,18:43:00,,,to_tlv
2026,6,יום חול,3500,,271,18:43:00,,,from_tlv
2026,6,יום חול,3500,,662,18:43:00,,,to_tlv
2026,6,יום חול,3500,,8662,18:43:00,,,to_tlv
2026,6,יום חול,3600,,338,18:43:00,,,to_tlv
2026,6,יום חול,4800,,274,18:43:00,,,from_tlv
2026,6,יום חול,5000,,976,18:43:00,,,from_tlv
2026,6,יום חול,9000,,8661,18:43:00,,,to_tlv
2026,6,יום חול,9000,,661,18:43:00,,,to_tlv
2026,6,יום חול,9800,,340,18:43:00,,,from_tlv
2026,6,יום חול,400,,173,18:44:00,,,to_tlv
2026,6,יום חול,1220,,177,18:44:00,,,from_tlv
2026,6,יום חול,2300,,425,18:44:00,,,from_tlv
2026,6,יום חול,4300,,872,18:44:00,,,to_tlv
2026,6,יום חול,4250,,8664,18:44:00,,,to_tlv
2026,6,יום חול,4250,,664,18:44:00,,,to_tlv
2026,6,יום חול,9000,,8668,18:44:00,,,from_tlv
2026,6,יום חול,9000,,668,18:44:00,,,from_tlv
2026,6,יום חול,1260,,91,18:45:00,,,from_tlv
2026,6,יום חול,1400,,47,18:45:00,,,from_tlv
2026,6,יום חול,3700,,424,18:45:00,,,to_tlv
2026,6,יום חול,4600,,762,18:45:00,,,to_tlv
2026,6,יום חול,4600,,423,18:45:00,,,to_tlv
2026,6,יום חול,4300,,875,18:45:00,,,to_tlv
2026,6,יום חול,4900,,765,18:45:00,,,to_tlv
2026,6,יום חול,4900,,8663,18:45:00,,,to_tlv
2026,6,יום חול,4900,,663,18:45:00,,,to_tlv
2026,6,יום חול,4900,,666,18:45:00,,,to_tlv
2026,6,יום חול,4690,,340,18:45:00,,,from_tlv
2026,6,יום חול,3700,,527,18:46:00,,,to_tlv
2026,6,יום חול,4900,,126,18:46:00,,,to_tlv
2026,6,יום חול,5010,,46,18:46:00,,,from_tlv
2026,6,יום חול,1260,,88,18:47:00,,,to_tlv
2026,6,יום חול,3100,,273,18:47:00,,,from_tlv
2026,6,יום חול,4250,,665,18:47:00,,,from_tlv
2026,6,יום חול,4250,,8665,18:47:00,,,from_tlv
2026,6,יום חול,4900,,666,18:47:00,,,to_tlv
2026,6,יום חול,9650,,659,18:47:00,,,to_tlv
2026,6,יום חול,4900,,8666,18:47:00,,,to_tlv
2026,6,יום חול,1300,,174,18:48:00,,,to_tlv
2026,6,יום חול,1600,,129,18:48:00,,,from_tlv
2026,6,יום חול,400,,178,18:48:00,,,from_tlv
2026,6,יום חול,2820,,270,18:48:00,,,to_tlv
2026,6,יום חול,2200,,422,18:48:00,,,to_tlv
2026,6,יום חול,1500,,42,18:48:00,,,to_tlv
2026,6,יום חול,4680,,340,18:48:00,,,from_tlv
2026,6,יום חול,5800,,267,18:48:00,,,to_tlv
2026,6,יום חול,5800,,267,18:48:00,,,to_tlv
2026,6,יום חול,7300,,657,18:48:00,,,to_tlv
2026,6,יום חול,7300,,48,18:48:00,,,from_tlv
2026,6,יום חול,2300,,124,18:49:00,,,to_tlv
2026,6,יום חול,3500,,8667,18:49:00,,,from_tlv
2026,6,יום חול,3500,,667,18:49:00,,,from_tlv
2026,6,יום חול,3600,,271,18:49:00,,,to_tlv
2026,6,יום חול,4100,,338,18:49:00,,,to_tlv
2026,6,יום חול,5000,,269,18:49:00,,,to_tlv
2026,6,יום חול,6300,,528,18:49:00,,,from_tlv
2026,6,יום חול,5150,,976,18:49:00,,,from_tlv
2026,6,יום חול,8800,,8664,18:49:00,,,to_tlv
2026,6,יום חול,8800,,664,18:49:00,,,to_tlv
2026,6,יום חול,3300,,981,18:50:00,,,from_tlv
2026,6,יום חול,3700,,762,18:50:00,,,to_tlv
2026,6,יום חול,3600,,424,18:50:00,,,to_tlv
2026,6,יום חול,4600,,666,18:50:00,,,to_tlv
2026,6,יום חול,4600,,527,18:50:00,,,to_tlv
2026,6,יום חול,4660,,663,18:50:00,,,to_tlv
2026,6,יום חול,4660,,8663,18:50:00,,,to_tlv
2026,6,יום חול,4900,,423,18:50:00,,,to_tlv
2026,6,יום חול,7320,,41,18:50:00,,,to_tlv
2026,6,יום חול,8600,,125,18:50:00,,,to_tlv
2026,6,יום חול,9100,,926,18:50:00,,,from_tlv
2026,6,יום חול,3500,,526,18:51:00,,,to_tlv
2026,6,יום חול,4600,,126,18:51:00,,,to_tlv
2026,6,יום חול,4900,,274,18:51:00,,,to_tlv
2026,6,יום חול,5000,,46,18:51:00,,,from_tlv
2026,6,יום חול,6900,,43,18:51:00,,,to_tlv
2026,6,יום חול,680,,763,18:52:00,,,to_tlv
2026,6,יום חול,700,,174,18:52:00,,,to_tlv
2026,6,יום חול,1400,,467,18:52:00,,,from_tlv
2026,6,יום חול,2100,,422,18:52:00,,,to_tlv
2026,6,יום חול,2100,,177,18:52:00,,,from_tlv
2026,6,יום חול,3400,,272,18:52:00,,,to_tlv
2026,6,יום חול,4170,,8665,18:52:00,,,from_tlv
2026,6,יום חול,4310,,875,18:52:00,,,to_tlv
2026,6,יום חול,4600,,666,18:52:00,,,to_tlv
2026,6,יום חול,4170,,665,18:52:00,,,from_tlv
2026,6,יום חול,4600,,8666,18:52:00,,,to_tlv
2026,6,יום חול,4680,,8663,18:52:00,,,to_tlv
2026,6,יום חול,4680,,663,18:52:00,,,to_tlv
2026,6,יום חול,9600,,670,18:52:00,,,from_tlv
2026,6,יום חול,1220,,47,18:53:00,,,from_tlv
2026,6,יום חול,2800,,270,18:53:00,,,to_tlv
2026,6,יום חול,3700,,666,18:53:00,,,to_tlv
2026,6,יום חול,4660,,340,18:53:00,,,from_tlv
2026,6,יום חול,5200,,979,18:53:00,,,to_tlv
2026,6,יום חול,1250,,91,18:54:00,,,from_tlv
2026,6,יום חול,300,,178,18:54:00,,,to_tlv
2026,6,יום חול,2940,,8667,18:54:00,,,from_tlv
2026,6,יום חול,2940,,667,18:54:00,,,from_tlv
2026,6,יום חול,3500,,767,18:54:00,,,from_tlv
2026,6,יום חול,3600,,175,18:54:00,,,to_tlv
2026,6,יום חול,3700,,271,18:54:00,,,to_tlv
2026,6,יום חול,4170,,338,18:54:00,,,to_tlv
2026,6,יום חול,7300,,421,18:54:00,,,to_tlv
2026,6,יום חול,5800,,8661,18:54:00,,,to_tlv
2026,6,יום חול,5800,,661,18:54:00,,,to_tlv
2026,6,יום חול,700,,467,18:55:00,,,from_tlv
2026,6,יום חול,1400,,174,18:55:00,,,to_tlv
2026,6,יום חול,1500,,129,18:55:00,,,from_tlv
2026,6,יום חול,2500,,92,18:55:00,,,to_tlv
2026,6,יום חול,3400,,981,18:55:00,,,from_tlv
2026,6,יום חול,3600,,762,18:55:00,,,to_tlv
2026,6,יום חול,3700,,666,18:55:00,,,to_tlv
2026,6,יום חול,3700,,8666,18:55:00,,,to_tlv
2026,6,יום חול,4900,,527,18:55:00,,,to_tlv
2026,6,יום חול,8700,,664,18:55:00,,,to_tlv
2026,6,יום חול,9800,,8668,18:55:00,,,from_tlv
2026,6,יום חול,8700,,8664,18:55:00,,,to_tlv
2026,6,יום חול,9700,,672,18:55:00,,,from_tlv
2026,6,יום חול,9800,,668,18:55:00,,,from_tlv
2026,6,יום חול,2800,,127,18:56:00,,,from_tlv
2026,6,יום חול,1840,,464,18:56:00,,,to_tlv
2026,6,יום חול,2200,,124,18:56:00,,,to_tlv
2026,6,יום חול,3310,,272,18:56:00,,,to_tlv
2026,6,יום חול,3700,,126,18:56:00,,,to_tlv
2026,6,יום חול,4600,,274,18:56:00,,,to_tlv
2026,6,יום חול,4640,,340,18:56:00,,,from_tlv
2026,6,יום חול,5300,,269,18:56:00,,,to_tlv
2026,6,יום חול,5200,,276,18:56:00,,,from_tlv
2026,6,יום חול,9800,,8663,18:56:00,,,to_tlv
2026,6,יום חול,9700,,659,18:56:00,,,to_tlv
2026,6,יום חול,9800,,663,18:56:00,,,to_tlv
2026,6,יום חול,8600,,765,18:56:00,,,to_tlv
2026,6,יום חול,1240,,90,18:57:00,,,to_tlv
2026,6,יום חול,2200,,177,18:57:00,,,from_tlv
2026,6,יום חול,2300,,466,18:57:00,,,to_tlv
2026,6,יום חול,3500,,45,18:57:00,,,from_tlv
2026,6,יום חול,3300,,273,18:57:00,,,from_tlv
2026,6,יום חול,4100,,8665,18:57:00,,,from_tlv
2026,6,יום חול,4100,,665,18:57:00,,,from_tlv
2026,6,יום חול,8800,,874,18:57:00,,,to_tlv
2026,6,יום חול,7000,,426,18:57:00,,,from_tlv
2026,6,יום חול,7320,,657,18:57:00,,,to_tlv
2026,6,יום חול,1600,,42,18:58:00,,,to_tlv
2026,6,יום חול,2960,,8667,18:58:00,,,from_tlv
2026,6,יום חול,2960,,667,18:58:00,,,from_tlv
2026,6,יום חול,3600,,666,18:58:00,,,to_tlv
2026,6,יום חול,4600,,271,18:58:00,,,to_tlv
2026,6,יום חול,5900,,267,18:58:00,,,to_tlv
2026,6,יום חול,9200,,664,18:58:00,,,to_tlv
2026,6,יום חול,9200,,8664,18:58:00,,,to_tlv
2026,6,יום חול,680,,588,18:59:00,,,to_tlv
2026,6,יום חול,1300,,467,18:59:00,,,to_tlv
2026,6,יום חול,3700,,175,18:59:00,,,to_tlv
2026,6,יום חול,3500,,424,18:59:00,,,to_tlv
2026,6,יום חול,4250,,338,18:59:00,,,to_tlv
2026,6,יום חול,3900,,872,18:59:00,,,to_tlv
2026,6,יום חול,4690,,668,18:59:00,,,from_tlv
2026,6,יום חול,4690,,8668,18:59:00,,,from_tlv
2026,6,יום חול,5000,,926,18:59:00,,,from_tlv
2026,6,יום חול,4900,,976,18:59:00,,,to_tlv
2026,6,יום חול,8550,,48,18:59:00,,,from_tlv
2026,6,יום חול,8600,,764,18:59:00,,,from_tlv
2026,6,יום חול,1220,,422,19:00:00,,,to_tlv
2026,6,יום חול,1280,,88,19:00:00,,,to_tlv
2026,6,יום חול,2100,,124,19:00:00,,,to_tlv
2026,6,יום חול,3600,,666,19:00:00,,,to_tlv
2026,6,יום חול,3600,,767,19:00:00,,,to_tlv
2026,6,יום חול,3600,,8666,19:00:00,,,to_tlv
2026,6,יום חול,3700,,274,19:00:00,,,to_tlv
2026,6,יום חול,4900,,340,19:00:00,,,to_tlv
2026,6,יום חול,5900,,278,19:00:00,,,from_tlv
2026,6,יום חול,5300,,276,19:00:00,,,from_tlv
2026,6,יום חול,6150,,43,19:00:00,,,to_tlv
2026,6,יום חול,1240,,91,19:01:00,,,from_tlv
2026,6,יום חול,2100,,47,19:01:00,,,from_tlv
2026,6,יום חול,2800,,176,19:01:00,,,to_tlv
2026,6,יום חול,2960,,8664,19:01:00,,,to_tlv
2026,6,יום חול,3300,,272,19:01:00,,,to_tlv
2026,6,יום חול,2960,,664,19:01:00,,,to_tlv
2026,6,יום חול,3400,,526,19:01:00,,,to_tlv
2026,6,יום חול,3600,,126,19:01:00,,,to_tlv
2026,6,יום חול,5200,,269,19:01:00,,,to_tlv
2026,6,יום חול,3310,,273,19:02:00,,,from_tlv
2026,6,יום חול,3600,,8665,19:02:00,,,to_tlv
2026,6,יום חול,3600,,665,19:02:00,,,to_tlv
2026,6,יום חול,3900,,877,19:02:00,,,to_tlv
2026,6,יום חול,4680,,8668,19:02:00,,,from_tlv
2026,6,יום חול,4680,,668,19:02:00,,,from_tlv
2026,6,יום חול,5200,,269,19:02:00,,,to_tlv
2026,6,יום חול,9650,,672,19:02:00,,,from_tlv
2026,6,יום חול,9200,,667,19:02:00,,,from_tlv
2026,6,יום חול,9200,,8667,19:02:00,,,from_tlv
2026,6,יום חול,1220,,467,19:03:00,,,from_tlv
2026,6,יום חול,2200,,466,19:03:00,,,to_tlv
2026,6,יום חול,2300,,177,19:03:00,,,from_tlv
2026,6,יום חול,2300,,92,19:03:00,,,to_tlv
2026,6,יום חול,3500,,762,19:03:00,,,to_tlv
2026,6,יום חול,4900,,271,19:03:00,,,to_tlv
2026,6,יום חול,7320,,421,19:03:00,,,to_tlv
2026,6,יום חול,1500,,174,19:04:00,,,to_tlv
2026,6,יום חול,3500,,981,19:04:00,,,from_tlv
2026,6,יום חול,4100,,666,19:04:00,,,to_tlv
2026,6,יום חול,4600,,175,19:04:00,,,to_tlv
2026,6,יום חול,4600,,976,19:04:00,,,to_tlv
2026,6,יום חול,5900,,670,19:04:00,,,from_tlv
2026,6,יום חול,5000,,423,19:04:00,,,to_tlv
2026,6,יום חול,5900,,670,19:04:00,,,from_tlv
2026,6,יום חול,8800,,338,19:04:00,,,to_tlv
2026,6,יום חול,5900,,661,19:04:00,,,to_tlv
2026,6,יום חול,8800,,875,19:04:00,,,from_tlv
2026,6,יום חול,300,,125,19:05:00,,,from_tlv
2026,6,יום חול,1400,,129,19:05:00,,,from_tlv
2026,6,יום חול,3400,,273,19:05:00,,,from_tlv
2026,6,יום חול,3600,,45,19:05:00,,,to_tlv
2026,6,יום חול,2940,,664,19:05:00,,,to_tlv
2026,6,יום חול,2940,,8664,19:05:00,,,to_tlv
2026,6,יום חול,3700,,767,19:05:00,,,to_tlv
2026,6,יום חול,3600,,274,19:05:00,,,to_tlv
2026,6,יום חול,4600,,340,19:05:00,,,to_tlv
2026,6,יום חול,4900,,46,19:05:00,,,to_tlv
2026,6,יום חול,5150,,527,19:05:00,,,to_tlv
2026,6,יום חול,9000,,663,19:05:00,,,to_tlv
2026,6,יום חול,8700,,8667,19:05:00,,,from_tlv
2026,6,יום חול,8600,,178,19:05:00,,,from_tlv
2026,6,יום חול,8700,,667,19:05:00,,,from_tlv
2026,6,יום חול,9000,,8663,19:05:00,,,to_tlv
2026,6,יום חול,400,,589,19:06:00,,,to_tlv
2026,6,יום חול,2200,,47,19:06:00,,,from_tlv
2026,6,יום חול,4100,,8666,19:06:00,,,to_tlv
2026,6,יום חול,4100,,666,19:06:00,,,to_tlv
2026,6,יום חול,5900,,661,19:06:00,,,to_tlv
2026,6,יום חול,5000,,276,19:06:00,,,from_tlv
2026,6,יום חול,1400,,422,19:07:00,,,to_tlv
2026,6,יום חול,2800,,275,19:07:00,,,from_tlv
2026,6,יום חול,2100,,466,19:07:00,,,to_tlv
2026,6,יום חול,3700,,665,19:07:00,,,to_tlv
2026,6,יום חול,3700,,8665,19:07:00,,,to_tlv
2026,6,יום חול,4660,,668,19:07:00,,,from_tlv
2026,6,יום חול,4310,,874,19:07:00,,,to_tlv
2026,6,יום חול,4660,,8668,19:07:00,,,from_tlv
2026,6,יום חול,700,,129,19:08:00,,,from_tlv
2026,6,יום חול,1220,,124,19:08:00,,,to_tlv
2026,6,יום חול,3300,,526,19:08:00,,,to_tlv
2026,6,יום חול,3100,,425,19:08:00,,,from_tlv
2026,6,יום חול,3700,,340,19:08:00,,,to_tlv
2026,6,יום חול,3700,,976,19:08:00,,,to_tlv
2026,6,יום חול,5800,,278,19:08:00,,,from_tlv
2026,6,יום חול,5010,,528,19:08:00,,,from_tlv
2026,6,יום חול,680,,766,19:09:00,,,to_tlv
2026,6,יום חול,1250,,90,19:09:00,,,to_tlv
2026,6,יום חול,2200,,92,19:09:00,,,to_tlv
2026,6,יום חול,4600,,767,19:09:00,,,to_tlv
2026,6,יום חול,4170,,666,19:09:00,,,to_tlv
2026,6,יום חול,4900,,175,19:09:00,,,to_tlv
2026,6,יום חול,3100,,272,19:10:00,,,to_tlv
2026,6,יום חול,3700,,45,19:10:00,,,to_tlv
2026,6,יום חול,4600,,46,19:10:00,,,to_tlv
2026,6,יום חול,4900,,764,19:10:00,,,to_tlv
2026,6,יום חול,5410,,269,19:10:00,,,to_tlv
2026,6,יום חול,5800,,278,19:10:00,,,from_tlv
2026,6,יום חול,8700,,338,19:10:00,,,to_tlv
2026,6,יום חול,1230,,91,19:11:00,,,from_tlv
2026,6,יום חול,2100,,467,19:11:00,,,from_tlv
2026,6,יום חול,2820,,275,19:11:00,,,from_tlv
2026,6,יום חול,3500,,8664,19:11:00,,,to_tlv
2026,6,יום חול,3600,,981,19:11:00,,,to_tlv
2026,6,יום חול,3500,,664,19:11:00,,,to_tlv
2026,6,יום חול,4600,,665,19:11:00,,,to_tlv
2026,6,יום חול,4170,,8666,19:11:00,,,to_tlv
2026,6,יום חול,4640,,8668,19:11:00,,,from_tlv
2026,6,יום חול,4170,,666,19:11:00,,,to_tlv
2026,6,יום חול,4600,,8665,19:11:00,,,to_tlv
2026,6,יום חול,4640,,668,19:11:00,,,from_tlv
2026,6,יום חול,5000,,527,19:11:00,,,to_tlv
2026,6,יום חול,5410,,269,19:11:00,,,to_tlv
2026,6,יום חול,8800,,667,19:11:00,,,from_tlv
2026,6,יום חול,9600,,672,19:11:00,,,from_tlv
2026,6,יום חול,8800,,8667,19:11:00,,,from_tlv
2026,6,יום חול,1300,,129,19:12:00,,,to_tlv
2026,6,יום חול,2300,,44,19:12:00,,,to_tlv
2026,6,יום חול,2300,,47,19:12:00,,,from_tlv
2026,6,יום חול,4800,,271,19:12:00,,,to_tlv
2026,6,יום חול,7000,,43,19:12:00,,,to_tlv
2026,6,יום חול,7300,,659,19:12:00,,,to_tlv
2026,6,יום חול,7320,,674,19:12:00,,,from_tlv
2026,6,יום חול,300,,589,19:13:00,,,from_tlv
2026,6,יום חול,1300,,124,19:13:00,,,to_tlv
2026,6,יום חול,2100,,92,19:13:00,,,to_tlv
2026,6,יום חול,1600,,174,19:13:00,,,to_tlv
2026,6,יום חול,2500,,177,19:13:00,,,from_tlv
2026,6,יום חול,3500,,273,19:13:00,,,from_tlv
2026,6,יום חול,3500,,274,19:13:00,,,to_tlv
2026,6,יום חול,3600,,340,19:13:00,,,to_tlv
2026,6,יום חול,3600,,976,19:13:00,,,to_tlv
2026,6,יום חול,4800,,276,19:13:00,,,from_tlv
2026,6,יום חול,5000,,528,19:13:00,,,from_tlv
2026,6,יום חול,9200,,338,19:13:00,,,to_tlv
2026,6,יום חול,400,,125,19:14:00,,,to_tlv
2026,6,יום חול,2500,,176,19:14:00,,,to_tlv
2026,6,יום חול,4250,,666,19:14:00,,,to_tlv
2026,6,יום חול,4300,,874,19:14:00,,,to_tlv
2026,6,יום חול,5800,,670,19:14:00,,,from_tlv
2026,6,יום חול,1220,,466,19:15:00,,,to_tlv
2026,6,יום חול,1600,,179,19:15:00,,,from_tlv
2026,6,יום חול,3700,,46,19:15:00,,,to_tlv
2026,6,יום חול,4600,,764,19:15:00,,,to_tlv
2026,6,יום חול,4300,,877,19:15:00,,,to_tlv
2026,6,יום חול,4600,,45,19:15:00,,,to_tlv
2026,6,יום חול,4900,,665,19:15:00,,,to_tlv
2026,6,יום חול,4900,,668,19:15:00,,,to_tlv
2026,6,יום חול,4900,,767,19:15:00,,,to_tlv
2026,6,יום חול,4900,,8665,19:15:00,,,to_tlv
2026,6,יום חול,4900,,8668,19:15:00,,,to_tlv
2026,6,יום חול,7000,,48,19:15:00,,,from_tlv
2026,6,יום חול,1260,,90,19:16:00,,,to_tlv
2026,6,יום חול,300,,588,19:16:00,,,to_tlv
2026,6,יום חול,2200,,467,19:16:00,,,from_tlv
2026,6,יום חול,2960,,338,19:16:00,,,to_tlv
2026,6,יום חול,4250,,666,19:16:00,,,to_tlv
2026,6,יום חול,3700,,981,19:16:00,,,to_tlv
2026,6,יום חול,4250,,8666,19:16:00,,,to_tlv
2026,6,יום חול,4900,,178,19:16:00,,,to_tlv
2026,6,יום חול,5800,,8670,19:16:00,,,from_tlv
2026,6,יום חול,5800,,8663,19:16:00,,,to_tlv
2026,6,יום חול,5000,,927,19:16:00,,,to_tlv
2026,6,יום חול,5010,,527,19:16:00,,,to_tlv
2026,6,יום חול,5800,,663,19:16:00,,,to_tlv
2026,6,יום חול,9600,,661,19:16:00,,,to_tlv
2026,6,יום חול,1220,,129,19:17:00,,,from_tlv
2026,6,יום חול,700,,124,19:17:00,,,to_tlv
2026,6,יום חול,3100,,275,19:17:00,,,from_tlv
2026,6,יום חול,4250,,667,19:17:00,,,from_tlv
2026,6,יום חול,4250,,8667,19:17:00,,,from_tlv
2026,6,יום חול,400,,128,19:18:00,,,from_tlv
2026,6,יום חול,2100,,91,19:18:00,,,from_tlv
2026,6,יום חול,2820,,272,19:18:00,,,to_tlv
2026,6,יום חול,3100,,424,19:18:00,,,to_tlv
2026,6,יום חול,5410,,278,19:18:00,,,from_tlv
2026,6,יום חול,2200,,44,19:19:00,,,to_tlv
2026,6,יום חול,3500,,669,19:19:00,,,from_tlv
2026,6,יום חול,3300,,529,19:19:00,,,from_tlv
2026,6,יום חול,3500,,8669,19:19:00,,,from_tlv
2026,6,יום חול,3600,,273,19:19:00,,,to_tlv
2026,6,יום חול,4100,,340,19:19:00,,,to_tlv
2026,6,יום חול,5000,,271,19:19:00,,,to_tlv
2026,6,יום חול,5800,,269,19:19:00,,,to_tlv
2026,6,יום חול,8800,,666,19:19:00,,,to_tlv
2026,6,יום חול,5150,,528,19:19:00,,,from_tlv
2026,6,יום חול,7300,,674,19:19:00,,,from_tlv
2026,6,יום חול,1300,,466,19:20:00,,,to_tlv
2026,6,יום חול,1230,,92,19:20:00,,,to_tlv
2026,6,יום חול,1400,,124,19:20:00,,,to_tlv
2026,6,יום חול,1820,,422,19:20:00,,,to_tlv
2026,6,יום חול,3600,,46,19:20:00,,,to_tlv
2026,6,יום חול,2940,,338,19:20:00,,,to_tlv
2026,6,יום חול,3700,,764,19:20:00,,,to_tlv
2026,6,יום חול,4600,,8668,19:20:00,,,to_tlv
2026,6,יום חול,4640,,665,19:20:00,,,to_tlv
2026,6,יום חול,4600,,668,19:20:00,,,to_tlv
2026,6,יום חול,4900,,45,19:20:00,,,to_tlv
2026,6,יום חול,4640,,8665,19:20:00,,,to_tlv
2026,6,יום חול,5800,,269,19:20:00,,,to_tlv
2026,6,יום חול,5800,,269,19:20:00,,,to_tlv
2026,6,יום חול,8600,,175,19:20:00,,,to_tlv
2026,6,יום חול,3500,,976,19:21:00,,,to_tlv
2026,6,יום חול,4600,,178,19:21:00,,,to_tlv
2026,6,יום חול,4600,,981,19:21:00,,,to_tlv
2026,6,יום חול,4900,,276,19:21:00,,,to_tlv
2026,6,יום חול,7320,,659,19:21:00,,,to_tlv
2026,6,יום חול,8800,,666,19:21:00,,,to_tlv
2026,6,יום חול,8800,,8666,19:21:00,,,to_tlv
2026,6,יום חול,1500,,179,19:22:00,,,from_tlv
2026,6,יום חול,680,,765,19:22:00,,,to_tlv
2026,6,יום חול,3400,,274,19:22:00,,,to_tlv
2026,6,יום חול,4170,,667,19:22:00,,,from_tlv
2026,6,יום חול,4170,,8667,19:22:00,,,from_tlv
2026,6,יום חול,4310,,877,19:22:00,,,to_tlv
2026,6,יום חול,5000,,426,19:22:00,,,from_tlv
2026,6,יום חול,2800,,272,19:23:00,,,to_tlv
2026,6,יום חול,2100,,44,19:23:00,,,to_tlv
2026,6,יום חול,2200,,91,19:23:00,,,from_tlv
2026,6,יום חול,3700,,668,19:23:00,,,to_tlv
2026,6,יום חול,3700,,8668,19:23:00,,,to_tlv
2026,6,יום חול,4660,,8665,19:23:00,,,to_tlv
2026,6,יום חול,4660,,665,19:23:00,,,to_tlv
2026,6,יום חול,5900,,672,19:23:00,,,from_tlv
2026,6,יום חול,5900,,672,19:23:00,,,from_tlv
2026,6,יום חול,400,,588,19:24:00,,,from_tlv
2026,6,יום חול,300,,128,19:24:00,,,to_tlv
2026,6,יום חול,700,,466,19:24:00,,,to_tlv
2026,6,יום חול,2300,,176,19:24:00,,,to_tlv
2026,6,יום חול,2300,,467,19:24:00,,,from_tlv
2026,6,יום חול,2940,,8669,19:24:00,,,from_tlv
2026,6,יום חול,2940,,669,19:24:00,,,from_tlv
2026,6,יום חול,3600,,127,19:24:00,,,to_tlv
2026,6,יום חול,3700,,273,19:24:00,,,to_tlv
2026,6,יום חול,3500,,769,19:24:00,,,from_tlv
2026,6,יום חול,4170,,340,19:24:00,,,to_tlv
2026,6,יום חול,5200,,278,19:24:00,,,from_tlv
2026,6,יום חול,9650,,661,19:24:00,,,to_tlv
2026,6,יום חול,2100,,129,19:25:00,,,from_tlv
2026,6,יום חול,3400,,529,19:25:00,,,from_tlv
2026,6,יום חול,3600,,764,19:25:00,,,to_tlv
2026,6,יום חול,9000,,670,19:25:00,,,from_tlv
2026,6,יום חול,8700,,666,19:25:00,,,to_tlv
2026,6,יום חול,9100,,927,19:25:00,,,to_tlv
2026,6,יום חול,9000,,8670,19:25:00,,,from_tlv
2026,6,יום חול,2800,,177,19:26:00,,,from_tlv
2026,6,יום חול,3310,,274,19:26:00,,,to_tlv
2026,6,יום חול,3500,,338,19:26:00,,,to_tlv
2026,6,יום חול,3700,,178,19:26:00,,,to_tlv
2026,6,יום חול,4600,,276,19:26:00,,,to_tlv
2026,6,יום חול,5900,,663,19:26:00,,,to_tlv
2026,6,יום חול,4900,,981,19:26:00,,,to_tlv
2026,6,יום חול,5300,,271,19:26:00,,,to_tlv
2026,6,יום חול,8600,,767,19:26:00,,,to_tlv
2026,6,יום חול,1400,,466,19:27:00,,,to_tlv
2026,6,יום חול,3300,,275,19:27:00,,,from_tlv
2026,6,יום חול,3500,,425,19:27:00,,,from_tlv
2026,6,יום חול,4100,,8667,19:27:00,,,from_tlv
2026,6,יום חול,4100,,667,19:27:00,,,from_tlv
2026,6,יום חול,4680,,8665,19:27:00,,,to_tlv
2026,6,יום חול,4680,,665,19:27:00,,,to_tlv
2026,6,יום חול,6150,,48,19:27:00,,,from_tlv
2026,6,יום חול,8700,,666,19:27:00,,,to_tlv
2026,6,יום חול,8800,,876,19:27:00,,,to_tlv
2026,6,יום חול,8700,,8666,19:27:00,,,to_tlv
2026,6,יום חול,2960,,669,19:28:00,,,from_tlv
2026,6,יום חול,2960,,8669,19:28:00,,,from_tlv
2026,6,יום חול,3500,,46,19:28:00,,,to_tlv
2026,6,יום חול,3600,,668,19:28:00,,,to_tlv
2026,6,יום חול,3600,,8668,19:28:00,,,to_tlv
2026,6,יום חול,4600,,273,19:28:00,,,to_tlv
2026,6,יום חול,5900,,663,19:28:00,,,to_tlv
2026,6,יום חול,9200,,666,19:28:00,,,to_tlv
2026,6,יום חול,1500,,124,19:29:00,,,to_tlv
2026,6,יום חול,1280,,90,19:29:00,,,to_tlv
2026,6,יום חול,2300,,91,19:29:00,,,from_tlv
2026,6,יום חול,3700,,127,19:29:00,,,to_tlv
2026,6,יום חול,3900,,874,19:29:00,,,to_tlv
2026,6,יום חול,4250,,340,19:29:00,,,to_tlv
2026,6,יום חול,4900,,528,19:29:00,,,to_tlv
2026,6,יום חול,5900,,269,19:29:00,,,to_tlv
2026,6,יום חול,8600,,766,19:29:00,,,from_tlv
2026,6,יום חול,7000,,423,19:29:00,,,to_tlv
2026,6,יום חול,1240,,92,19:30:00,,,to_tlv
2026,6,יום חול,2200,,129,19:30:00,,,from_tlv
2026,6,יום חול,3400,,976,19:30:00,,,to_tlv
2026,6,יום חול,3600,,769,19:30:00,,,to_tlv
2026,6,יום חול,3700,,276,19:30:00,,,to_tlv
2026,6,יום חול,5300,,278,19:30:00,,,from_tlv
2026,6,יום חול,9200,,666,19:30:00,,,to_tlv
2026,6,יום חול,5900,,269,19:30:00,,,to_tlv
2026,6,יום חול,9200,,8666,19:30:00,,,to_tlv
2026,6,יום חול,1220,,44,19:31:00,,,to_tlv
2026,6,יום חול,1280,,93,19:31:00,,,from_tlv
2026,6,יום חול,2200,,176,19:31:00,,,to_tlv
2026,6,יום חול,2800,,126,19:31:00,,,to_tlv
2026,6,יום חול,2960,,666,19:31:00,,,to_tlv
2026,6,יום חול,3300,,274,19:31:00,,,to_tlv
2026,6,יום חול,3600,,178,19:31:00,,,to_tlv
2026,6,יום חול,4690,,8665,19:31:00,,,to_tlv
2026,6,יום חול,4690,,665,19:31:00,,,to_tlv
2026,6,יום חול,5200,,271,19:31:00,,,to_tlv
2026,6,יום חול,8550,,43,19:31:00,,,to_tlv
2026,6,יום חול,1400,,179,19:32:00,,,from_tlv
2026,6,יום חול,3600,,667,19:32:00,,,to_tlv
2026,6,יום חול,3310,,275,19:32:00,,,from_tlv
2026,6,יום חול,3900,,879,19:32:00,,,to_tlv
2026,6,יום חול,3600,,8667,19:32:00,,,to_tlv
2026,6,יום חול,9200,,669,19:32:00,,,from_tlv
2026,6,יום חול,9200,,8669,19:32:00,,,from_tlv
2026,6,יום חול,1840,,422,19:33:00,,,to_tlv
2026,6,יום חול,2960,,666,19:33:00,,,to_tlv
2026,6,יום חול,2960,,8666,19:33:00,,,to_tlv
2026,6,יום חול,3500,,764,19:33:00,,,to_tlv
2026,6,יום חול,4900,,273,19:33:00,,,to_tlv
2026,6,יום חול,9700,,674,19:33:00,,,from_tlv
2026,6,יום חול,5800,,672,19:33:00,,,from_tlv
2026,6,יום חול,9700,,661,19:33:00,,,to_tlv
2026,6,יום חול,1840,,469,19:34:00,,,from_tlv
2026,6,יום חול,3500,,529,19:34:00,,,from_tlv
2026,6,יום חול,4100,,8668,19:34:00,,,to_tlv
2026,6,יום חול,4100,,668,19:34:00,,,to_tlv
2026,6,יום חול,4600,,127,19:34:00,,,to_tlv
2026,6,יום חול,4600,,528,19:34:00,,,to_tlv
2026,6,יום חול,9800,,665,19:34:00,,,to_tlv
2026,6,יום חול,5200,,978,19:34:00,,,from_tlv
2026,6,יום חול,7320,,676,19:34:00,,,from_tlv
2026,6,יום חול,8800,,877,19:34:00,,,from_tlv
2026,6,יום חול,8800,,340,19:34:00,,,to_tlv
2026,6,יום חול,9800,,8665,19:34:00,,,to_tlv
2026,6,יום חול,700,,179,19:35:00,,,from_tlv
2026,6,יום חול,300,,175,19:35:00,,,from_tlv
2026,6,יום חול,680,,589,19:35:00,,,to_tlv
2026,6,יום חול,2100,,176,19:35:00,,,to_tlv
2026,6,יום חול,3400,,275,19:35:00,,,from_tlv
2026,6,יום חול,2940,,666,19:35:00,,,to_tlv
2026,6,יום חול,3600,,276,19:35:00,,,to_tlv
2026,6,יום חול,3700,,769,19:35:00,,,to_tlv
2026,6,יום חול,3600,,425,19:35:00,,,to_tlv
2026,6,יום חול,4900,,426,19:35:00,,,to_tlv
2026,6,יום חול,5800,,8672,19:35:00,,,from_tlv
2026,6,יום חול,8700,,8669,19:35:00,,,from_tlv
2026,6,יום חול,8700,,669,19:35:00,,,from_tlv
2026,6,יום חול,8600,,128,19:35:00,,,from_tlv
2026,6,יום חול,2300,,129,19:36:00,,,from_tlv
2026,6,יום חול,5000,,278,19:36:00,,,from_tlv
2026,6,יום חול,6900,,48,19:36:00,,,from_tlv
2026,6,יום חול,9800,,8670,19:36:00,,,from_tlv
2026,6,יום חול,9800,,670,19:36:00,,,from_tlv
2026,6,יום חול,5000,,45,19:36:00,,,to_tlv
2026,6,יום חול,2800,,277,19:37:00,,,from_tlv
2026,6,יום חול,2940,,666,19:37:00,,,to_tlv
2026,6,יום חול,2940,,8666,19:37:00,,,to_tlv
2026,6,יום חול,3300,,976,19:37:00,,,to_tlv
2026,6,יום חול,3700,,8667,19:37:00,,,to_tlv
2026,6,יום חול,3700,,667,19:37:00,,,to_tlv
2026,6,יום חול,4310,,876,19:37:00,,,to_tlv
2026,6,יום חול,5150,,981,19:37:00,,,to_tlv
2026,6,יום חול,6300,,527,19:37:00,,,to_tlv
2026,6,יום חול,1250,,92,19:38:00,,,to_tlv
2026,6,יום חול,1400,,44,19:38:00,,,to_tlv
2026,6,יום חול,3700,,528,19:38:00,,,to_tlv
2026,6,יום חול,9600,,663,19:38:00,,,to_tlv
2026,6,יום חול,1300,,179,19:39:00,,,to_tlv
2026,6,יום חול,680,,768,19:39:00,,,to_tlv
2026,6,יום חול,1600,,124,19:39:00,,,to_tlv
2026,6,יום חול,2500,,91,19:39:00,,,from_tlv
2026,6,יום חול,4170,,668,19:39:00,,,to_tlv
2026,6,יום חול,4170,,8668,19:39:00,,,to_tlv
2026,6,יום חול,4600,,769,19:39:00,,,to_tlv
2026,6,יום חול,4900,,127,19:39:00,,,to_tlv
2026,6,יום חול,3100,,274,19:40:00,,,to_tlv
2026,6,יום חול,4600,,426,19:40:00,,,to_tlv
2026,6,יום חול,3700,,425,19:40:00,,,to_tlv
2026,6,יום חול,4680,,670,19:40:00,,,from_tlv
2026,6,יום חול,4680,,8670,19:40:00,,,from_tlv
2026,6,יום חול,4900,,766,19:40:00,,,to_tlv
2026,6,יום חול,8700,,340,19:40:00,,,to_tlv
2026,6,יום חול,2300,,424,19:41:00,,,to_tlv
2026,6,יום חול,1820,,469,19:41:00,,,from_tlv
2026,6,יום חול,3500,,666,19:41:00,,,to_tlv
2026,6,יום חול,2820,,277,19:41:00,,,from_tlv
2026,6,יום חול,3600,,529,19:41:00,,,to_tlv
2026,6,יום חול,4600,,667,19:41:00,,,to_tlv
2026,6,יום חול,4600,,8667,19:41:00,,,to_tlv
2026,6,יום חול,7300,,43,19:41:00,,,to_tlv
2026,6,יום חול,7300,,676,19:41:00,,,from_tlv
2026,6,יום חול,8800,,669,19:41:00,,,from_tlv
2026,6,יום חול,8800,,8669,19:41:00,,,from_tlv
2026,6,יום חול,7320,,50,19:41:00,,,from_tlv
2026,6,יום חול,1820,,466,19:42:00,,,to_tlv
2026,6,יום חול,4660,,670,19:42:00,,,from_tlv
2026,6,יום חול,4660,,8670,19:42:00,,,from_tlv
2026,6,יום חול,4800,,273,19:42:00,,,to_tlv
2026,6,יום חול,5010,,45,19:42:00,,,to_tlv
2026,6,יום חול,5000,,981,19:42:00,,,to_tlv
2026,6,יום חול,9650,,674,19:42:00,,,from_tlv
2026,6,יום חול,1220,,176,19:43:00,,,to_tlv
2026,6,יום חול,3500,,666,19:43:00,,,to_tlv
2026,6,יום חול,3500,,276,19:43:00,,,to_tlv
2026,6,יום חול,3500,,275,19:43:00,,,from_tlv
2026,6,יום חול,3500,,8666,19:43:00,,,to_tlv
2026,6,יום חול,4800,,278,19:43:00,,,from_tlv
2026,6,יום חול,5000,,978,19:43:00,,,from_tlv
2026,6,יום חול,9200,,340,19:43:00,,,to_tlv
2026,6,יום חול,9000,,665,19:43:00,,,to_tlv
2026,6,יום חול,9000,,8665,19:43:00,,,to_tlv
2026,6,יום חול,1220,,179,19:44:00,,,from_tlv
2026,6,יום חול,400,,175,19:44:00,,,to_tlv
2026,6,יום חול,4250,,668,19:44:00,,,to_tlv
2026,6,יום חול,4300,,876,19:44:00,,,to_tlv
2026,6,יום חול,4250,,8668,19:44:00,,,to_tlv
2026,6,יום חול,9000,,8672,19:44:00,,,from_tlv
2026,6,יום חול,9000,,672,19:44:00,,,from_tlv
2026,6,יום חול,1260,,93,19:45:00,,,from_tlv
2026,6,יום חול,4300,,879,19:45:00,,,to_tlv
2026,6,יום חול,4600,,766,19:45:00,,,to_tlv
2026,6,יום חול,3700,,426,19:45:00,,,to_tlv
2026,6,יום חול,4900,,667,19:45:00,,,to_tlv
2026,6,יום חול,4600,,425,19:45:00,,,to_tlv
2026,6,יום חול,4900,,769,19:45:00,,,to_tlv
2026,6,יום חול,4900,,8667,19:45:00,,,to_tlv
2026,6,יום חול,2960,,340,19:46:00,,,to_tlv
2026,6,יום חול,3700,,529,19:46:00,,,to_tlv
2026,6,יום חול,4900,,128,19:46:00,,,to_tlv
2026,6,יום חול,5010,,48,19:46:00,,,from_tlv
2026,6,יום חול,1260,,92,19:47:00,,,to_tlv
2026,6,יום חול,3100,,277,19:47:00,,,from_tlv
2026,6,יום חול,4250,,8669,19:47:00,,,from_tlv
2026,6,יום חול,4250,,669,19:47:00,,,from_tlv
2026,6,יום חול,4900,,670,19:47:00,,,to_tlv
2026,6,יום חול,4900,,8670,19:47:00,,,to_tlv
2026,6,יום חול,9650,,663,19:47:00,,,to_tlv
2026,6,יום חול,1300,,176,19:48:00,,,to_tlv
2026,6,יום חול,1500,,44,19:48:00,,,to_tlv
2026,6,יום חול,400,,180,19:48:00,,,from_tlv
2026,6,יום חול,1600,,131,19:48:00,,,from_tlv
2026,6,יום חול,2200,,424,19:48:00,,,to_tlv
2026,6,יום חול,2820,,274,19:48:00,,,to_tlv
2026,6,יום חול,7300,,50,19:48:00,,,from_tlv
2026,6,יום חול,7300,,661,19:48:00,,,to_tlv
2026,6,יום חול,2300,,126,19:49:00,,,to_tlv
2026,6,יום חול,3500,,8671,19:49:00,,,from_tlv
2026,6,יום חול,3500,,671,19:49:00,,,from_tlv
2026,6,יום חול,3600,,275,19:49:00,,,to_tlv
2026,6,יום חול,5000,,273,19:49:00,,,to_tlv
2026,6,יום חול,5150,,978,19:49:00,,,from_tlv
2026,6,יום חול,8800,,668,19:49:00,,,to_tlv
2026,6,יום חול,6300,,530,19:49:00,,,from_tlv
2026,6,יום חול,8800,,8668,19:49:00,,,to_tlv
2026,6,יום חול,2940,,340,19:50:00,,,to_tlv
2026,6,יום חול,3300,,983,19:50:00,,,from_tlv
2026,6,יום חול,3600,,426,19:50:00,,,to_tlv
2026,6,יום חול,3700,,766,19:50:00,,,to_tlv
2026,6,יום חול,4600,,529,19:50:00,,,to_tlv
2026,6,יום חול,4660,,8667,19:50:00,,,to_tlv
2026,6,יום חול,4900,,425,19:50:00,,,to_tlv
2026,6,יום חול,4660,,667,19:50:00,,,to_tlv
2026,6,יום חול,8600,,127,19:50:00,,,to_tlv
2026,6,יום חול,9100,,928,19:50:00,,,from_tlv
2026,6,יום חול,7320,,43,19:50:00,,,to_tlv
2026,6,יום חול,1840,,427,19:51:00,,,from_tlv
2026,6,יום חול,4600,,128,19:51:00,,,to_tlv
2026,6,יום חול,4900,,278,19:51:00,,,to_tlv
2026,6,יום חול,5000,,48,19:51:00,,,from_tlv
2026,6,יום חול,6900,,45,19:51:00,,,to_tlv
2026,6,יום חול,1400,,469,19:52:00,,,from_tlv
2026,6,יום חול,700,,176,19:52:00,,,to_tlv
2026,6,יום חול,680,,767,19:52:00,,,to_tlv
2026,6,יום חול,2100,,424,19:52:00,,,to_tlv
2026,6,יום חול,2100,,179,19:52:00,,,from_tlv
2026,6,יום חול,3400,,276,19:52:00,,,to_tlv
2026,6,יום חול,4310,,879,19:52:00,,,to_tlv
2026,6,יום חול,4170,,669,19:52:00,,,from_tlv
2026,6,יום חול,4600,,670,19:52:00,,,to_tlv
2026,6,יום חול,4170,,8669,19:52:00,,,from_tlv
2026,6,יום חול,4600,,8670,19:52:00,,,to_tlv
2026,6,יום חול,4680,,8667,19:52:00,,,to_tlv
2026,6,יום חול,4680,,667,19:52:00,,,to_tlv
2026,6,יום חול,9600,,674,19:52:00,,,from_tlv
2026,6,יום חול,2800,,274,19:53:00,,,to_tlv
2026,6,יום חול,5200,,981,19:53:00,,,to_tlv
2026,6,יום חול,1250,,93,19:54:00,,,from_tlv
2026,6,יום חול,300,,180,19:54:00,,,to_tlv
2026,6,יום חול,2940,,671,19:54:00,,,from_tlv
2026,6,יום חול,3600,,177,19:54:00,,,to_tlv
2026,6,יום חול,2940,,8671,19:54:00,,,from_tlv
2026,6,יום חול,3500,,771,19:54:00,,,from_tlv
2026,6,יום חול,3700,,275,19:54:00,,,to_tlv
2026,6,יום חול,5800,,665,19:54:00,,,to_tlv
2026,6,יום חול,5800,,8665,19:54:00,,,to_tlv
2026,6,יום חול,7300,,423,19:54:00,,,to_tlv
2026,6,יום חול,700,,469,19:55:00,,,from_tlv
2026,6,יום חול,1400,,176,19:55:00,,,to_tlv
2026,6,יום חול,1500,,131,19:55:00,,,from_tlv
2026,6,יום חול,2500,,94,19:55:00,,,to_tlv
2026,6,יום חול,3400,,983,19:55:00,,,from_tlv
2026,6,יום חול,3600,,766,19:55:00,,,to_tlv
2026,6,יום חול,3700,,8670,19:55:00,,,to_tlv
2026,6,יום חול,3700,,670,19:55:00,,,to_tlv
2026,6,יום חול,4900,,529,19:55:00,,,to_tlv
2026,6,יום חול,8700,,668,19:55:00,,,to_tlv
2026,6,יום חול,8700,,8668,19:55:00,,,to_tlv
2026,6,יום חול,9800,,8672,19:55:00,,,from_tlv
2026,6,יום חול,9800,,672,19:55:00,,,from_tlv
2026,6,יום חול,9700,,676,19:55:00,,,from_tlv
2026,6,יום חול,2200,,126,19:56:00,,,to_tlv
2026,6,יום חול,2800,,129,19:56:00,,,from_tlv
2026,6,יום חול,1840,,466,19:56:00,,,to_tlv
2026,6,יום חול,3310,,276,19:56:00,,,to_tlv
2026,6,יום חול,3700,,128,19:56:00,,,to_tlv
2026,6,יום חול,3500,,340,19:56:00,,,to_tlv
2026,6,יום חול,4600,,278,19:56:00,,,to_tlv
2026,6,יום חול,9700,,663,19:56:00,,,to_tlv
2026,6,יום חול,5300,,273,19:56:00,,,to_tlv
2026,6,יום חול,5200,,280,19:56:00,,,from_tlv
2026,6,יום חול,8600,,769,19:56:00,,,to_tlv
2026,6,יום חול,9800,,667,19:56:00,,,to_tlv
2026,6,יום חול,9800,,8667,19:56:00,,,to_tlv
2026,6,יום חול,2300,,468,19:57:00,,,to_tlv
2026,6,יום חול,2200,,179,19:57:00,,,from_tlv
2026,6,יום חול,3500,,47,19:57:00,,,from_tlv
2026,6,יום חול,3300,,277,19:57:00,,,from_tlv
2026,6,יום חול,4100,,669,19:57:00,,,from_tlv
2026,6,יום חול,4100,,8669,19:57:00,,,from_tlv
2026,6,יום חול,7320,,661,19:57:00,,,to_tlv
2026,6,יום חול,8800,,878,19:57:00,,,to_tlv
2026,6,יום חול,1600,,44,19:58:00,,,to_tlv
2026,6,יום חול,2960,,671,19:58:00,,,from_tlv
2026,6,יום חול,2960,,8671,19:58:00,,,from_tlv
2026,6,יום חול,4600,,275,19:58:00,,,to_tlv
2026,6,יום חול,9200,,668,19:58:00,,,to_tlv
2026,6,יום חול,9200,,8668,19:58:00,,,to_tlv
2026,6,יום חול,680,,592,19:59:00,,,to_tlv
2026,6,יום חול,1300,,469,19:59:00,,,to_tlv
2026,6,יום חול,1820,,427,19:59:00,,,from_tlv
2026,6,יום חול,3500,,426,19:59:00,,,to_tlv
2026,6,יום חול,3900,,876,19:59:00,,,to_tlv
2026,6,יום חול,3700,,177,19:59:00,,,to_tlv
2026,6,יום חול,4900,,978,19:59:00,,,to_tlv
2026,6,יום חול,4690,,8672,19:59:00,,,from_tlv
2026,6,יום חול,4690,,672,19:59:00,,,from_tlv
2026,6,יום חול,5000,,928,19:59:00,,,from_tlv
2026,6,יום חול,8550,,50,19:59:00,,,from_tlv
2026,6,יום חול,8600,,768,19:59:00,,,from_tlv
2026,6,יום חול,1280,,92,20:00:00,,,to_tlv
2026,6,יום חול,1220,,424,20:00:00,,,to_tlv
2026,6,יום חול,2100,,126,20:00:00,,,to_tlv
2026,6,יום חול,3600,,771,20:00:00,,,to_tlv
2026,6,יום חול,3600,,670,20:00:00,,,to_tlv
2026,6,יום חול,3600,,8670,20:00:00,,,to_tlv
2026,6,יום חול,3700,,278,20:00:00,,,to_tlv
2026,6,יום חול,5900,,282,20:00:00,,,from_tlv
2026,6,יום חול,6150,,45,20:00:00,,,to_tlv
2026,6,יום חול,5300,,280,20:00:00,,,from_tlv
2026,6,יום חול,1240,,93,20:01:00,,,from_tlv
2026,6,יום חול,2800,,178,20:01:00,,,to_tlv
2026,6,יום חול,2960,,8668,20:01:00,,,to_tlv
2026,6,יום חול,3300,,276,20:01:00,,,to_tlv
2026,6,יום חול,2960,,668,20:01:00,,,to_tlv
2026,6,יום חול,3600,,128,20:01:00,,,to_tlv
2026,6,יום חול,5200,,273,20:01:00,,,to_tlv
2026,6,יום חול,3310,,277,20:02:00,,,from_tlv
2026,6,יום חול,3600,,8669,20:02:00,,,to_tlv
2026,6,יום חול,3600,,669,20:02:00,,,to_tlv
2026,6,יום חול,3900,,881,20:02:00,,,to_tlv
2026,6,יום חול,5200,,273,20:02:00,,,to_tlv
2026,6,יום חול,4680,,8672,20:02:00,,,from_tlv
2026,6,יום חול,4680,,672,20:02:00,,,from_tlv
2026,6,יום חול,9200,,671,20:02:00,,,from_tlv
2026,6,יום חול,9650,,676,20:02:00,,,from_tlv
2026,6,יום חול,9200,,8671,20:02:00,,,from_tlv
2026,6,יום חול,1220,,469,20:03:00,,,from_tlv
2026,6,יום חול,2300,,94,20:03:00,,,to_tlv
2026,6,יום חול,2200,,468,20:03:00,,,to_tlv
2026,6,יום חול,2300,,179,20:03:00,,,from_tlv
2026,6,יום חול,3500,,347,20:03:00,,,from_tlv
2026,6,יום חול,3500,,766,20:03:00,,,to_tlv
2026,6,יום חול,4900,,275,20:03:00,,,to_tlv
2026,6,יום חול,7320,,423,20:03:00,,,to_tlv
2026,6,יום חול,1500,,176,20:04:00,,,to_tlv
2026,6,יום חול,3500,,983,20:04:00,,,from_tlv
2026,6,יום חול,4600,,177,20:04:00,,,to_tlv
2026,6,יום חול,4600,,978,20:04:00,,,to_tlv
2026,6,יום חול,5900,,665,20:04:00,,,to_tlv
2026,6,יום חול,5900,,674,20:04:00,,,from_tlv
2026,6,יום חול,5000,,425,20:04:00,,,to_tlv
2026,6,יום חול,5900,,674,20:04:00,,,from_tlv
2026,6,יום חול,8800,,879,20:04:00,,,from_tlv
2026,6,יום חול,1400,,131,20:05:00,,,from_tlv
2026,6,יום חול,300,,127,20:05:00,,,from_tlv
2026,6,יום חול,2940,,668,20:05:00,,,to_tlv
2026,6,יום חול,2940,,8668,20:05:00,,,to_tlv
2026,6,יום חול,3400,,277,20:05:00,,,from_tlv
2026,6,יום חול,3700,,771,20:05:00,,,to_tlv
2026,6,יום חול,3600,,278,20:05:00,,,to_tlv
2026,6,יום חול,3600,,47,20:05:00,,,to_tlv
2026,6,יום חול,4900,,48,20:05:00,,,to_tlv
2026,6,יום חול,5150,,529,20:05:00,,,to_tlv
2026,6,יום חול,9000,,8667,20:05:00,,,to_tlv
2026,6,יום חול,8700,,671,20:05:00,,,from_tlv
2026,6,יום חול,9000,,667,20:05:00,,,to_tlv
2026,6,יום חול,8600,,180,20:05:00,,,from_tlv
2026,6,יום חול,8700,,8671,20:05:00,,,from_tlv
2026,6,יום חול,400,,593,20:06:00,,,to_tlv
2026,6,יום חול,4100,,670,20:06:00,,,to_tlv
2026,6,יום חול,4100,,8670,20:06:00,,,to_tlv
2026,6,יום חול,5000,,280,20:06:00,,,from_tlv
2026,6,יום חול,5900,,665,20:06:00,,,to_tlv
2026,6,יום חול,1400,,424,20:07:00,,,to_tlv
2026,6,יום חול,2100,,468,20:07:00,,,to_tlv
2026,6,יום חול,2800,,279,20:07:00,,,from_tlv
2026,6,יום חול,3700,,669,20:07:00,,,to_tlv
2026,6,יום חול,3700,,8669,20:07:00,,,to_tlv
2026,6,יום חול,4310,,878,20:07:00,,,to_tlv
2026,6,יום חול,4660,,672,20:07:00,,,from_tlv
2026,6,יום חול,4660,,8672,20:07:00,,,from_tlv
2026,6,יום חול,700,,131,20:08:00,,,from_tlv
2026,6,יום חול,1220,,126,20:08:00,,,to_tlv
2026,6,יום חול,2940,,347,20:08:00,,,from_tlv
2026,6,יום חול,3700,,978,20:08:00,,,to_tlv
2026,6,יום חול,5800,,282,20:08:00,,,from_tlv
2026,6,יום חול,5010,,530,20:08:00,,,from_tlv
2026,6,יום חול,680,,770,20:09:00,,,to_tlv
2026,6,יום חול,2200,,94,20:09:00,,,to_tlv
2026,6,יום חול,4600,,771,20:09:00,,,to_tlv
2026,6,יום חול,4900,,177,20:09:00,,,to_tlv
2026,6,יום חול,3100,,276,20:10:00,,,to_tlv
2026,6,יום חול,3700,,47,20:10:00,,,to_tlv
2026,6,יום חול,4600,,48,20:10:00,,,to_tlv
2026,6,יום חול,5800,,282,20:10:00,,,from_tlv
2026,6,יום חול,5410,,273,20:10:00,,,to_tlv
2026,6,יום חול,4900,,768,20:10:00,,,to_tlv
2026,6,יום חול,1230,,93,20:11:00,,,from_tlv
2026,6,יום חול,2100,,469,20:11:00,,,from_tlv
2026,6,יום חול,3500,,668,20:11:00,,,to_tlv
2026,6,יום חול,2820,,279,20:11:00,,,from_tlv
2026,6,יום חול,3600,,983,20:11:00,,,to_tlv
2026,6,יום חול,4600,,8669,20:11:00,,,to_tlv
2026,6,יום חול,3500,,8668,20:11:00,,,to_tlv
2026,6,יום חול,4600,,669,20:11:00,,,to_tlv
2026,6,יום חול,4170,,670,20:11:00,,,to_tlv
2026,6,יום חול,4640,,672,20:11:00,,,from_tlv
2026,6,יום חול,4170,,8670,20:11:00,,,to_tlv
2026,6,יום חול,4640,,8672,20:11:00,,,from_tlv
2026,6,יום חול,5000,,529,20:11:00,,,to_tlv
2026,6,יום חול,5410,,273,20:11:00,,,to_tlv
2026,6,יום חול,8800,,671,20:11:00,,,from_tlv
2026,6,יום חול,8800,,8671,20:11:00,,,from_tlv
2026,6,יום חול,9600,,676,20:11:00,,,from_tlv
2026,6,יום חול,1300,,131,20:12:00,,,to_tlv
2026,6,יום חול,1400,,427,20:12:00,,,from_tlv
2026,6,יום חול,2300,,46,20:12:00,,,to_tlv
2026,6,יום חול,4800,,275,20:12:00,,,to_tlv
2026,6,יום חול,7320,,678,20:12:00,,,from_tlv
2026,6,יום חול,7300,,663,20:12:00,,,to_tlv
2026,6,יום חול,7000,,45,20:12:00,,,to_tlv
2026,6,יום חול,1300,,126,20:13:00,,,to_tlv
2026,6,יום חול,300,,593,20:13:00,,,from_tlv
2026,6,יום חול,2100,,94,20:13:00,,,to_tlv
2026,6,יום חול,2500,,179,20:13:00,,,from_tlv
2026,6,יום חול,1600,,176,20:13:00,,,to_tlv
2026,6,יום חול,3500,,277,20:13:00,,,from_tlv
2026,6,יום חול,2960,,347,20:13:00,,,from_tlv
2026,6,יום חול,3600,,978,20:13:00,,,to_tlv
2026,6,יום חול,3500,,278,20:13:00,,,to_tlv
2026,6,יום חול,4800,,280,20:13:00,,,from_tlv
2026,6,יום חול,5000,,530,20:13:00,,,from_tlv
2026,6,יום חול,400,,127,20:14:00,,,to_tlv
2026,6,יום חול,2500,,178,20:14:00,,,to_tlv
2026,6,יום חול,4300,,878,20:14:00,,,to_tlv
2026,6,יום חול,5800,,674,20:14:00,,,from_tlv
2026,6,יום חול,700,,427,20:15:00,,,from_tlv
2026,6,יום חול,1220,,468,20:15:00,,,to_tlv
2026,6,יום חול,3700,,48,20:15:00,,,to_tlv
2026,6,יום חול,4600,,768,20:15:00,,,to_tlv
2026,6,יום חול,4300,,881,20:15:00,,,to_tlv
2026,6,יום חול,4600,,47,20:15:00,,,to_tlv
2026,6,יום חול,4900,,771,20:15:00,,,to_tlv
2026,6,יום חול,4900,,8669,20:15:00,,,to_tlv
2026,6,יום חול,4900,,8672,20:15:00,,,to_tlv
2026,6,יום חול,7000,,50,20:15:00,,,from_tlv
2026,6,יום חול,4900,,669,20:15:00,,,to_tlv
2026,6,יום חול,4900,,672,20:15:00,,,to_tlv
2026,6,יום חול,300,,592,20:16:00,,,to_tlv
2026,6,יום חול,2200,,469,20:16:00,,,from_tlv
2026,6,יום חול,3700,,983,20:16:00,,,to_tlv
2026,6,יום חול,4250,,8670,20:16:00,,,to_tlv
2026,6,יום חול,4250,,670,20:16:00,,,to_tlv
2026,6,יום חול,4900,,180,20:16:00,,,to_tlv
2026,6,יום חול,5000,,929,20:16:00,,,to_tlv
2026,6,יום חול,5800,,8667,20:16:00,,,to_tlv
2026,6,יום חול,5800,,667,20:16:00,,,to_tlv
2026,6,יום חול,5800,,8674,20:16:00,,,from_tlv
2026,6,יום חול,9600,,665,20:16:00,,,to_tlv
2026,6,יום חול,5010,,529,20:16:00,,,to_tlv
2026,6,יום חול,700,,126,20:17:00,,,to_tlv
2026,6,יום חול,1220,,131,20:17:00,,,from_tlv
2026,6,יום חול,3100,,279,20:17:00,,,from_tlv
2026,6,יום חול,4250,,8671,20:17:00,,,from_tlv
2026,6,יום חול,4250,,671,20:17:00,,,from_tlv
2026,6,יום חול,9200,,347,20:17:00,,,from_tlv
2026,6,יום חול,400,,130,20:18:00,,,from_tlv
2026,6,יום חול,2820,,276,20:18:00,,,to_tlv
2026,6,יום חול,2100,,93,20:18:00,,,from_tlv
2026,6,יום חול,3100,,426,20:18:00,,,to_tlv
2026,6,יום חול,5410,,282,20:18:00,,,from_tlv
2026,6,יום חול,1300,,427,20:19:00,,,to_tlv
2026,6,יום חול,2200,,46,20:19:00,,,to_tlv
2026,6,יום חול,3500,,673,20:19:00,,,from_tlv
2026,6,יום חול,3600,,277,20:19:00,,,to_tlv
2026,6,יום חול,5800,,273,20:19:00,,,to_tlv
2026,6,יום חול,5150,,530,20:19:00,,,from_tlv
2026,6,יום חול,5000,,275,20:19:00,,,to_tlv
2026,6,יום חול,7300,,678,20:19:00,,,from_tlv
2026,6,יום חול,1820,,424,20:20:00,,,to_tlv
2026,6,יום חול,1400,,126,20:20:00,,,to_tlv
2026,6,יום חול,1230,,94,20:20:00,,,to_tlv
2026,6,יום חול,1300,,468,20:20:00,,,to_tlv
2026,6,יום חול,3700,,768,20:20:00,,,to_tlv
2026,6,יום חול,4600,,8672,20:20:00,,,to_tlv
2026,6,יום חול,4600,,672,20:20:00,,,to_tlv
2026,6,יום חול,4640,,8669,20:20:00,,,to_tlv
2026,6,יום חול,4900,,47,20:20:00,,,to_tlv
2026,6,יום חול,4640,,669,20:20:00,,,to_tlv
2026,6,יום חול,8700,,347,20:20:00,,,from_tlv
2026,6,יום חול,5800,,273,20:20:00,,,to_tlv
2026,6,יום חול,5800,,273,20:20:00,,,to_tlv
2026,6,יום חול,8600,,177,20:20:00,,,to_tlv
2026,6,יום חול,3500,,978,20:21:00,,,to_tlv
2026,6,יום חול,4600,,180,20:21:00,,,to_tlv
2026,6,יום חול,4600,,983,20:21:00,,,to_tlv
2026,6,יום חול,7320,,663,20:21:00,,,to_tlv
2026,6,יום חול,4900,,280,20:21:00,,,to_tlv
2026,6,יום חול,8800,,670,20:21:00,,,to_tlv
2026,6,יום חול,8800,,8670,20:21:00,,,to_tlv
2026,6,יום חול,680,,769,20:22:00,,,to_tlv
2026,6,יום חול,3400,,278,20:22:00,,,to_tlv
2026,6,יום חול,4170,,671,20:22:00,,,from_tlv
2026,6,יום חול,4170,,8671,20:22:00,,,from_tlv
2026,6,יום חול,4310,,881,20:22:00,,,to_tlv
2026,6,יום חול,1220,,427,20:23:00,,,from_tlv
2026,6,יום חול,2200,,93,20:23:00,,,from_tlv
2026,6,יום חול,2100,,46,20:23:00,,,to_tlv
2026,6,יום חול,2800,,276,20:23:00,,,to_tlv
2026,6,יום חול,3700,,8672,20:23:00,,,to_tlv
2026,6,יום חול,3700,,672,20:23:00,,,to_tlv
2026,6,יום חול,4660,,669,20:23:00,,,to_tlv
2026,6,יום חול,4660,,8669,20:23:00,,,to_tlv
2026,6,יום חול,5900,,676,20:23:00,,,from_tlv
2026,6,יום חול,5900,,676,20:23:00,,,from_tlv
2026,6,יום חול,300,,130,20:24:00,,,to_tlv
2026,6,יום חול,700,,468,20:24:00,,,to_tlv
2026,6,יום חול,400,,592,20:24:00,,,from_tlv
2026,6,יום חול,2300,,469,20:24:00,,,from_tlv
2026,6,יום חול,2300,,178,20:24:00,,,to_tlv
2026,6,יום חול,2940,,673,20:24:00,,,from_tlv
2026,6,יום חול,3700,,277,20:24:00,,,to_tlv
2026,6,יום חול,3500,,773,20:24:00,,,from_tlv
2026,6,יום חול,3600,,129,20:24:00,,,to_tlv
2026,6,יום חול,5200,,282,20:24:00,,,from_tlv
2026,6,יום חול,9650,,665,20:24:00,,,to_tlv
2026,6,יום חול,2100,,131,20:25:00,,,from_tlv
2026,6,יום חול,3600,,768,20:25:00,,,to_tlv
2026,6,יום חול,9000,,674,20:25:00,,,from_tlv
2026,6,יום חול,9000,,8674,20:25:00,,,from_tlv
2026,6,יום חול,9100,,929,20:25:00,,,to_tlv
2026,6,יום חול,2800,,179,20:26:00,,,from_tlv
2026,6,יום חול,3310,,278,20:26:00,,,to_tlv
2026,6,יום חול,4600,,280,20:26:00,,,to_tlv
2026,6,יום חול,3700,,180,20:26:00,,,to_tlv
2026,6,יום חול,5900,,667,20:26:00,,,to_tlv
2026,6,יום חול,5300,,275,20:26:00,,,to_tlv
2026,6,יום חול,4900,,983,20:26:00,,,to_tlv
2026,6,יום חול,8600,,771,20:26:00,,,to_tlv
2026,6,יום חול,8800,,347,20:26:00,,,from_tlv
2026,6,יום חול,1400,,468,20:27:00,,,to_tlv
2026,6,יום חול,3300,,279,20:27:00,,,from_tlv
2026,6,יום חול,4680,,8669,20:27:00,,,to_tlv
2026,6,יום חול,4100,,671,20:27:00,,,from_tlv
2026,6,יום חול,4100,,8671,20:27:00,,,from_tlv
2026,6,יום חול,4680,,669,20:27:00,,,to_tlv
2026,6,יום חול,8700,,670,20:27:00,,,to_tlv
2026,6,יום חול,8700,,8670,20:27:00,,,to_tlv
2026,6,יום חול,6150,,50,20:27:00,,,from_tlv
2026,6,יום חול,3600,,8672,20:28:00,,,to_tlv
2026,6,יום חול,2960,,673,20:28:00,,,from_tlv
2026,6,יום חול,3600,,672,20:28:00,,,to_tlv
2026,6,יום חול,4600,,277,20:28:00,,,to_tlv
2026,6,יום חול,5900,,667,20:28:00,,,to_tlv
2026,6,יום חול,1500,,126,20:29:00,,,to_tlv
2026,6,יום חול,3700,,129,20:29:00,,,to_tlv
2026,6,יום חול,3900,,878,20:29:00,,,to_tlv
2026,6,יום חול,4900,,530,20:29:00,,,to_tlv
2026,6,יום חול,5900,,273,20:29:00,,,to_tlv
2026,6,יום חול,8600,,770,20:29:00,,,from_tlv
2026,6,יום חול,7000,,425,20:29:00,,,to_tlv
2026,6,יום חול,1240,,94,20:30:00,,,to_tlv
2026,6,יום חול,2200,,131,20:30:00,,,from_tlv
2026,6,יום חול,3400,,978,20:30:00,,,to_tlv
2026,6,יום חול,3700,,280,20:30:00,,,to_tlv
2026,6,יום חול,3600,,773,20:30:00,,,to_tlv
2026,6,יום חול,5300,,282,20:30:00,,,from_tlv
2026,6,יום חול,5900,,273,20:30:00,,,to_tlv
2026,6,יום חול,9200,,670,20:30:00,,,to_tlv
2026,6,יום חול,9200,,8670,20:30:00,,,to_tlv
2026,6,יום חול,1280,,95,20:31:00,,,from_tlv
2026,6,יום חול,2300,,93,20:31:00,,,from_tlv
2026,6,יום חול,2800,,128,20:31:00,,,to_tlv
2026,6,יום חול,2200,,178,20:31:00,,,to_tlv
2026,6,יום חול,3600,,180,20:31:00,,,to_tlv
2026,6,יום חול,3300,,278,20:31:00,,,to_tlv
2026,6,יום חול,4690,,669,20:31:00,,,to_tlv
2026,6,יום חול,4690,,8669,20:31:00,,,to_tlv
2026,6,יום חול,5200,,275,20:31:00,,,to_tlv
2026,6,יום חול,8550,,45,20:31:00,,,to_tlv
2026,6,יום חול,3310,,279,20:32:00,,,from_tlv
2026,6,יום חול,3600,,671,20:32:00,,,to_tlv
2026,6,יום חול,4250,,347,20:32:00,,,from_tlv
2026,6,יום חול,3600,,8671,20:32:00,,,to_tlv
2026,6,יום חול,9200,,673,20:32:00,,,from_tlv
2026,6,יום חול,1840,,424,20:33:00,,,to_tlv
2026,6,יום חול,2960,,670,20:33:00,,,to_tlv
2026,6,יום חול,2960,,8670,20:33:00,,,to_tlv
2026,6,יום חול,3500,,768,20:33:00,,,to_tlv
2026,6,יום חול,4900,,277,20:33:00,,,to_tlv
2026,6,יום חול,9700,,665,20:33:00,,,to_tlv
2026,6,יום חול,9700,,678,20:33:00,,,from_tlv
2026,6,יום חול,5800,,676,20:33:00,,,from_tlv
2026,6,יום חול,1840,,471,20:34:00,,,from_tlv
2026,6,יום חול,4600,,530,20:34:00,,,to_tlv
2026,6,יום חול,4100,,672,20:34:00,,,to_tlv
2026,6,יום חול,4100,,8672,20:34:00,,,to_tlv
2026,6,יום חול,4600,,129,20:34:00,,,to_tlv
2026,6,יום חול,5200,,980,20:34:00,,,from_tlv
2026,6,יום חול,9800,,8669,20:34:00,,,to_tlv
2026,6,יום חול,8800,,881,20:34:00,,,from_tlv
2026,6,יום חול,9800,,669,20:34:00,,,to_tlv
2026,6,יום חול,680,,593,20:35:00,,,to_tlv
2026,6,יום חול,300,,177,20:35:00,,,from_tlv
2026,6,יום חול,2100,,178,20:35:00,,,to_tlv
2026,6,יום חול,3400,,279,20:35:00,,,from_tlv
2026,6,יום חול,3600,,280,20:35:00,,,to_tlv
2026,6,יום חול,3700,,773,20:35:00,,,to_tlv
2026,6,יום חול,5800,,8676,20:35:00,,,from_tlv
2026,6,יום חול,5000,,47,20:35:00,,,to_tlv
2026,6,יום חול,8600,,130,20:35:00,,,from_tlv
2026,6,יום חול,8700,,673,20:35:00,,,from_tlv
2026,6,יום חול,2300,,131,20:36:00,,,from_tlv
2026,6,יום חול,5000,,282,20:36:00,,,from_tlv
2026,6,יום חול,6900,,50,20:36:00,,,from_tlv
2026,6,יום חול,9800,,674,20:36:00,,,from_tlv
2026,6,יום חול,9800,,8674,20:36:00,,,from_tlv
2026,6,יום חול,2800,,281,20:37:00,,,from_tlv
2026,6,יום חול,3300,,978,20:37:00,,,to_tlv
2026,6,יום חול,2940,,8670,20:37:00,,,to_tlv
2026,6,יום חול,2940,,670,20:37:00,,,to_tlv
2026,6,יום חול,3700,,671,20:37:00,,,to_tlv
2026,6,יום חול,4170,,347,20:37:00,,,from_tlv
2026,6,יום חול,3700,,8671,20:37:00,,,to_tlv
2026,6,יום חול,5150,,983,20:37:00,,,to_tlv
2026,6,יום חול,6300,,529,20:37:00,,,to_tlv
2026,6,יום חול,1250,,94,20:38:00,,,to_tlv
2026,6,יום חול,3700,,530,20:38:00,,,to_tlv
2026,6,יום חול,9600,,667,20:38:00,,,to_tlv
2026,6,יום חול,680,,772,20:39:00,,,to_tlv
2026,6,יום חול,1600,,126,20:39:00,,,to_tlv
2026,6,יום חול,4170,,8672,20:39:00,,,to_tlv
2026,6,יום חול,4600,,773,20:39:00,,,to_tlv
2026,6,יום חול,4170,,672,20:39:00,,,to_tlv
2026,6,יום חול,4900,,129,20:39:00,,,to_tlv
2026,6,יום חול,3100,,278,20:40:00,,,to_tlv
2026,6,יום חול,4900,,770,20:40:00,,,to_tlv
2026,6,יום חול,4680,,674,20:40:00,,,from_tlv
2026,6,יום חול,4680,,8674,20:40:00,,,from_tlv
2026,6,יום חול,1820,,471,20:41:00,,,from_tlv
2026,6,יום חול,2300,,426,20:41:00,,,to_tlv
2026,6,יום חול,2820,,281,20:41:00,,,from_tlv
2026,6,יום חול,4600,,671,20:41:00,,,to_tlv
2026,6,יום חול,4600,,8671,20:41:00,,,to_tlv
2026,6,יום חול,5010,,47,20:41:00,,,to_tlv
2026,6,יום חול,8800,,673,20:41:00,,,from_tlv
2026,6,יום חול,7300,,45,20:41:00,,,to_tlv
2026,6,יום חול,7320,,52,20:41:00,,,from_tlv
2026,6,יום חול,1820,,468,20:42:00,,,to_tlv
2026,6,יום חול,4100,,347,20:42:00,,,from_tlv
2026,6,יום חול,4660,,674,20:42:00,,,from_tlv
2026,6,יום חול,4800,,277,20:42:00,,,to_tlv
2026,6,יום חול,5000,,983,20:42:00,,,to_tlv
2026,6,יום חול,4660,,8674,20:42:00,,,from_tlv
2026,6,יום חול,9650,,678,20:42:00,,,from_tlv
2026,6,יום חול,1220,,178,20:43:00,,,to_tlv
2026,6,יום חול,3500,,279,20:43:00,,,from_tlv
2026,6,יום חול,3500,,280,20:43:00,,,to_tlv
2026,6,יום חול,3500,,8670,20:43:00,,,to_tlv
2026,6,יום חול,3500,,670,20:43:00,,,to_tlv
2026,6,יום חול,4800,,282,20:43:00,,,from_tlv
2026,6,יום חול,5000,,980,20:43:00,,,from_tlv
2026,6,יום חול,9000,,669,20:43:00,,,to_tlv
2026,6,יום חול,9000,,8669,20:43:00,,,to_tlv
2026,6,יום חול,400,,177,20:44:00,,,to_tlv
2026,6,יום חול,4250,,8672,20:44:00,,,to_tlv
2026,6,יום חול,4250,,672,20:44:00,,,to_tlv
2026,6,יום חול,9000,,676,20:44:00,,,from_tlv
2026,6,יום חול,9000,,8676,20:44:00,,,from_tlv
2026,6,יום חול,1260,,95,20:45:00,,,from_tlv
2026,6,יום חול,1600,,133,20:45:00,,,from_tlv
2026,6,יום חול,4600,,770,20:45:00,,,to_tlv
2026,6,יום חול,4900,,671,20:45:00,,,to_tlv
2026,6,יום חול,4900,,674,20:45:00,,,to_tlv
2026,6,יום חול,4900,,773,20:45:00,,,to_tlv
2026,6,יום חול,4900,,8671,20:45:00,,,to_tlv
2026,6,יום חול,2500,,131,20:46:00,,,from_tlv
2026,6,יום חול,4900,,130,20:46:00,,,to_tlv
2026,6,יום חול,5010,,50,20:46:00,,,from_tlv
2026,6,יום חול,1260,,94,20:47:00,,,to_tlv
2026,6,יום חול,3600,,347,20:47:00,,,to_tlv
2026,6,יום חול,3100,,281,20:47:00,,,from_tlv
2026,6,יום חול,4250,,673,20:47:00,,,from_tlv
2026,6,יום חול,4900,,8674,20:47:00,,,to_tlv
2026,6,יום חול,4900,,674,20:47:00,,,to_tlv
2026,6,יום חול,9650,,667,20:47:00,,,to_tlv
2026,6,יום חול,400,,182,20:48:00,,,from_tlv
2026,6,יום חול,1300,,178,20:48:00,,,to_tlv
2026,6,יום חול,2200,,426,20:48:00,,,to_tlv
2026,6,יום חול,2820,,278,20:48:00,,,to_tlv
2026,6,יום חול,3700,,531,20:48:00,,,to_tlv
2026,6,יום חול,7300,,52,20:48:00,,,from_tlv
2026,6,יום חול,7300,,665,20:48:00,,,to_tlv
2026,6,יום חול,2300,,128,20:49:00,,,to_tlv
2026,6,יום חול,3500,,675,20:49:00,,,from_tlv
2026,6,יום חול,3600,,279,20:49:00,,,to_tlv
2026,6,יום חול,3500,,8675,20:49:00,,,from_tlv
2026,6,יום חול,5150,,980,20:49:00,,,from_tlv
2026,6,יום חול,5000,,277,20:49:00,,,to_tlv
2026,6,יום חול,6300,,532,20:49:00,,,from_tlv
2026,6,יום חול,8800,,8672,20:49:00,,,to_tlv
2026,6,יום חול,8800,,672,20:49:00,,,to_tlv
2026,6,יום חול,3300,,985,20:50:00,,,from_tlv
2026,6,יום חול,3700,,770,20:50:00,,,to_tlv
2026,6,יום חול,4600,,674,20:50:00,,,to_tlv
2026,6,יום חול,4600,,531,20:50:00,,,to_tlv
2026,6,יום חול,4660,,671,20:50:00,,,to_tlv
2026,6,יום חול,4660,,8671,20:50:00,,,to_tlv
2026,6,יום חול,7320,,45,20:50:00,,,to_tlv
2026,6,יום חול,8600,,129,20:50:00,,,to_tlv
2026,6,יום חול,6900,,47,20:50:00,,,to_tlv
2026,6,יום חול,9100,,930,20:50:00,,,from_tlv
2026,6,יום חול,4600,,130,20:51:00,,,to_tlv
2026,6,יום חול,4900,,282,20:51:00,,,to_tlv
2026,6,יום חול,5000,,50,20:51:00,,,from_tlv
2026,6,יום חול,1400,,471,20:52:00,,,from_tlv
2026,6,יום חול,680,,771,20:52:00,,,to_tlv
2026,6,יום חול,700,,178,20:52:00,,,to_tlv
2026,6,יום חול,2100,,426,20:52:00,,,to_tlv
2026,6,יום חול,3400,,280,20:52:00,,,to_tlv
2026,6,יום חול,4170,,673,20:52:00,,,from_tlv
2026,6,יום חול,3700,,347,20:52:00,,,to_tlv
2026,6,יום חול,4600,,8674,20:52:00,,,to_tlv
2026,6,יום חול,4680,,671,20:52:00,,,to_tlv
2026,6,יום חול,4680,,8671,20:52:00,,,to_tlv
2026,6,יום חול,4600,,674,20:52:00,,,to_tlv
2026,6,יום חול,9600,,678,20:52:00,,,from_tlv
2026,6,יום חול,2800,,278,20:53:00,,,to_tlv
2026,6,יום חול,1500,,133,20:53:00,,,from_tlv
2026,6,יום חול,3700,,674,20:53:00,,,to_tlv
2026,6,יום חול,5200,,983,20:53:00,,,to_tlv
2026,6,יום חול,300,,182,20:54:00,,,to_tlv
2026,6,יום חול,1250,,95,20:54:00,,,from_tlv
2026,6,יום חול,2940,,675,20:54:00,,,from_tlv
2026,6,יום חול,3500,,775,20:54:00,,,from_tlv
2026,6,יום חול,2940,,8675,20:54:00,,,from_tlv
2026,6,יום חול,3600,,179,20:54:00,,,to_tlv
2026,6,יום חול,3700,,279,20:54:00,,,to_tlv
2026,6,יום חול,5800,,669,20:54:00,,,to_tlv
2026,6,יום חול,5800,,8669,20:54:00,,,to_tlv
2026,6,יום חול,9800,,671,20:54:00,,,to_tlv
2026,6,יום חול,7300,,425,20:54:00,,,to_tlv
2026,6,יום חול,1400,,178,20:55:00,,,to_tlv
2026,6,יום חול,700,,471,20:55:00,,,from_tlv
2026,6,יום חול,3400,,985,20:55:00,,,from_tlv
2026,6,יום חול,3700,,8674,20:55:00,,,to_tlv
2026,6,יום חול,3600,,770,20:55:00,,,to_tlv
2026,6,יום חול,3700,,674,20:55:00,,,to_tlv
2026,6,יום חול,4900,,531,20:55:00,,,to_tlv
2026,6,יום חול,8700,,672,20:55:00,,,to_tlv
2026,6,יום חול,8700,,8672,20:55:00,,,to_tlv
2026,6,יום חול,9800,,676,20:55:00,,,from_tlv
2026,6,יום חול,9800,,8676,20:55:00,,,from_tlv
2026,6,יום חול,1840,,468,20:56:00,,,to_tlv
2026,6,יום חול,2200,,128,20:56:00,,,to_tlv
2026,6,יום חול,3310,,280,20:56:00,,,to_tlv
2026,6,יום חול,3700,,130,20:56:00,,,to_tlv
2026,6,יום חול,4600,,347,20:56:00,,,to_tlv
2026,6,יום חול,4600,,282,20:56:00,,,to_tlv
2026,6,יום חול,5300,,277,20:56:00,,,to_tlv
2026,6,יום חול,5200,,284,20:56:00,,,from_tlv
2026,6,יום חול,8600,,773,20:56:00,,,to_tlv
2026,6,יום חול,9800,,8671,20:56:00,,,to_tlv
2026,6,יום חול,9700,,667,20:56:00,,,to_tlv
2026,6,יום חול,9800,,671,20:56:00,,,to_tlv
2026,6,יום חול,3300,,281,20:57:00,,,from_tlv
2026,6,יום חול,4100,,673,20:57:00,,,from_tlv
2026,6,יום חול,7320,,665,20:57:00,,,to_tlv
2026,6,יום חול,2960,,675,20:58:00,,,from_tlv
2026,6,יום חול,2800,,180,20:58:00,,,to_tlv
2026,6,יום חול,2960,,8675,20:58:00,,,from_tlv
2026,6,יום חול,3600,,674,20:58:00,,,to_tlv
2026,6,יום חול,4600,,279,20:58:00,,,to_tlv
2026,6,יום חול,9200,,8672,20:58:00,,,to_tlv
2026,6,יום חול,9200,,672,20:58:00,,,to_tlv
2026,6,יום חול,680,,594,20:59:00,,,to_tlv
2026,6,יום חול,1300,,471,20:59:00,,,to_tlv
2026,6,יום חול,3700,,179,20:59:00,,,to_tlv
2026,6,יום חול,4690,,676,20:59:00,,,from_tlv
2026,6,יום חול,4900,,980,20:59:00,,,to_tlv
2026,6,יום חול,4690,,8676,20:59:00,,,from_tlv
2026,6,יום חול,5000,,930,20:59:00,,,from_tlv
2026,6,יום חול,6150,,47,20:59:00,,,to_tlv
2026,6,יום חול,8550,,52,20:59:00,,,from_tlv
2026,6,יום חול,8600,,772,20:59:00,,,from_tlv
2026,6,יום חול,1280,,94,21:00:00,,,to_tlv
2026,6,יום חול,2100,,128,21:00:00,,,to_tlv
2026,6,יום חול,3600,,674,21:00:00,,,to_tlv
2026,6,יום חול,3600,,775,21:00:00,,,to_tlv
2026,6,יום חול,3600,,8674,21:00:00,,,to_tlv
2026,6,יום חול,3700,,282,21:00:00,,,to_tlv
2026,6,יום חול,4900,,347,21:00:00,,,to_tlv
2026,6,יום חול,5300,,284,21:00:00,,,from_tlv
2026,6,יום חול,5900,,286,21:00:00,,,from_tlv
2026,6,יום חול,1240,,95,21:01:00,,,from_tlv
2026,6,יום חול,2800,,131,21:01:00,,,from_tlv
2026,6,יום חול,2960,,8672,21:01:00,,,to_tlv
2026,6,יום חול,2960,,672,21:01:00,,,to_tlv
2026,6,יום חול,3300,,280,21:01:00,,,to_tlv
2026,6,יום חול,5200,,277,21:01:00,,,to_tlv
2026,6,יום חול,3310,,281,21:02:00,,,from_tlv
2026,6,יום חול,3600,,673,21:02:00,,,to_tlv
2026,6,יום חול,4680,,8676,21:02:00,,,from_tlv
2026,6,יום חול,4680,,676,21:02:00,,,from_tlv
2026,6,יום חול,5200,,277,21:02:00,,,to_tlv
2026,6,יום חול,9200,,8675,21:02:00,,,from_tlv
2026,6,יום חול,9200,,675,21:02:00,,,from_tlv
2026,6,יום חול,1220,,471,21:03:00,,,from_tlv
2026,6,יום חול,2300,,96,21:03:00,,,to_tlv
2026,6,יום חול,3500,,770,21:03:00,,,to_tlv
2026,6,יום חול,4900,,279,21:03:00,,,to_tlv
2026,6,יום חול,7320,,425,21:03:00,,,to_tlv
2026,6,יום חול,9000,,671,21:03:00,,,to_tlv
2026,6,יום חול,1400,,133,21:04:00,,,from_tlv
2026,6,יום חול,3500,,985,21:04:00,,,from_tlv
2026,6,יום חול,4100,,674,21:04:00,,,to_tlv
2026,6,יום חול,4600,,179,21:04:00,,,to_tlv
2026,6,יום חול,4600,,980,21:04:00,,,to_tlv
2026,6,יום חול,5900,,678,21:04:00,,,from_tlv
2026,6,יום חול,5900,,669,21:04:00,,,to_tlv
2026,6,יום חול,5900,,678,21:04:00,,,from_tlv
2026,6,יום חול,300,,129,21:05:00,,,from_tlv
2026,6,יום חול,2940,,672,21:05:00,,,to_tlv
2026,6,יום חול,2940,,8672,21:05:00,,,to_tlv
2026,6,יום חול,3400,,281,21:05:00,,,from_tlv
2026,6,יום חול,3600,,282,21:05:00,,,to_tlv
2026,6,יום חול,3700,,775,21:05:00,,,to_tlv
2026,6,יום חול,4900,,50,21:05:00,,,to_tlv
2026,6,יום חול,4640,,347,21:05:00,,,to_tlv
2026,6,יום חול,5150,,531,21:05:00,,,to_tlv
2026,6,יום חול,8700,,8675,21:05:00,,,from_tlv
2026,6,יום חול,8600,,182,21:05:00,,,from_tlv
2026,6,יום חול,9000,,8671,21:05:00,,,to_tlv
2026,6,יום חול,8700,,675,21:05:00,,,from_tlv
2026,6,יום חול,9000,,671,21:05:00,,,to_tlv
2026,6,יום חול,4100,,674,21:06:00,,,to_tlv
2026,6,יום חול,4100,,8674,21:06:00,,,to_tlv
2026,6,יום חול,5900,,669,21:06:00,,,to_tlv
2026,6,יום חול,5000,,284,21:06:00,,,from_tlv
2026,6,יום חול,1500,,178,21:07:00,,,to_tlv
2026,6,יום חול,2800,,283,21:07:00,,,from_tlv
2026,6,יום חול,3700,,673,21:07:00,,,to_tlv
2026,6,יום חול,4660,,676,21:07:00,,,from_tlv
2026,6,יום חול,4660,,8676,21:07:00,,,from_tlv
2026,6,יום חול,700,,133,21:08:00,,,from_tlv
2026,6,יום חול,1220,,128,21:08:00,,,to_tlv
2026,6,יום חול,3700,,980,21:08:00,,,to_tlv
2026,6,יום חול,4660,,347,21:08:00,,,to_tlv
2026,6,יום חול,5010,,532,21:08:00,,,from_tlv
2026,6,יום חול,5800,,286,21:08:00,,,from_tlv
2026,6,יום חול,680,,774,21:09:00,,,to_tlv
2026,6,יום חול,2200,,96,21:09:00,,,to_tlv
2026,6,יום חול,4170,,674,21:09:00,,,to_tlv
2026,6,יום חול,4600,,775,21:09:00,,,to_tlv
2026,6,יום חול,4900,,179,21:09:00,,,to_tlv
2026,6,יום חול,3100,,280,21:10:00,,,to_tlv
2026,6,יום חול,4600,,50,21:10:00,,,to_tlv
2026,6,יום חול,5410,,277,21:10:00,,,to_tlv
2026,6,יום חול,4900,,772,21:10:00,,,to_tlv
2026,6,יום חול,5800,,286,21:10:00,,,from_tlv
2026,6,יום חול,1230,,95,21:11:00,,,from_tlv
2026,6,יום חול,2820,,283,21:11:00,,,from_tlv
2026,6,יום חול,2100,,471,21:11:00,,,from_tlv
2026,6,יום חול,3500,,672,21:11:00,,,to_tlv
2026,6,יום חול,3500,,8672,21:11:00,,,to_tlv
2026,6,יום חול,3600,,985,21:11:00,,,to_tlv
2026,6,יום חול,4170,,8674,21:11:00,,,to_tlv
2026,6,יום חול,4170,,674,21:11:00,,,to_tlv
2026,6,יום חול,4600,,673,21:11:00,,,to_tlv
2026,6,יום חול,4640,,676,21:11:00,,,from_tlv
2026,6,יום חול,4640,,8676,21:11:00,,,from_tlv
2026,6,יום חול,5000,,531,21:11:00,,,to_tlv
2026,6,יום חול,5410,,277,21:11:00,,,to_tlv
2026,6,יום חול,8800,,8675,21:11:00,,,from_tlv
2026,6,יום חול,8800,,675,21:11:00,,,from_tlv
2026,6,יום חול,1300,,133,21:12:00,,,to_tlv
2026,6,יום חול,3700,,49,21:12:00,,,to_tlv
2026,6,יום חול,4800,,279,21:12:00,,,to_tlv
2026,6,יום חול,4680,,347,21:12:00,,,to_tlv
2026,6,יום חול,7300,,667,21:12:00,,,to_tlv
2026,6,יום חול,7320,,682,21:12:00,,,from_tlv
2026,6,יום חול,1300,,128,21:13:00,,,to_tlv
2026,6,יום חול,2100,,96,21:13:00,,,to_tlv
2026,6,יום חול,3500,,282,21:13:00,,,to_tlv
2026,6,יום חול,3600,,980,21:13:00,,,to_tlv
2026,6,יום חול,2500,,180,21:13:00,,,to_tlv
2026,6,יום חול,3500,,281,21:13:00,,,from_tlv
2026,6,יום חול,5000,,532,21:13:00,,,from_tlv
2026,6,יום חול,4800,,284,21:13:00,,,from_tlv
2026,6,יום חול,7000,,47,21:13:00,,,to_tlv
2026,6,יום חול,400,,129,21:14:00,,,to_tlv
2026,6,יום חול,4250,,674,21:14:00,,,to_tlv
2026,6,יום חול,5800,,678,21:14:00,,,from_tlv
2026,6,יום חול,5800,,671,21:14:00,,,to_tlv
2026,6,יום חול,2300,,470,21:15:00,,,to_tlv
2026,6,יום חול,3700,,50,21:15:00,,,to_tlv
2026,6,יום חול,4600,,49,21:15:00,,,to_tlv
2026,6,יום חול,4600,,772,21:15:00,,,to_tlv
2026,6,יום חול,4900,,673,21:15:00,,,to_tlv
2026,6,יום חול,4900,,676,21:15:00,,,to_tlv
2026,6,יום חול,4900,,8676,21:15:00,,,to_tlv
2026,6,יום חול,4900,,775,21:15:00,,,to_tlv
2026,6,יום חול,7000,,52,21:15:00,,,from_tlv
2026,6,יום חול,300,,594,21:16:00,,,to_tlv
2026,6,יום חול,1600,,178,21:16:00,,,to_tlv
2026,6,יום חול,2200,,471,21:16:00,,,from_tlv
2026,6,יום חול,3700,,985,21:16:00,,,to_tlv
2026,6,יום חול,4250,,674,21:16:00,,,to_tlv
2026,6,יום חול,4250,,8674,21:16:00,,,to_tlv
2026,6,יום חול,4690,,347,21:16:00,,,to_tlv
2026,6,יום חול,4900,,182,21:16:00,,,to_tlv
2026,6,יום חול,5800,,8678,21:16:00,,,from_tlv
2026,6,יום חול,5800,,671,21:16:00,,,to_tlv
2026,6,יום חול,5800,,8671,21:16:00,,,to_tlv
2026,6,יום חול,5000,,931,21:16:00,,,to_tlv
2026,6,יום חול,9600,,669,21:16:00,,,to_tlv
2026,6,יום חול,1220,,133,21:17:00,,,from_tlv
2026,6,יום חול,700,,128,21:17:00,,,to_tlv
2026,6,יום חול,3100,,283,21:17:00,,,from_tlv
2026,6,יום חול,4250,,675,21:17:00,,,from_tlv
2026,6,יום חול,4250,,8675,21:17:00,,,from_tlv
2026,6,יום חול,5010,,531,21:17:00,,,to_tlv
2026,6,יום חול,2100,,95,21:18:00,,,from_tlv
2026,6,יום חול,2820,,280,21:18:00,,,to_tlv
2026,6,יום חול,5410,,286,21:18:00,,,from_tlv
2026,6,יום חול,3600,,281,21:19:00,,,to_tlv
2026,6,יום חול,5000,,279,21:19:00,,,to_tlv
2026,6,יום חול,5150,,532,21:19:00,,,from_tlv
2026,6,יום חול,9800,,347,21:19:00,,,to_tlv
2026,6,יום חול,5800,,277,21:19:00,,,to_tlv
2026,6,יום חול,7300,,682,21:19:00,,,from_tlv
2026,6,יום חול,8800,,674,21:19:00,,,to_tlv
2026,6,יום חול,1400,,128,21:20:00,,,to_tlv
2026,6,יום חול,1230,,96,21:20:00,,,to_tlv
2026,6,יום חול,3700,,772,21:20:00,,,to_tlv
2026,6,יום חול,4600,,676,21:20:00,,,to_tlv
2026,6,יום חול,4640,,673,21:20:00,,,to_tlv
2026,6,יום חול,4600,,8676,21:20:00,,,to_tlv
2026,6,יום חול,4900,,49,21:20:00,,,to_tlv
2026,6,יום חול,5800,,277,21:20:00,,,to_tlv
2026,6,יום חול,5800,,277,21:20:00,,,to_tlv
2026,6,יום חול,8600,,179,21:20:00,,,to_tlv
2026,6,יום חול,2200,,470,21:21:00,,,to_tlv
2026,6,יום חול,3500,,980,21:21:00,,,to_tlv
2026,6,יום חול,4600,,985,21:21:00,,,to_tlv
2026,6,יום חול,4600,,182,21:21:00,,,to_tlv
2026,6,יום חול,4900,,284,21:21:00,,,to_tlv
2026,6,יום חול,8800,,674,21:21:00,,,to_tlv
2026,6,יום חול,8800,,8674,21:21:00,,,to_tlv
2026,6,יום חול,7320,,667,21:21:00,,,to_tlv
2026,6,יום חול,680,,773,21:22:00,,,to_tlv
2026,6,יום חול,2300,,180,21:22:00,,,to_tlv
2026,6,יום חול,3400,,282,21:22:00,,,to_tlv
2026,6,יום חול,4170,,8675,21:22:00,,,from_tlv
2026,6,יום חול,4170,,675,21:22:00,,,from_tlv
2026,6,יום חול,2800,,280,21:23:00,,,to_tlv
2026,6,יום חול,2200,,95,21:23:00,,,from_tlv
2026,6,יום חול,3700,,676,21:23:00,,,to_tlv
2026,6,יום חול,3700,,8676,21:23:00,,,to_tlv
2026,6,יום חול,4660,,673,21:23:00,,,to_tlv
2026,6,יום חול,400,,594,21:24:00,,,from_tlv
2026,6,יום חול,2300,,471,21:24:00,,,from_tlv
2026,6,יום חול,3700,,281,21:24:00,,,to_tlv
2026,6,יום חול,5200,,286,21:24:00,,,from_tlv
2026,6,יום חול,5900,,671,21:24:00,,,to_tlv
2026,6,יום חול,9650,,669,21:24:00,,,to_tlv
2026,6,יום חול,2100,,470,21:25:00,,,to_tlv
2026,6,יום חול,2100,,133,21:25:00,,,from_tlv
2026,6,יום חול,3600,,772,21:25:00,,,to_tlv
2026,6,יום חול,9100,,931,21:25:00,,,to_tlv
2026,6,יום חול,8700,,674,21:25:00,,,to_tlv
2026,6,יום חול,9000,,8678,21:25:00,,,from_tlv
2026,6,יום חול,9000,,678,21:25:00,,,from_tlv
2026,6,יום חול,3310,,282,21:26:00,,,to_tlv
2026,6,יום חול,3700,,182,21:26:00,,,to_tlv
2026,6,יום חול,4600,,284,21:26:00,,,to_tlv
2026,6,יום חול,5300,,279,21:26:00,,,to_tlv
2026,6,יום חול,4900,,985,21:26:00,,,to_tlv
2026,6,יום חול,8600,,775,21:26:00,,,to_tlv
2026,6,יום חול,5900,,671,21:26:00,,,to_tlv
2026,6,יום חול,3300,,283,21:27:00,,,from_tlv
2026,6,יום חול,4100,,675,21:27:00,,,from_tlv
2026,6,יום חול,4100,,8675,21:27:00,,,from_tlv
2026,6,יום חול,4680,,673,21:27:00,,,to_tlv
2026,6,יום חול,8700,,674,21:27:00,,,to_tlv
2026,6,יום חול,8700,,8674,21:27:00,,,to_tlv
2026,6,יום חול,3600,,131,21:28:00,,,to_tlv
2026,6,יום חול,3600,,8676,21:28:00,,,to_tlv
2026,6,יום חול,3600,,676,21:28:00,,,to_tlv
2026,6,יום חול,4600,,281,21:28:00,,,to_tlv
2026,6,יום חול,5900,,671,21:28:00,,,to_tlv
2026,6,שבת,9700,,7614,21:28:00,,,from_tlv
2026,6,יום חול,9200,,674,21:28:00,,,to_tlv
2026,6,יום חול,2200,,180,21:29:00,,,to_tlv
2026,6,יום חול,3500,,777,21:29:00,,,from_tlv
2026,6,יום חול,5900,,277,21:29:00,,,to_tlv
2026,6,יום חול,4900,,532,21:29:00,,,to_tlv
2026,6,יום חול,6150,,52,21:29:00,,,from_tlv
2026,6,יום חול,8600,,774,21:29:00,,,from_tlv
2026,6,יום חול,1240,,96,21:30:00,,,to_tlv
2026,6,יום חול,2200,,133,21:30:00,,,from_tlv
2026,6,יום חול,3400,,980,21:30:00,,,to_tlv
2026,6,יום חול,3700,,284,21:30:00,,,to_tlv
2026,6,יום חול,5300,,286,21:30:00,,,from_tlv
2026,6,יום חול,5900,,277,21:30:00,,,to_tlv
2026,6,יום חול,9200,,8674,21:30:00,,,to_tlv
2026,6,יום חול,9200,,674,21:30:00,,,to_tlv
2026,6,שבת,3500,,7719,21:30:00,,,from_tlv
2026,6,יום חול,1280,,97,21:31:00,,,from_tlv
2026,6,יום חול,2300,,95,21:31:00,,,from_tlv
2026,6,יום חול,2960,,674,21:31:00,,,to_tlv
2026,6,יום חול,3300,,282,21:31:00,,,to_tlv
2026,6,יום חול,3600,,182,21:31:00,,,to_tlv
2026,6,יום חול,4690,,673,21:31:00,,,to_tlv
2026,6,יום חול,5200,,279,21:31:00,,,to_tlv
2026,6,שבת,9700,,7614,21:31:00,,,from_tlv
2026,6,יום חול,680,,776,21:32:00,,,to_tlv
2026,6,יום חול,3600,,675,21:32:00,,,to_tlv
2026,6,יום חול,3310,,283,21:32:00,,,from_tlv
2026,6,יום חול,3600,,8675,21:32:00,,,to_tlv
2026,6,יום חול,1220,,470,21:33:00,,,to_tlv
2026,6,יום חול,2100,,180,21:33:00,,,to_tlv
2026,6,יום חול,2960,,8674,21:33:00,,,to_tlv
2026,6,יום חול,3500,,772,21:33:00,,,to_tlv
2026,6,יום חול,2960,,674,21:33:00,,,to_tlv
2026,6,יום חול,3700,,131,21:33:00,,,to_tlv
2026,6,יום חול,4900,,281,21:33:00,,,to_tlv
2026,6,יום חול,9700,,682,21:33:00,,,from_tlv
2026,6,יום חול,9700,,669,21:33:00,,,to_tlv
2026,6,יום חול,1840,,473,21:34:00,,,from_tlv
2026,6,יום חול,4100,,676,21:34:00,,,to_tlv
2026,6,יום חול,4100,,8676,21:34:00,,,to_tlv
2026,6,יום חול,4600,,532,21:34:00,,,to_tlv
2026,6,יום חול,9800,,673,21:34:00,,,to_tlv
2026,6,יום חול,8550,,47,21:34:00,,,to_tlv
2026,6,שבת,5900,,7222,21:34:00,,,from_tlv
2026,6,יום חול,300,,179,21:35:00,,,from_tlv
2026,6,יום חול,2940,,674,21:35:00,,,to_tlv
2026,6,יום חול,3400,,283,21:35:00,,,from_tlv
2026,6,יום חול,3600,,284,21:35:00,,,to_tlv
2026,6,יום חול,5000,,49,21:35:00,,,to_tlv
2026,6,שבת,3600,,7719,21:35:00,,,to_tlv
2026,6,שבת,9650,,7614,21:35:00,,,from_tlv
2026,6,יום חול,2300,,133,21:36:00,,,from_tlv
2026,6,יום חול,3600,,777,21:36:00,,,to_tlv
2026,6,יום חול,5000,,286,21:36:00,,,from_tlv
2026,6,יום חול,9600,,671,21:36:00,,,to_tlv
2026,6,יום חול,9800,,678,21:36:00,,,from_tlv
2026,6,יום חול,9800,,8678,21:36:00,,,from_tlv
2026,6,יום חול,2940,,674,21:37:00,,,to_tlv
2026,6,יום חול,3300,,980,21:37:00,,,to_tlv
2026,6,יום חול,2800,,285,21:37:00,,,from_tlv
2026,6,יום חול,2940,,8674,21:37:00,,,to_tlv
2026,6,יום חול,3700,,675,21:37:00,,,to_tlv
2026,6,יום חול,3700,,8675,21:37:00,,,to_tlv
2026,6,יום חול,5150,,985,21:37:00,,,to_tlv
2026,6,יום חול,7320,,54,21:37:00,,,from_tlv
2026,6,יום חול,1250,,96,21:38:00,,,to_tlv
2026,6,יום חול,1300,,470,21:38:00,,,to_tlv
2026,6,יום חול,3700,,532,21:38:00,,,to_tlv
2026,6,יום חול,4600,,131,21:38:00,,,to_tlv
2026,6,שבת,3300,,7503,21:38:00,,,from_tlv
2026,6,יום חול,6300,,531,21:38:00,,,to_tlv
2026,6,יום חול,9600,,671,21:38:00,,,to_tlv
2026,6,שבת,9650,,7614,21:38:00,,,from_tlv
2026,6,שבת,2300,,7062,21:38:00,,,to_tlv
2026,6,יום חול,4170,,8676,21:39:00,,,to_tlv
2026,6,יום חול,4170,,676,21:39:00,,,to_tlv
2026,6,שבת,3700,,7719,21:39:00,,,to_tlv
2026,6,יום חול,3100,,282,21:40:00,,,to_tlv
2026,6,יום חול,4690,,8678,21:40:00,,,from_tlv
2026,6,יום חול,4690,,678,21:40:00,,,from_tlv
2026,6,שבת,6300,,7502,21:40:00,,,from_tlv
2026,6,יום חול,4900,,774,21:40:00,,,to_tlv
2026,6,יום חול,6900,,52,21:40:00,,,from_tlv
2026,6,שבת,1230,,7062,21:40:00,,,to_tlv
2026,6,יום חול,1220,,180,21:41:00,,,to_tlv
2026,6,יום חול,1820,,473,21:41:00,,,from_tlv
2026,6,יום חול,2820,,285,21:41:00,,,from_tlv
2026,6,יום חול,3500,,674,21:41:00,,,to_tlv
2026,6,יום חול,4600,,675,21:41:00,,,to_tlv
2026,6,יום חול,4600,,8675,21:41:00,,,to_tlv
2026,6,יום חול,3700,,777,21:41:00,,,to_tlv
2026,6,יום חול,5010,,49,21:41:00,,,to_tlv
2026,6,יום חול,9100,,932,21:41:00,,,from_tlv
2026,6,יום חול,700,,470,21:42:00,,,to_tlv
2026,6,יום חול,4800,,281,21:42:00,,,to_tlv
2026,6,יום חול,5000,,985,21:42:00,,,to_tlv
2026,6,יום חול,9650,,682,21:42:00,,,from_tlv
2026,6,שבת,5800,,7222,21:42:00,,,from_tlv
2026,6,יום חול,3500,,8674,21:43:00,,,to_tlv
2026,6,יום חול,3500,,283,21:43:00,,,from_tlv
2026,6,יום חול,3500,,284,21:43:00,,,to_tlv
2026,6,יום חול,3500,,674,21:43:00,,,to_tlv
2026,6,יום חול,4680,,8678,21:43:00,,,from_tlv
2026,6,יום חול,4800,,286,21:43:00,,,from_tlv
2026,6,יום חול,4680,,678,21:43:00,,,from_tlv
2026,6,שבת,3700,,7220,21:43:00,,,to_tlv
2026,6,שבת,4600,,7719,21:43:00,,,to_tlv
2026,6,יום חול,9000,,673,21:43:00,,,to_tlv
2026,6,שבת,7500,,7830,21:43:00,,,from_tlv
2026,6,שבת,4900,,7612,21:43:00,,,to_tlv
2026,6,יום חול,400,,179,21:44:00,,,to_tlv
2026,6,יום חול,4250,,676,21:44:00,,,to_tlv
2026,6,יום חול,4250,,8676,21:44:00,,,to_tlv
2026,6,יום חול,4900,,131,21:44:00,,,to_tlv
2026,6,שבת,3400,,7503,21:44:00,,,from_tlv
2026,6,שבת,9600,,7614,21:44:00,,,from_tlv
2026,6,שבת,5800,,7222,21:44:00,,,from_tlv
2026,6,שבת,2200,,7062,21:44:00,,,to_tlv
2026,6,יום חול,1400,,470,21:45:00,,,to_tlv
2026,6,יום חול,1260,,97,21:45:00,,,from_tlv
2026,6,יום חול,1600,,135,21:45:00,,,from_tlv
2026,6,יום חול,4600,,774,21:45:00,,,to_tlv
2026,6,יום חול,4900,,8675,21:45:00,,,to_tlv
2026,6,יום חול,4900,,675,21:45:00,,,to_tlv
2026,6,יום חול,7300,,54,21:45:00,,,from_tlv
2026,6,יום חול,7300,,47,21:45:00,,,to_tlv
2026,6,יום חול,9650,,671,21:45:00,,,to_tlv
2026,6,יום חול,1300,,180,21:46:00,,,to_tlv
2026,6,יום חול,2500,,133,21:46:00,,,from_tlv
2026,6,יום חול,4660,,678,21:46:00,,,from_tlv
2026,6,יום חול,4660,,8678,21:46:00,,,from_tlv
2026,6,יום חול,4600,,777,21:46:00,,,to_tlv
2026,6,שבת,3700,,7051,21:46:00,,,to_tlv
2026,6,שבת,4600,,7612,21:46:00,,,to_tlv
2026,6,שבת,3600,,7220,21:46:00,,,to_tlv
2026,6,יום חול,1260,,96,21:47:00,,,to_tlv
2026,6,יום חול,3100,,285,21:47:00,,,from_tlv
2026,6,שבת,9600,,7614,21:47:00,,,from_tlv
2026,6,יום חול,9650,,671,21:47:00,,,to_tlv
2026,6,שבת,4900,,7719,21:47:00,,,to_tlv
2026,6,יום חול,2820,,282,21:48:00,,,to_tlv
2026,6,שבת,2100,,7062,21:48:00,,,to_tlv
2026,6,יום חול,3600,,283,21:49:00,,,to_tlv
2026,6,יום חול,3500,,679,21:49:00,,,from_tlv
2026,6,יום חול,3500,,8679,21:49:00,,,from_tlv
2026,6,יום חול,4640,,678,21:49:00,,,from_tlv
2026,6,יום חול,4640,,8678,21:49:00,,,from_tlv
2026,6,יום חול,5000,,281,21:49:00,,,to_tlv
2026,6,שבת,1220,,7061,21:49:00,,,from_tlv
2026,6,יום חול,8800,,676,21:49:00,,,to_tlv
2026,6,שבת,1240,,7062,21:49:00,,,to_tlv
2026,6,שבת,4600,,7051,21:49:00,,,to_tlv
2026,6,יום חול,8800,,8676,21:49:00,,,to_tlv
2026,6,יום חול,6300,,534,21:49:00,,,from_tlv
2026,6,יום חול,400,,184,21:50:00,,,from_tlv
2026,6,יום חול,3700,,533,21:50:00,,,to_tlv
2026,6,יום חול,3700,,774,21:50:00,,,to_tlv
2026,6,יום חול,4640,,675,21:50:00,,,to_tlv
2026,6,יום חול,5000,,932,21:50:00,,,from_tlv
2026,6,יום חול,4640,,8675,21:50:00,,,to_tlv
2026,6,יום חול,6900,,49,21:50:00,,,to_tlv
2026,6,שבת,3700,,7612,21:50:00,,,to_tlv
2026,6,יום חול,700,,180,21:51:00,,,to_tlv
2026,6,יום חול,4900,,286,21:51:00,,,to_tlv
2026,6,שבת,7320,,7052,21:51:00,,,from_tlv
2026,6,יום חול,7300,,669,21:51:00,,,to_tlv
2026,6,יום חול,680,,775,21:52:00,,,to_tlv
2026,6,יום חול,1400,,473,21:52:00,,,from_tlv
2026,6,יום חול,3400,,284,21:52:00,,,to_tlv
2026,6,יום חול,4600,,533,21:52:00,,,to_tlv
2026,6,יום חול,4900,,678,21:52:00,,,to_tlv
2026,6,יום חול,4900,,777,21:52:00,,,to_tlv
2026,6,יום חול,4900,,8678,21:52:00,,,to_tlv
2026,6,יום חול,5010,,52,21:52:00,,,from_tlv
2026,6,יום חול,8600,,776,21:52:00,,,from_tlv
2026,6,יום חול,9600,,682,21:52:00,,,from_tlv
2026,6,יום חול,1500,,135,21:53:00,,,from_tlv
2026,6,יום חול,2800,,282,21:53:00,,,to_tlv
2026,6,יום חול,5200,,985,21:53:00,,,to_tlv
2026,6,שבת,3500,,7503,21:53:00,,,from_tlv
2026,6,שבת,2800,,7223,21:53:00,,,from_tlv
2026,6,יום חול,1250,,97,21:54:00,,,from_tlv
2026,6,יום חול,2940,,8679,21:54:00,,,from_tlv
2026,6,יום חול,2940,,679,21:54:00,,,from_tlv
2026,6,יום חול,3700,,283,21:54:00,,,to_tlv
2026,6,יום חול,4660,,8675,21:54:00,,,to_tlv
2026,6,יום חול,4660,,675,21:54:00,,,to_tlv
2026,6,יום חול,5800,,673,21:54:00,,,to_tlv
2026,6,יום חול,5800,,673,21:54:00,,,to_tlv
2026,6,יום חול,8600,,131,21:54:00,,,to_tlv
2026,6,שבת,3500,,7220,21:54:00,,,to_tlv
2026,6,שבת,5410,,7222,21:54:00,,,from_tlv
2026,6,יום חול,9700,,671,21:54:00,,,to_tlv
2026,6,שבת,4900,,7051,21:54:00,,,to_tlv
2026,6,יום חול,1400,,180,21:55:00,,,to_tlv
2026,6,יום חול,700,,473,21:55:00,,,from_tlv
2026,6,יום חול,3600,,774,21:55:00,,,to_tlv
2026,6,שבת,680,,7720,21:55:00,,,to_tlv
2026,6,יום חול,5010,,52,21:55:00,,,from_tlv
2026,6,יום חול,7320,,47,21:55:00,,,to_tlv
2026,6,שבת,3600,,7612,21:55:00,,,to_tlv
2026,6,שבת,1230,,7062,21:55:00,,,to_tlv
2026,6,יום חול,8700,,8676,21:55:00,,,to_tlv
2026,6,שבת,5900,,7614,21:55:00,,,from_tlv
2026,6,יום חול,8700,,676,21:55:00,,,to_tlv
2026,6,יום חול,300,,184,21:56:00,,,to_tlv
2026,6,יום חול,3310,,284,21:56:00,,,to_tlv
2026,6,יום חול,4600,,286,21:56:00,,,to_tlv
2026,6,יום חול,5300,,281,21:56:00,,,to_tlv
2026,6,שבת,2100,,7125,21:56:00,,,from_tlv
2026,6,יום חול,9700,,671,21:56:00,,,to_tlv
2026,6,שבת,2100,,7061,21:56:00,,,from_tlv
2026,6,יום חול,3300,,285,21:57:00,,,from_tlv
2026,6,יום חול,4600,,8678,21:57:00,,,to_tlv
2026,6,יום חול,4600,,678,21:57:00,,,to_tlv
2026,6,יום חול,4900,,533,21:57:00,,,to_tlv
2026,6,יום חול,8550,,54,21:57:00,,,from_tlv
2026,6,שבת,1250,,7062,21:57:00,,,to_tlv
2026,6,שבת,8600,,7719,21:57:00,,,to_tlv
2026,6,שבת,2820,,7223,21:57:00,,,from_tlv
2026,6,יום חול,2800,,182,21:58:00,,,to_tlv
2026,6,יום חול,2960,,8679,21:58:00,,,from_tlv
2026,6,יום חול,2960,,679,21:58:00,,,from_tlv
2026,6,יום חול,4600,,283,21:58:00,,,to_tlv
2026,6,יום חול,4680,,675,21:58:00,,,to_tlv
2026,6,יום חול,4680,,8675,21:58:00,,,to_tlv
2026,6,יום חול,9200,,676,21:58:00,,,to_tlv
2026,6,שבת,3700,,7153,21:58:00,,,to_tlv
2026,6,שבת,5900,,7614,21:58:00,,,from_tlv
2026,6,יום חול,9200,,8676,21:58:00,,,to_tlv
2026,6,שבת,7300,,7052,21:58:00,,,from_tlv
2026,6,יום חול,1300,,473,21:59:00,,,to_tlv
2026,6,יום חול,3500,,779,21:59:00,,,from_tlv
2026,6,יום חול,6150,,49,21:59:00,,,to_tlv
2026,6,יום חול,7320,,669,21:59:00,,,to_tlv
2026,6,שבת,2200,,7125,21:59:00,,,from_tlv
2026,6,יום חול,1280,,96,22:00:00,,,to_tlv
2026,6,יום חול,1820,,470,22:00:00,,,to_tlv
2026,6,יום חול,3700,,286,22:00:00,,,to_tlv
2026,6,יום חול,3700,,678,22:00:00,,,to_tlv
2026,6,יום חול,3700,,8678,22:00:00,,,to_tlv
2026,6,יום חול,5000,,52,22:00:00,,,from_tlv
2026,6,שבת,2100,,7122,22:00:00,,,to_tlv
2026,6,יום חול,5900,,290,22:00:00,,,from_tlv
2026,6,שבת,3600,,7503,22:00:00,,,to_tlv
2026,6,שבת,2500,,7064,22:00:00,,,to_tlv
2026,6,שבת,5010,,7502,22:00:00,,,from_tlv
2026,6,יום חול,1240,,97,22:01:00,,,from_tlv
2026,6,יום חול,2800,,133,22:01:00,,,from_tlv
2026,6,יום חול,2960,,676,22:01:00,,,to_tlv
2026,6,יום חול,2960,,8676,22:01:00,,,to_tlv
2026,6,יום חול,3300,,284,22:01:00,,,to_tlv
2026,6,שבת,4600,,7153,22:01:00,,,to_tlv
2026,6,שבת,2200,,7061,22:01:00,,,from_tlv
2026,6,שבת,4100,,7612,22:01:00,,,to_tlv
2026,6,יום חול,680,,778,22:02:00,,,to_tlv
2026,6,יום חול,3310,,285,22:02:00,,,from_tlv
2026,6,יום חול,3700,,181,22:02:00,,,to_tlv
2026,6,יום חול,4900,,776,22:02:00,,,to_tlv
2026,6,יום חול,4690,,8675,22:02:00,,,to_tlv
2026,6,יום חול,4690,,675,22:02:00,,,to_tlv
2026,6,יום חול,5200,,281,22:02:00,,,to_tlv
2026,6,שבת,5200,,7222,22:02:00,,,from_tlv
2026,6,יום חול,9200,,8679,22:02:00,,,from_tlv
2026,6,יום חול,9200,,679,22:02:00,,,from_tlv
2026,6,שבת,4900,,7154,22:02:00,,,to_tlv
2026,6,שבת,4900,,7221,22:02:00,,,to_tlv
2026,6,יום חול,1220,,473,22:03:00,,,from_tlv
2026,6,יום חול,2300,,98,22:03:00,,,to_tlv
2026,6,יום חול,3500,,774,22:03:00,,,to_tlv
2026,6,יום חול,4900,,283,22:03:00,,,to_tlv
2026,6,יום חול,8600,,777,22:03:00,,,to_tlv
2026,6,יום חול,1400,,135,22:04:00,,,from_tlv
2026,6,יום חול,5900,,682,22:04:00,,,from_tlv
2026,6,יום חול,5900,,673,22:04:00,,,to_tlv
2026,6,שבת,3100,,7223,22:04:00,,,from_tlv
2026,6,יום חול,5900,,682,22:04:00,,,from_tlv
2026,6,יום חול,2940,,676,22:05:00,,,to_tlv
2026,6,יום חול,3400,,285,22:05:00,,,from_tlv
2026,6,יום חול,3600,,8678,22:05:00,,,to_tlv
2026,6,יום חול,2940,,8676,22:05:00,,,to_tlv
2026,6,יום חול,3600,,678,22:05:00,,,to_tlv
2026,6,יום חול,3600,,286,22:05:00,,,to_tlv
2026,6,יום חול,4600,,181,22:05:00,,,to_tlv
2026,6,שבת,3700,,7503,22:05:00,,,to_tlv
2026,6,יום חול,8700,,8679,22:05:00,,,from_tlv
2026,6,יום חול,9800,,675,22:05:00,,,to_tlv
2026,6,יום חול,9800,,8675,22:05:00,,,to_tlv
2026,6,שבת,1240,,7062,22:05:00,,,to_tlv
2026,6,שבת,1260,,7062,22:05:00,,,to_tlv
2026,6,שבת,2300,,7125,22:05:00,,,from_tlv
2026,6,שבת,5000,,7502,22:05:00,,,from_tlv
2026,6,שבת,4600,,7154,22:05:00,,,to_tlv
2026,6,שבת,5800,,7614,22:05:00,,,from_tlv
2026,6,יום חול,8700,,679,22:05:00,,,from_tlv
2026,6,שבת,3400,,7220,22:05:00,,,to_tlv
2026,6,יום חול,3600,,779,22:06:00,,,to_tlv
2026,6,שבת,1220,,7122,22:06:00,,,to_tlv
2026,6,שבת,4170,,7612,22:06:00,,,to_tlv
2026,6,שבת,4900,,7153,22:06:00,,,to_tlv
2026,6,שבת,7320,,7616,22:06:00,,,from_tlv
2026,6,יום חול,1500,,180,22:07:00,,,to_tlv
2026,6,יום חול,2800,,287,22:07:00,,,from_tlv
2026,6,יום חול,4600,,776,22:07:00,,,to_tlv
2026,6,יום חול,5150,,533,22:07:00,,,to_tlv
2026,6,יום חול,8600,,184,22:07:00,,,from_tlv
2026,6,שבת,2100,,7155,22:07:00,,,from_tlv
2026,6,שבת,1840,,7443,22:07:00,,,from_tlv
2026,6,שבת,7300,,7830,22:07:00,,,from_tlv
2026,6,יום חול,300,,131,22:08:00,,,from_tlv
2026,6,יום חול,700,,135,22:08:00,,,from_tlv
2026,6,יום חול,5010,,534,22:08:00,,,from_tlv
2026,6,שבת,5000,,7051,22:08:00,,,to_tlv
2026,6,שבת,1280,,7063,22:08:00,,,from_tlv
2026,6,שבת,5800,,7614,22:08:00,,,from_tlv
2026,6,יום חול,5800,,290,22:08:00,,,from_tlv
2026,6,שבת,5300,,7222,22:08:00,,,from_tlv
2026,6,יום חול,2200,,98,22:09:00,,,to_tlv
2026,6,יום חול,3700,,51,22:09:00,,,to_tlv
2026,6,שבת,8550,,7052,22:09:00,,,from_tlv
2026,6,שבת,7320,,7616,22:09:00,,,from_tlv
2026,6,שבת,2300,,7064,22:09:00,,,to_tlv
2026,6,שבת,4800,,7221,22:09:00,,,to_tlv
2026,6,שבת,2300,,7061,22:09:00,,,from_tlv
2026,6,יום חול,3100,,284,22:10:00,,,to_tlv
2026,6,יום חול,4900,,181,22:10:00,,,to_tlv
2026,6,שבת,1300,,7122,22:10:00,,,to_tlv
2026,6,שבת,3700,,7154,22:10:00,,,to_tlv
2026,6,יום חול,7300,,671,22:10:00,,,to_tlv
2026,6,יום חול,5800,,290,22:10:00,,,from_tlv
2026,6,שבת,2200,,7155,22:10:00,,,from_tlv
2026,6,שבת,4600,,7503,22:10:00,,,to_tlv
2026,6,שבת,5800,,7614,22:10:00,,,from_tlv
2026,6,יום חול,1230,,97,22:11:00,,,from_tlv
2026,6,יום חול,2820,,287,22:11:00,,,from_tlv
2026,6,יום חול,2300,,472,22:11:00,,,to_tlv
2026,6,יום חול,2100,,473,22:11:00,,,from_tlv
2026,6,יום חול,3700,,776,22:11:00,,,to_tlv
2026,6,יום חול,3500,,676,22:11:00,,,to_tlv
2026,6,יום חול,3500,,8676,22:11:00,,,to_tlv
2026,6,יום חול,4100,,678,22:11:00,,,to_tlv
2026,6,יום חול,4100,,8678,22:11:00,,,to_tlv
2026,6,יום חול,5410,,281,22:11:00,,,to_tlv
2026,6,שבת,4250,,7612,22:11:00,,,to_tlv
2026,6,יום חול,8800,,8679,22:11:00,,,from_tlv
2026,6,יום חול,8800,,679,22:11:00,,,from_tlv
2026,6,שבת,3300,,7220,22:11:00,,,to_tlv
2026,6,יום חול,1300,,135,22:12:00,,,to_tlv
2026,6,יום חול,4600,,51,22:12:00,,,to_tlv
2026,6,יום חול,3700,,779,22:12:00,,,to_tlv
2026,6,יום חול,4800,,283,22:12:00,,,to_tlv
2026,6,יום חול,7320,,686,22:12:00,,,from_tlv
2026,6,יום חול,7300,,671,22:12:00,,,to_tlv
2026,6,יום חול,2100,,98,22:13:00,,,to_tlv
2026,6,יום חול,2500,,182,22:13:00,,,to_tlv
2026,6,יום חול,3500,,286,22:13:00,,,to_tlv
2026,6,יום חול,3500,,285,22:13:00,,,from_tlv
2026,6,יום חול,5000,,534,22:13:00,,,from_tlv
2026,6,יום חול,4900,,52,22:13:00,,,to_tlv
2026,6,יום חול,5000,,533,22:13:00,,,to_tlv
2026,6,יום חול,7000,,49,22:13:00,,,to_tlv
2026,6,שבת,1250,,7062,22:13:00,,,to_tlv
2026,6,שבת,7300,,7616,22:13:00,,,from_tlv
2026,6,יום חול,1840,,470,22:14:00,,,to_tlv
2026,6,יום חול,5800,,682,22:14:00,,,from_tlv
2026,6,יום חול,9000,,8675,22:14:00,,,to_tlv
2026,6,שבת,1220,,7061,22:14:00,,,from_tlv
2026,6,שבת,1400,,7122,22:14:00,,,to_tlv
2026,6,שבת,1820,,7443,22:14:00,,,from_tlv
2026,6,שבת,3300,,7223,22:14:00,,,from_tlv
2026,6,יום חול,9000,,675,22:14:00,,,to_tlv
2026,6,שבת,5010,,7051,22:14:00,,,to_tlv
2026,6,יום חול,7000,,54,22:15:00,,,from_tlv
2026,6,שבת,5000,,7222,22:15:00,,,from_tlv
2026,6,שבת,4900,,7503,22:15:00,,,to_tlv
2026,6,שבת,8600,,7720,22:15:00,,,from_tlv
2026,6,שבת,3600,,7154,22:15:00,,,to_tlv
2026,6,יום חול,400,,131,22:16:00,,,to_tlv
2026,6,יום חול,2200,,473,22:16:00,,,from_tlv
2026,6,יום חול,3600,,776,22:16:00,,,to_tlv
2026,6,יום חול,4170,,8678,22:16:00,,,to_tlv
2026,6,יום חול,4170,,678,22:16:00,,,to_tlv
2026,6,יום חול,5000,,933,22:16:00,,,to_tlv
2026,6,יום חול,5800,,8682,22:16:00,,,from_tlv
2026,6,שבת,5900,,7613,22:16:00,,,to_tlv
2026,6,שבת,8600,,7153,22:16:00,,,to_tlv
2026,6,שבת,5000,,7221,22:16:00,,,to_tlv
2026,6,שבת,2300,,7155,22:16:00,,,from_tlv
2026,6,שבת,9000,,7614,22:16:00,,,from_tlv
2026,6,שבת,7300,,7616,22:16:00,,,from_tlv
2026,6,יום חול,1220,,135,22:17:00,,,from_tlv
2026,6,יום חול,1600,,180,22:17:00,,,to_tlv
2026,6,יום חול,3100,,287,22:17:00,,,from_tlv
2026,6,יום חול,4250,,679,22:17:00,,,from_tlv
2026,6,יום חול,4250,,8679,22:17:00,,,from_tlv
2026,6,שבת,2200,,7064,22:17:00,,,to_tlv
2026,6,שבת,8800,,7612,22:17:00,,,to_tlv
2026,6,יום חול,2200,,472,22:18:00,,,to_tlv
2026,6,יום חול,2100,,97,22:18:00,,,from_tlv
2026,6,יום חול,2820,,284,22:18:00,,,to_tlv
2026,6,יום חול,4600,,52,22:18:00,,,to_tlv
2026,6,יום חול,4600,,779,22:18:00,,,to_tlv
2026,6,יום חול,4900,,184,22:18:00,,,to_tlv
2026,6,יום חול,5010,,533,22:18:00,,,to_tlv
2026,6,יום חול,4900,,51,22:18:00,,,to_tlv
2026,6,יום חול,5150,,534,22:18:00,,,from_tlv
2026,6,יום חול,5410,,290,22:18:00,,,from_tlv
2026,6,שבת,4900,,7502,22:18:00,,,to_tlv
2026,6,שבת,2300,,7064,22:18:00,,,to_tlv
2026,6,יום חול,3600,,285,22:19:00,,,to_tlv
2026,6,יום חול,5000,,283,22:19:00,,,to_tlv
2026,6,יום חול,7300,,686,22:19:00,,,from_tlv
2026,6,יום חול,7320,,671,22:19:00,,,to_tlv
2026,6,שבת,2300,,7442,22:19:00,,,to_tlv
2026,6,שבת,9000,,7614,22:19:00,,,from_tlv
2026,6,יום חול,1230,,98,22:20:00,,,to_tlv
2026,6,יום חול,4250,,8678,22:20:00,,,to_tlv
2026,6,יום חול,4250,,678,22:20:00,,,to_tlv
2026,6,יום חול,5800,,281,22:20:00,,,to_tlv
2026,6,יום חול,5800,,281,22:20:00,,,to_tlv
2026,6,שבת,2500,,7061,22:20:00,,,from_tlv
2026,6,יום חול,8600,,181,22:20:00,,,to_tlv
2026,6,שבת,1280,,7062,22:20:00,,,to_tlv
2026,6,שבת,2100,,7061,22:20:00,,,from_tlv
2026,6,שבת,3400,,7223,22:20:00,,,from_tlv
2026,6,שבת,3100,,7220,22:21:00,,,to_tlv
2026,6,יום חול,7320,,671,22:21:00,,,to_tlv
2026,6,שבת,1260,,7062,22:21:00,,,to_tlv
2026,6,שבת,2100,,7064,22:21:00,,,to_tlv
2026,6,יום חול,2300,,182,22:22:00,,,to_tlv
2026,6,יום חול,2100,,472,22:22:00,,,to_tlv
2026,6,יום חול,3400,,286,22:22:00,,,to_tlv
2026,6,יום חול,3700,,52,22:22:00,,,to_tlv
2026,6,יום חול,4170,,679,22:22:00,,,from_tlv
2026,6,יום חול,4170,,8679,22:22:00,,,from_tlv
2026,6,שבת,680,,7719,22:22:00,,,to_tlv
2026,6,שבת,4800,,7222,22:22:00,,,from_tlv
2026,6,יום חול,2200,,97,22:23:00,,,from_tlv
2026,6,יום חול,2800,,284,22:23:00,,,to_tlv
2026,6,יום חול,3500,,776,22:23:00,,,to_tlv
2026,6,יום חול,4600,,184,22:23:00,,,to_tlv
2026,6,יום חול,4900,,779,22:23:00,,,to_tlv
2026,6,שבת,3700,,7615,22:23:00,,,to_tlv
2026,6,שבת,4600,,7502,22:23:00,,,to_tlv
2026,6,יום חול,8600,,778,22:23:00,,,from_tlv
2026,6,שבת,3700,,8615,22:23:00,,,to_tlv
2026,6,שבת,6900,,7051,22:23:00,,,to_tlv
2026,6,שבת,1260,,7063,22:23:00,,,from_tlv
2026,6,שבת,8700,,7612,22:23:00,,,to_tlv
2026,6,שבת,5300,,7221,22:23:00,,,to_tlv
2026,6,יום חול,2300,,473,22:24:00,,,from_tlv
2026,6,יום חול,3700,,285,22:24:00,,,to_tlv
2026,6,שבת,3700,,7143,22:24:00,,,to_tlv
2026,6,שבת,9800,,7614,22:24:00,,,from_tlv
2026,6,שבת,3500,,7721,22:24:00,,,from_tlv
2026,6,יום חול,5200,,290,22:24:00,,,from_tlv
2026,6,יום חול,2100,,135,22:25:00,,,from_tlv
2026,6,יום חול,5800,,675,22:25:00,,,to_tlv
2026,6,יום חול,9000,,682,22:25:00,,,from_tlv
2026,6,יום חול,9000,,8682,22:25:00,,,from_tlv
2026,6,שבת,2200,,7064,22:25:00,,,to_tlv
2026,6,יום חול,8800,,8678,22:25:00,,,to_tlv
2026,6,יום חול,5800,,8675,22:25:00,,,to_tlv
2026,6,יום חול,9100,,933,22:25:00,,,to_tlv
2026,6,שבת,2100,,7152,22:25:00,,,to_tlv
2026,6,שבת,2200,,7442,22:25:00,,,to_tlv
2026,6,שבת,400,,7146,22:25:00,,,from_tlv
2026,6,שבת,4600,,7615,22:25:00,,,to_tlv
2026,6,שבת,2500,,7155,22:25:00,,,from_tlv
2026,6,שבת,4600,,8615,22:25:00,,,to_tlv
2026,6,שבת,9600,,7613,22:25:00,,,to_tlv
2026,6,שבת,4900,,7720,22:25:00,,,to_tlv
2026,6,יום חול,8800,,678,22:25:00,,,to_tlv
2026,6,שבת,7000,,7052,22:25:00,,,from_tlv
2026,6,יום חול,3310,,286,22:26:00,,,to_tlv
2026,6,יום חול,5300,,283,22:26:00,,,to_tlv
2026,6,שבת,1400,,7443,22:26:00,,,from_tlv
2026,6,שבת,9600,,7613,22:26:00,,,to_tlv
2026,6,שבת,2200,,7061,22:26:00,,,from_tlv
2026,6,יום חול,3300,,287,22:27:00,,,from_tlv
2026,6,יום חול,3700,,184,22:27:00,,,to_tlv
2026,6,יום חול,4100,,679,22:27:00,,,from_tlv
2026,6,יום חול,4100,,8679,22:27:00,,,from_tlv
2026,6,שבת,3700,,7502,22:27:00,,,to_tlv
2026,6,שבת,7500,,7990,22:27:00,,,from_tlv
2026,6,שבת,9800,,7614,22:27:00,,,from_tlv
2026,6,שבת,9700,,7616,22:27:00,,,from_tlv
2026,6,שבת,4600,,7143,22:27:00,,,to_tlv
2026,6,שבת,9200,,7612,22:27:00,,,to_tlv
2026,6,יום חול,3600,,133,22:28:00,,,to_tlv
2026,6,יום חול,4600,,285,22:28:00,,,to_tlv
2026,6,יום חול,4900,,534,22:28:00,,,to_tlv
2026,6,שבת,2820,,7220,22:28:00,,,to_tlv
2026,6,שבת,1230,,7064,22:28:00,,,to_tlv
2026,6,שבת,5200,,7221,22:28:00,,,to_tlv
2026,6,יום חול,680,,777,22:29:00,,,to_tlv
2026,6,יום חול,2200,,182,22:29:00,,,to_tlv
2026,6,יום חול,3500,,781,22:29:00,,,from_tlv
2026,6,יום חול,6150,,54,22:29:00,,,from_tlv
2026,6,יום חול,5900,,281,22:29:00,,,to_tlv
2026,6,שבת,3500,,7223,22:29:00,,,from_tlv
2026,6,שבת,2100,,7064,22:29:00,,,to_tlv
2026,6,שבת,680,,7544,22:29:00,,,to_tlv
2026,6,שבת,4600,,7720,22:29:00,,,to_tlv
2026,6,שבת,2100,,7442,22:29:00,,,to_tlv
2026,6,שבת,5000,,7503,22:29:00,,,to_tlv
2026,6,שבת,300,,7153,22:29:00,,,from_tlv
2026,6,יום חול,1240,,98,22:30:00,,,to_tlv
2026,6,יום חול,1220,,472,22:30:00,,,to_tlv
2026,6,יום חול,2200,,135,22:30:00,,,from_tlv
2026,6,יום חול,5300,,290,22:30:00,,,from_tlv
2026,6,שבת,3600,,7721,22:30:00,,,to_tlv
2026,6,שבת,4900,,7615,22:30:00,,,to_tlv
2026,6,שבת,9700,,7616,22:30:00,,,from_tlv
2026,6,שבת,1250,,7063,22:30:00,,,from_tlv
2026,6,שבת,4900,,8615,22:30:00,,,to_tlv
2026,6,יום חול,1280,,99,22:31:00,,,from_tlv
2026,6,יום חול,2300,,97,22:31:00,,,from_tlv
2026,6,יום חול,3300,,286,22:31:00,,,to_tlv
2026,6,יום חול,5200,,283,22:31:00,,,to_tlv
2026,6,יום חול,8700,,8678,22:31:00,,,to_tlv
2026,6,שבת,400,,7156,22:31:00,,,from_tlv
2026,6,יום חול,8700,,678,22:31:00,,,to_tlv
2026,6,שבת,1600,,7157,22:31:00,,,from_tlv
2026,6,שבת,4900,,7222,22:31:00,,,to_tlv
2026,6,שבת,300,,7146,22:31:00,,,to_tlv
2026,6,שבת,1220,,7152,22:31:00,,,to_tlv
2026,6,שבת,4680,,7614,22:31:00,,,from_tlv
2026,6,יום חול,680,,780,22:32:00,,,to_tlv
2026,6,יום חול,3310,,287,22:32:00,,,from_tlv
2026,6,יום חול,3600,,184,22:32:00,,,to_tlv
2026,6,יום חול,3600,,679,22:32:00,,,to_tlv
2026,6,יום חול,3600,,8679,22:32:00,,,to_tlv
2026,6,שבת,6150,,7051,22:32:00,,,to_tlv
2026,6,שבת,4680,,7614,22:32:00,,,from_tlv
2026,6,שבת,3600,,7502,22:32:00,,,to_tlv
2026,6,שבת,5900,,7224,22:32:00,,,from_tlv
2026,6,יום חול,2100,,182,22:33:00,,,to_tlv
2026,6,יום חול,3700,,133,22:33:00,,,to_tlv
2026,6,יום חול,4600,,534,22:33:00,,,to_tlv
2026,6,יום חול,4900,,285,22:33:00,,,to_tlv
2026,6,יום חול,4900,,778,22:33:00,,,to_tlv
2026,6,יום חול,8600,,779,22:33:00,,,to_tlv
2026,6,שבת,2800,,7220,22:33:00,,,to_tlv
2026,6,שבת,3500,,8617,22:33:00,,,from_tlv
2026,6,שבת,4900,,7143,22:33:00,,,to_tlv
2026,6,שבת,3700,,7720,22:33:00,,,to_tlv
2026,6,שבת,3500,,7617,22:33:00,,,from_tlv
2026,6,יום חול,300,,181,22:34:00,,,from_tlv
2026,6,יום חול,1840,,475,22:34:00,,,from_tlv
2026,6,יום חול,9200,,8678,22:34:00,,,to_tlv
2026,6,יום חול,8550,,49,22:34:00,,,to_tlv
2026,6,שבת,2300,,7061,22:34:00,,,from_tlv
2026,6,שבת,3300,,7505,22:34:00,,,from_tlv
2026,6,שבת,1300,,7443,22:34:00,,,to_tlv
2026,6,שבת,9650,,7613,22:34:00,,,to_tlv
2026,6,יום חול,9200,,678,22:34:00,,,to_tlv
2026,6,שבת,1280,,7063,22:34:00,,,from_tlv
2026,6,יום חול,1300,,472,22:35:00,,,to_tlv
2026,6,יום חול,3400,,287,22:35:00,,,from_tlv
2026,6,שבת,2940,,7612,22:35:00,,,to_tlv
2026,6,יום חול,5000,,51,22:35:00,,,to_tlv
2026,6,יום חול,5900,,675,22:35:00,,,to_tlv
2026,6,שבת,3700,,7721,22:35:00,,,to_tlv
2026,6,שבת,5010,,7503,22:35:00,,,to_tlv
2026,6,שבת,9650,,7616,22:35:00,,,from_tlv
2026,6,שבת,4660,,7614,22:35:00,,,from_tlv
2026,6,יום חול,2300,,135,22:36:00,,,from_tlv
2026,6,יום חול,3600,,781,22:36:00,,,to_tlv
2026,6,שבת,1300,,7152,22:36:00,,,to_tlv
2026,6,שבת,4660,,8615,22:36:00,,,to_tlv
2026,6,שבת,3600,,7223,22:36:00,,,to_tlv
2026,6,יום חול,9800,,8682,22:36:00,,,from_tlv
2026,6,שבת,4600,,7222,22:36:00,,,to_tlv
2026,6,שבת,400,,7153,22:36:00,,,to_tlv
2026,6,שבת,1230,,7064,22:36:00,,,to_tlv
2026,6,שבת,4660,,7615,22:36:00,,,to_tlv
2026,6,יום חול,5000,,290,22:36:00,,,from_tlv
2026,6,יום חול,9800,,682,22:36:00,,,from_tlv
2026,6,שבת,300,,7156,22:36:00,,,to_tlv
2026,6,יום חול,2800,,289,22:37:00,,,from_tlv
2026,6,יום חול,2960,,678,22:37:00,,,to_tlv
2026,6,יום חול,2960,,8678,22:37:00,,,to_tlv
2026,6,יום חול,3700,,8679,22:37:00,,,to_tlv
2026,6,יום חול,3700,,534,22:37:00,,,to_tlv
2026,6,יום חול,3700,,679,22:37:00,,,to_tlv
2026,6,יום חול,5900,,675,22:37:00,,,to_tlv
2026,6,שבת,1220,,7442,22:37:00,,,to_tlv
2026,6,יום חול,7320,,56,22:37:00,,,from_tlv
2026,6,שבת,4660,,7614,22:37:00,,,from_tlv
2026,6,שבת,2800,,7155,22:37:00,,,from_tlv
2026,6,שבת,6150,,7052,22:37:00,,,from_tlv
2026,6,שבת,1280,,7062,22:37:00,,,to_tlv
2026,6,יום חול,9700,,686,22:37:00,,,from_tlv
2026,6,יום חול,1250,,98,22:38:00,,,to_tlv
2026,6,יום חול,4600,,133,22:38:00,,,to_tlv
2026,6,יום חול,4600,,778,22:38:00,,,to_tlv
2026,6,שבת,2940,,7617,22:38:00,,,from_tlv
2026,6,שבת,1220,,7443,22:38:00,,,from_tlv
2026,6,שבת,3600,,7720,22:38:00,,,to_tlv
2026,6,שבת,4660,,7615,22:38:00,,,to_tlv
2026,6,שבת,5410,,7221,22:38:00,,,to_tlv
2026,6,שבת,2940,,8617,22:38:00,,,from_tlv
2026,6,שבת,680,,7722,22:38:00,,,to_tlv
2026,6,שבת,1240,,7063,22:38:00,,,from_tlv
2026,6,שבת,1500,,7157,22:38:00,,,from_tlv
2026,6,שבת,9650,,7616,22:38:00,,,from_tlv
2026,6,יום חול,700,,472,22:39:00,,,to_tlv
2026,6,יום חול,6300,,533,22:39:00,,,to_tlv
2026,6,שבת,1240,,7064,22:39:00,,,to_tlv
2026,6,שבת,4600,,7721,22:39:00,,,to_tlv
2026,6,יום חול,3100,,286,22:40:00,,,to_tlv
2026,6,יום חול,4690,,682,22:40:00,,,from_tlv
2026,6,יום חול,4690,,8682,22:40:00,,,from_tlv
2026,6,יום חול,6900,,54,22:40:00,,,from_tlv
2026,6,שבת,3400,,7505,22:40:00,,,from_tlv
2026,6,שבת,2800,,7154,22:40:00,,,to_tlv
2026,6,שבת,3500,,7502,22:40:00,,,to_tlv
2026,6,שבת,1400,,7127,22:40:00,,,from_tlv
2026,6,שבת,4680,,7615,22:40:00,,,to_tlv
2026,6,שבת,4680,,8615,22:40:00,,,to_tlv
2026,6,יום חול,1220,,182,22:41:00,,,to_tlv
2026,6,יום חול,1820,,475,22:41:00,,,from_tlv
2026,6,יום חול,2820,,289,22:41:00,,,from_tlv
2026,6,יום חול,2940,,8678,22:41:00,,,to_tlv
2026,6,יום חול,2940,,678,22:41:00,,,to_tlv
2026,6,יום חול,3700,,781,22:41:00,,,to_tlv
2026,6,יום חול,4600,,679,22:41:00,,,to_tlv
2026,6,יום חול,4600,,8679,22:41:00,,,to_tlv
2026,6,שבת,3700,,7223,22:41:00,,,to_tlv
2026,6,שבת,3700,,7222,22:41:00,,,to_tlv
2026,6,יום חול,5010,,51,22:41:00,,,to_tlv
2026,6,שבת,5800,,7224,22:41:00,,,from_tlv
2026,6,יום חול,400,,181,22:42:00,,,to_tlv
2026,6,יום חול,4800,,285,22:42:00,,,to_tlv
2026,6,שבת,3500,,7612,22:42:00,,,to_tlv
2026,6,שבת,8600,,7146,22:42:00,,,from_tlv
2026,6,שבת,4680,,7615,22:42:00,,,to_tlv
2026,6,שבת,400,,7545,22:42:00,,,to_tlv
2026,6,שבת,4900,,7614,22:42:00,,,to_tlv
2026,6,שבת,9100,,7904,22:42:00,,,from_tlv
2026,6,שבת,6300,,7504,22:42:00,,,from_tlv
2026,6,שבת,1300,,7442,22:42:00,,,to_tlv
2026,6,יום חול,3500,,287,22:43:00,,,from_tlv
2026,6,יום חול,3700,,778,22:43:00,,,to_tlv
2026,6,יום חול,4680,,8682,22:43:00,,,from_tlv
2026,6,יום חול,4800,,290,22:43:00,,,from_tlv
2026,6,יום חול,4680,,682,22:43:00,,,from_tlv
2026,6,שבת,1300,,7127,22:43:00,,,to_tlv
2026,6,שבת,1400,,7152,22:43:00,,,to_tlv
2026,6,שבת,9700,,7613,22:43:00,,,to_tlv
2026,6,שבת,9700,,7613,22:43:00,,,to_tlv
2026,6,שבת,400,,7545,22:43:00,,,to_tlv
2026,6,שבת,5800,,7224,22:43:00,,,from_tlv
2026,6,שבת,8600,,7143,22:43:00,,,to_tlv
2026,6,יום חול,1600,,137,22:44:00,,,from_tlv
2026,6,יום חול,1400,,472,22:44:00,,,to_tlv
2026,6,יום חול,4900,,133,22:44:00,,,to_tlv
2026,6,שבת,4900,,7721,22:44:00,,,to_tlv
2026,6,שבת,9600,,7616,22:44:00,,,from_tlv
2026,6,שבת,7000,,7051,22:44:00,,,to_tlv
2026,6,יום חול,1260,,99,22:45:00,,,from_tlv
2026,6,יום חול,7300,,56,22:45:00,,,from_tlv
2026,6,יום חול,4900,,8679,22:45:00,,,to_tlv
2026,6,יום חול,4900,,679,22:45:00,,,to_tlv
2026,6,שבת,300,,7544,22:45:00,,,to_tlv
2026,6,שבת,4600,,7223,22:45:00,,,to_tlv
2026,6,יום חול,7300,,49,22:45:00,,,to_tlv
2026,6,שבת,9800,,7615,22:45:00,,,to_tlv
2026,6,שבת,9800,,8615,22:45:00,,,to_tlv
2026,6,שבת,3500,,7720,22:45:00,,,to_tlv
2026,6,יום חול,1300,,182,22:46:00,,,to_tlv
2026,6,יום חול,2500,,135,22:46:00,,,from_tlv
2026,6,יום חול,4660,,682,22:46:00,,,from_tlv
2026,6,יום חול,4600,,781,22:46:00,,,to_tlv
2026,6,יום חול,4660,,8682,22:46:00,,,from_tlv
2026,6,שבת,2800,,7225,22:46:00,,,from_tlv
2026,6,יום חול,9650,,686,22:46:00,,,from_tlv
2026,6,שבת,2100,,7443,22:46:00,,,from_tlv
2026,6,שבת,3600,,7222,22:46:00,,,to_tlv
2026,6,שבת,6900,,7052,22:46:00,,,from_tlv
2026,6,יום חול,1260,,98,22:47:00,,,to_tlv
2026,6,יום חול,3100,,289,22:47:00,,,from_tlv
2026,6,יום חול,3500,,678,22:47:00,,,to_tlv
2026,6,יום חול,3500,,8678,22:47:00,,,to_tlv
2026,6,שבת,4600,,7614,22:47:00,,,to_tlv
2026,6,שבת,1400,,7157,22:47:00,,,from_tlv
2026,6,שבת,9200,,7617,22:47:00,,,from_tlv
2026,6,שבת,5800,,7221,22:47:00,,,to_tlv
2026,6,שבת,5800,,7221,22:47:00,,,to_tlv
2026,6,שבת,1240,,7064,22:47:00,,,to_tlv
2026,6,שבת,1220,,7127,22:47:00,,,from_tlv
2026,6,יום חול,9600,,675,22:47:00,,,to_tlv
2026,6,שבת,9200,,8617,22:47:00,,,from_tlv
2026,6,שבת,9600,,7616,22:47:00,,,from_tlv
2026,6,יום חול,2820,,286,22:48:00,,,to_tlv
2026,6,יום חול,3600,,778,22:48:00,,,to_tlv
2026,6,שבת,9800,,7615,22:48:00,,,to_tlv
2026,6,שבת,8600,,7156,22:48:00,,,from_tlv
2026,6,שבת,300,,7545,22:48:00,,,from_tlv
2026,6,יום חול,3500,,8683,22:49:00,,,from_tlv
2026,6,יום חול,3600,,287,22:49:00,,,to_tlv
2026,6,יום חול,3500,,683,22:49:00,,,from_tlv
2026,6,יום חול,4640,,8682,22:49:00,,,from_tlv
2026,6,יום חול,4640,,682,22:49:00,,,from_tlv
2026,6,יום חול,5000,,285,22:49:00,,,to_tlv
2026,6,שבת,1260,,7063,22:49:00,,,from_tlv
2026,6,שבת,2300,,7124,22:49:00,,,to_tlv
2026,6,שבת,2820,,7225,22:49:00,,,from_tlv
2026,6,שבת,300,,7545,22:49:00,,,from_tlv
2026,6,שבת,1400,,7442,22:49:00,,,to_tlv
2026,6,שבת,3400,,7502,22:49:00,,,to_tlv
2026,6,שבת,3500,,7505,22:49:00,,,from_tlv
2026,6,יום חול,400,,186,22:50:00,,,from_tlv
2026,6,יום חול,4640,,8679,22:50:00,,,to_tlv
2026,6,יום חול,4640,,679,22:50:00,,,to_tlv
2026,6,יום חול,6900,,51,22:50:00,,,to_tlv
2026,6,שבת,3700,,7053,22:50:00,,,to_tlv
2026,6,שבת,4900,,7223,22:50:00,,,to_tlv
2026,6,שבת,1250,,7064,22:50:00,,,to_tlv
2026,6,שבת,8700,,7617,22:50:00,,,from_tlv
2026,6,שבת,8700,,8617,22:50:00,,,from_tlv
2026,6,שבת,3700,,7614,22:50:00,,,to_tlv
2026,6,שבת,4900,,7223,22:50:00,,,to_tlv
2026,6,שבת,7320,,7054,22:50:00,,,from_tlv
2026,6,יום חול,700,,182,22:51:00,,,to_tlv
2026,6,יום חול,4900,,290,22:51:00,,,to_tlv
2026,6,שבת,7300,,7990,22:51:00,,,from_tlv
2026,6,שבת,1230,,7063,22:51:00,,,from_tlv
2026,6,שבת,2200,,7443,22:51:00,,,from_tlv
2026,6,יום חול,1400,,475,22:52:00,,,from_tlv
2026,6,יום חול,1500,,137,22:52:00,,,from_tlv
2026,6,יום חול,4900,,682,22:52:00,,,to_tlv
2026,6,יום חול,4900,,781,22:52:00,,,to_tlv
2026,6,יום חול,5010,,54,22:52:00,,,from_tlv
2026,6,יום חול,4900,,8682,22:52:00,,,to_tlv
2026,6,יום חול,8600,,780,22:52:00,,,from_tlv
2026,6,שבת,1500,,7152,22:52:00,,,to_tlv
2026,6,שבת,4900,,7146,22:52:00,,,to_tlv
2026,6,שבת,5000,,7904,22:52:00,,,from_tlv
2026,6,שבת,400,,7544,22:52:00,,,from_tlv
2026,6,יום חול,2800,,286,22:53:00,,,to_tlv
2026,6,שבת,5410,,7224,22:53:00,,,from_tlv
2026,6,שבת,2500,,7154,22:53:00,,,to_tlv
2026,6,שבת,1300,,7157,22:53:00,,,to_tlv
2026,6,שבת,4600,,7053,22:53:00,,,to_tlv
2026,6,יום חול,1250,,99,22:54:00,,,from_tlv
2026,6,יום חול,2940,,683,22:54:00,,,from_tlv
2026,6,יום חול,2940,,8683,22:54:00,,,from_tlv
2026,6,יום חול,3700,,287,22:54:00,,,to_tlv
2026,6,יום חול,4660,,679,22:54:00,,,to_tlv
2026,6,יום חול,4660,,8679,22:54:00,,,to_tlv
2026,6,שבת,3500,,7222,22:54:00,,,to_tlv
2026,6,שבת,2200,,7124,22:54:00,,,to_tlv
2026,6,שבת,9000,,7615,22:54:00,,,to_tlv
2026,6,יום חול,8600,,133,22:54:00,,,to_tlv
2026,6,שבת,2100,,7127,22:54:00,,,from_tlv
2026,6,שבת,9000,,8615,22:54:00,,,to_tlv
2026,6,יום חול,1400,,182,22:55:00,,,to_tlv
2026,6,יום חול,700,,475,22:55:00,,,from_tlv
2026,6,יום חול,3500,,778,22:55:00,,,to_tlv
2026,6,יום חול,3600,,8183,22:55:00,,,to_tlv
2026,6,יום חול,5010,,54,22:55:00,,,from_tlv
2026,6,שבת,1250,,7064,22:55:00,,,to_tlv
2026,6,יום חול,7320,,49,22:55:00,,,to_tlv
2026,6,שבת,3100,,7225,22:55:00,,,from_tlv
2026,6,שבת,3600,,7614,22:55:00,,,to_tlv
2026,6,שבת,5900,,7616,22:55:00,,,from_tlv
2026,6,שבת,5010,,7052,22:55:00,,,from_tlv
2026,6,יום חול,300,,186,22:56:00,,,to_tlv
2026,6,יום חול,4600,,290,22:56:00,,,to_tlv
2026,6,יום חול,5300,,285,22:56:00,,,to_tlv
2026,6,שבת,8800,,7617,22:56:00,,,from_tlv
2026,6,שבת,300,,7143,22:56:00,,,from_tlv
2026,6,שבת,3300,,7502,22:56:00,,,to_tlv
2026,6,יום חול,9650,,675,22:56:00,,,to_tlv
2026,6,שבת,3600,,7505,22:56:00,,,to_tlv
2026,6,יום חול,9600,,686,22:56:00,,,from_tlv
2026,6,שבת,8800,,8617,22:56:00,,,from_tlv
2026,6,שבת,8600,,7721,22:56:00,,,to_tlv
2026,6,יום חול,3300,,289,22:57:00,,,from_tlv
2026,6,יום חול,4600,,8682,22:57:00,,,to_tlv
2026,6,יום חול,4600,,682,22:57:00,,,to_tlv
2026,6,שבת,4600,,7146,22:57:00,,,to_tlv
2026,6,יום חול,8550,,56,22:57:00,,,from_tlv
2026,6,שבת,7300,,7054,22:57:00,,,from_tlv
2026,6,שבת,9000,,7615,22:57:00,,,to_tlv
2026,6,שבת,1220,,7157,22:57:00,,,from_tlv
2026,6,שבת,7300,,7613,22:57:00,,,to_tlv
2026,6,שבת,1250,,7063,22:57:00,,,from_tlv
2026,6,יום חול,1820,,472,22:58:00,,,to_tlv
2026,6,יום חול,2960,,8683,22:58:00,,,from_tlv
2026,6,יום חול,2960,,683,22:58:00,,,from_tlv
2026,6,יום חול,4600,,287,22:58:00,,,to_tlv
2026,6,יום חול,3700,,8183,22:58:00,,,to_tlv
2026,6,יום חול,4680,,679,22:58:00,,,to_tlv
2026,6,יום חול,4680,,8679,22:58:00,,,to_tlv
2026,6,שבת,8600,,7722,22:58:00,,,from_tlv
2026,6,שבת,2100,,7063,22:58:00,,,from_tlv
2026,6,שבת,4800,,7223,22:58:00,,,to_tlv
2026,6,שבת,5900,,7616,22:58:00,,,from_tlv
2026,6,שבת,2100,,7124,22:58:00,,,to_tlv
2026,6,שבת,5900,,7221,22:58:00,,,to_tlv
2026,6,שבת,5900,,7616,22:58:00,,,from_tlv
2026,6,שבת,7300,,7613,22:58:00,,,to_tlv
2026,6,יום חול,1300,,475,22:59:00,,,to_tlv
2026,6,יום חול,680,,779,22:59:00,,,to_tlv
2026,6,יום חול,2800,,184,22:59:00,,,to_tlv
2026,6,יום חול,3600,,8291,22:59:00,,,to_tlv
2026,6,יום חול,6150,,51,22:59:00,,,to_tlv
2026,6,שבת,2200,,7127,22:59:00,,,from_tlv
2026,6,שבת,2300,,7443,22:59:00,,,from_tlv
2026,6,שבת,4900,,7053,22:59:00,,,to_tlv
2026,6,שבת,4800,,7223,22:59:00,,,to_tlv
2026,6,יום חול,1280,,98,23:00:00,,,to_tlv
2026,6,יום חול,3600,,8688,23:00:00,,,to_tlv
2026,6,יום חול,3700,,290,23:00:00,,,to_tlv
2026,6,יום חול,3700,,8682,23:00:00,,,to_tlv
2026,6,יום חול,3700,,682,23:00:00,,,to_tlv
2026,6,יום חול,3700,,682,23:00:00,,,to_tlv
2026,6,יום חול,3600,,8188,23:00:00,,,to_tlv
2026,6,יום חול,3600,,8289,23:00:00,,,to_tlv
2026,6,יום חול,3600,,8693,23:00:00,,,to_tlv
2026,6,יום חול,4100,,8160,23:00:00,,,to_tlv
2026,6,יום חול,4170,,8691,23:00:00,,,from_tlv
2026,6,יום חול,5900,,294,23:00:00,,,from_tlv
2026,6,יום חול,5000,,54,23:00:00,,,from_tlv
2026,6,שבת,5000,,7052,23:00:00,,,from_tlv
2026,6,שבת,2500,,7066,23:00:00,,,to_tlv
2026,6,שבת,4900,,7156,23:00:00,,,to_tlv
2026,6,שבת,1260,,7064,23:00:00,,,to_tlv
2026,6,שבת,5200,,7224,23:00:00,,,from_tlv
2026,6,יום חול,1240,,99,23:01:00,,,from_tlv
2026,6,יום חול,2800,,135,23:01:00,,,from_tlv
2026,6,שבת,4100,,7614,23:01:00,,,to_tlv
2026,6,שבת,4250,,8617,23:01:00,,,from_tlv
2026,6,שבת,2300,,7154,23:01:00,,,to_tlv
2026,6,שבת,3700,,7505,23:01:00,,,to_tlv
2026,6,שבת,4250,,7617,23:01:00,,,from_tlv
2026,6,יום חול,680,,782,23:02:00,,,to_tlv
2026,6,יום חול,3310,,289,23:02:00,,,from_tlv
2026,6,יום חול,3700,,8291,23:02:00,,,to_tlv
2026,6,יום חול,3700,,535,23:02:00,,,to_tlv
2026,6,יום חול,4900,,780,23:02:00,,,to_tlv
2026,6,יום חול,4690,,679,23:02:00,,,to_tlv
2026,6,יום חול,4690,,8679,23:02:00,,,to_tlv
2026,6,יום חול,5200,,285,23:02:00,,,to_tlv
2026,6,יום חול,9200,,8683,23:02:00,,,from_tlv
2026,6,שבת,1280,,7065,23:02:00,,,from_tlv
2026,6,שבת,5150,,7223,23:02:00,,,to_tlv
2026,6,שבת,6300,,7503,23:02:00,,,to_tlv
2026,6,יום חול,9200,,683,23:02:00,,,from_tlv
2026,6,שבת,3700,,7146,23:02:00,,,to_tlv
2026,6,שבת,1600,,7152,23:02:00,,,to_tlv
2026,6,שבת,5010,,7504,23:02:00,,,from_tlv
2026,6,שבת,2200,,7063,23:02:00,,,from_tlv
2026,6,יום חול,1220,,475,23:03:00,,,from_tlv
2026,6,יום חול,1400,,137,23:03:00,,,from_tlv
2026,6,יום חול,3700,,8693,23:03:00,,,to_tlv
2026,6,יום חול,3500,,783,23:03:00,,,from_tlv
2026,6,יום חול,3700,,8289,23:03:00,,,to_tlv
2026,6,יום חול,4100,,8688,23:03:00,,,to_tlv
2026,6,יום חול,4600,,8183,23:03:00,,,to_tlv
2026,6,יום חול,4900,,287,23:03:00,,,to_tlv
2026,6,יום חול,8600,,781,23:03:00,,,to_tlv
2026,6,שבת,3600,,7155,23:03:00,,,to_tlv
2026,6,שבת,1820,,7442,23:03:00,,,to_tlv
2026,6,יום חול,3600,,53,23:04:00,,,to_tlv
2026,6,יום חול,4600,,535,23:04:00,,,to_tlv
2026,6,שבת,5800,,8615,23:04:00,,,to_tlv
2026,6,שבת,8550,,7051,23:04:00,,,to_tlv
2026,6,שבת,400,,7143,23:04:00,,,to_tlv
2026,6,שבת,3300,,7225,23:04:00,,,from_tlv
2026,6,שבת,1240,,7063,23:04:00,,,from_tlv
2026,6,שבת,5800,,7615,23:04:00,,,to_tlv
2026,6,יום חול,3500,,8160,23:05:00,,,to_tlv
2026,6,יום חול,3400,,289,23:05:00,,,from_tlv
2026,6,יום חול,3600,,290,23:05:00,,,to_tlv
2026,6,יום חול,3600,,682,23:05:00,,,to_tlv
2026,6,יום חול,3600,,8682,23:05:00,,,to_tlv
2026,6,יום חול,9700,,675,23:05:00,,,to_tlv
2026,6,יום חול,8700,,8683,23:05:00,,,from_tlv
2026,6,יום חול,8700,,683,23:05:00,,,from_tlv
2026,6,שבת,4600,,7505,23:05:00,,,to_tlv
2026,6,שבת,1260,,7064,23:05:00,,,to_tlv
2026,6,שבת,2300,,7127,23:05:00,,,from_tlv
2026,6,שבת,4600,,7156,23:05:00,,,to_tlv
2026,6,שבת,3400,,7222,23:05:00,,,to_tlv
2026,6,שבת,5800,,7616,23:05:00,,,from_tlv
2026,6,יום חול,9800,,679,23:05:00,,,to_tlv
2026,6,שבת,2100,,7157,23:05:00,,,from_tlv
2026,6,יום חול,9800,,8679,23:05:00,,,to_tlv
2026,6,יום חול,3500,,8188,23:06:00,,,to_tlv
2026,6,יום חול,4600,,780,23:06:00,,,to_tlv
2026,6,יום חול,4600,,8291,23:06:00,,,to_tlv
2026,6,שבת,4170,,7614,23:06:00,,,to_tlv
2026,6,שבת,4170,,7617,23:06:00,,,from_tlv
2026,6,שבת,7320,,7618,23:06:00,,,from_tlv
2026,6,שבת,5300,,7224,23:06:00,,,from_tlv
2026,6,שבת,4170,,8617,23:06:00,,,from_tlv
2026,6,שבת,7320,,7613,23:06:00,,,to_tlv
2026,6,שבת,1220,,7124,23:06:00,,,to_tlv
2026,6,שבת,5000,,7223,23:06:00,,,to_tlv
2026,6,יום חול,700,,137,23:07:00,,,from_tlv
2026,6,יום חול,1500,,182,23:07:00,,,to_tlv
2026,6,יום חול,2800,,291,23:07:00,,,from_tlv
2026,6,יום חול,3700,,53,23:07:00,,,to_tlv
2026,6,יום חול,4600,,8289,23:07:00,,,to_tlv
2026,6,יום חול,4600,,8693,23:07:00,,,to_tlv
2026,6,יום חול,5900,,686,23:07:00,,,from_tlv
2026,6,יום חול,5900,,686,23:07:00,,,from_tlv
2026,6,שבת,5800,,7615,23:07:00,,,to_tlv
2026,6,שבת,1840,,7445,23:07:00,,,from_tlv
2026,6,שבת,5000,,7223,23:07:00,,,to_tlv
2026,6,יום חול,8600,,186,23:07:00,,,from_tlv
2026,6,שבת,5000,,7504,23:07:00,,,from_tlv
2026,6,יום חול,300,,133,23:08:00,,,from_tlv
2026,6,יום חול,4170,,8688,23:08:00,,,to_tlv
2026,6,יום חול,5800,,294,23:08:00,,,from_tlv
2026,6,שבת,4900,,7722,23:08:00,,,to_tlv
2026,6,שבת,5800,,7616,23:08:00,,,from_tlv
2026,6,שבת,3700,,7155,23:08:00,,,to_tlv
2026,6,שבת,2200,,7154,23:08:00,,,to_tlv
2026,6,שבת,8550,,7054,23:08:00,,,from_tlv
2026,6,יום חול,3700,,53,23:09:00,,,to_tlv
2026,6,יום חול,3600,,783,23:09:00,,,to_tlv
2026,6,יום חול,3600,,8691,23:09:00,,,to_tlv
2026,6,יום חול,4900,,535,23:09:00,,,to_tlv
2026,6,יום חול,4900,,8183,23:09:00,,,to_tlv
2026,6,שבת,2300,,7063,23:09:00,,,from_tlv
2026,6,שבת,2300,,7066,23:09:00,,,to_tlv
2026,6,שבת,7320,,7618,23:09:00,,,from_tlv
2026,6,שבת,680,,7545,23:09:00,,,to_tlv
2026,6,יום חול,3700,,780,23:10:00,,,to_tlv
2026,6,יום חול,4170,,8158,23:10:00,,,to_tlv
2026,6,יום חול,3700,,780,23:10:00,,,to_tlv
2026,6,יום חול,5800,,294,23:10:00,,,from_tlv
2026,6,שבת,4900,,7505,23:10:00,,,to_tlv
2026,6,שבת,3400,,7225,23:10:00,,,from_tlv
2026,6,שבת,680,,7545,23:10:00,,,to_tlv
2026,6,שבת,3700,,7156,23:10:00,,,to_tlv
2026,6,שבת,1300,,7124,23:10:00,,,to_tlv
2026,6,שבת,5800,,8616,23:10:00,,,from_tlv
2026,6,שבת,2200,,7157,23:10:00,,,from_tlv
2026,6,יום חול,1230,,99,23:11:00,,,from_tlv
2026,6,יום חול,1300,,137,23:11:00,,,to_tlv
2026,6,יום חול,2300,,474,23:11:00,,,to_tlv
2026,6,יום חול,2820,,291,23:11:00,,,from_tlv
2026,6,יום חול,4100,,8682,23:11:00,,,to_tlv
2026,6,יום חול,4100,,682,23:11:00,,,to_tlv
2026,6,יום חול,4100,,682,23:11:00,,,to_tlv
2026,6,יום חול,5410,,285,23:11:00,,,to_tlv
2026,6,יום חול,4900,,8291,23:11:00,,,to_tlv
2026,6,יום חול,4900,,8693,23:11:00,,,to_tlv
2026,6,שבת,3300,,7222,23:11:00,,,to_tlv
2026,6,יום חול,8800,,8683,23:11:00,,,from_tlv
2026,6,יום חול,8800,,683,23:11:00,,,from_tlv
2026,6,שבת,4250,,7614,23:11:00,,,to_tlv
2026,6,שבת,4100,,7617,23:11:00,,,from_tlv
2026,6,שבת,4100,,8617,23:11:00,,,from_tlv
2026,6,יום חול,2100,,475,23:12:00,,,from_tlv
2026,6,יום חול,1840,,472,23:12:00,,,to_tlv
2026,6,יום חול,4250,,8688,23:12:00,,,to_tlv
2026,6,יום חול,4600,,53,23:12:00,,,to_tlv
2026,6,יום חול,4800,,287,23:12:00,,,to_tlv
2026,6,יום חול,4900,,8289,23:12:00,,,to_tlv
2026,6,שבת,4600,,7155,23:12:00,,,to_tlv
2026,6,יום חול,7320,,690,23:12:00,,,from_tlv
2026,6,שבת,4600,,7722,23:12:00,,,to_tlv
2026,6,שבת,2100,,7154,23:12:00,,,to_tlv
2026,6,יום חול,2500,,184,23:13:00,,,to_tlv
2026,6,יום חול,3400,,8160,23:13:00,,,to_tlv
2026,6,יום חול,3500,,290,23:13:00,,,to_tlv
2026,6,יום חול,3500,,289,23:13:00,,,from_tlv
2026,6,יום חול,4900,,54,23:13:00,,,to_tlv
2026,6,יום חול,7000,,51,23:13:00,,,to_tlv
2026,6,שבת,5300,,7223,23:13:00,,,to_tlv
2026,6,שבת,7300,,7618,23:13:00,,,from_tlv
2026,6,שבת,5000,,7053,23:13:00,,,to_tlv
2026,6,שבת,5000,,7224,23:13:00,,,from_tlv
2026,6,יום חול,3400,,8188,23:14:00,,,to_tlv
2026,6,יום חול,3700,,783,23:14:00,,,to_tlv
2026,6,יום חול,3700,,8691,23:14:00,,,to_tlv
2026,6,יום חול,9000,,679,23:14:00,,,to_tlv
2026,6,שבת,5900,,7615,23:14:00,,,to_tlv
2026,6,שבת,7300,,7051,23:14:00,,,to_tlv
2026,6,שבת,1820,,7445,23:14:00,,,from_tlv
2026,6,יום חול,9000,,8679,23:14:00,,,to_tlv
2026,6,שבת,5300,,7223,23:14:00,,,to_tlv
2026,6,שבת,1400,,7124,23:14:00,,,to_tlv
2026,6,שבת,4900,,7052,23:14:00,,,to_tlv
2026,6,יום חול,1220,,137,23:15:00,,,from_tlv
2026,6,יום חול,3600,,780,23:15:00,,,to_tlv
2026,6,שבת,1230,,7063,23:15:00,,,from_tlv
2026,6,יום חול,7000,,56,23:15:00,,,from_tlv
2026,6,שבת,3600,,7156,23:15:00,,,to_tlv
2026,6,שבת,6300,,7506,23:15:00,,,from_tlv
2026,6,יום חול,400,,133,23:16:00,,,to_tlv
2026,6,יום חול,4170,,8682,23:16:00,,,to_tlv
2026,6,יום חול,4170,,682,23:16:00,,,to_tlv
2026,6,יום חול,4640,,8693,23:16:00,,,to_tlv
2026,6,שבת,3600,,7617,23:16:00,,,to_tlv
2026,6,שבת,7300,,7618,23:16:00,,,from_tlv
2026,6,שבת,2300,,7157,23:16:00,,,from_tlv
2026,6,שבת,3600,,8617,23:16:00,,,to_tlv
2026,6,שבת,3700,,7722,23:16:00,,,to_tlv
2026,6,שבת,5900,,7615,23:16:00,,,to_tlv
2026,6,שבת,9000,,7616,23:16:00,,,from_tlv
2026,6,יום חול,1600,,182,23:17:00,,,to_tlv
2026,6,יום חול,2200,,475,23:17:00,,,from_tlv
2026,6,יום חול,3100,,291,23:17:00,,,from_tlv
2026,6,יום חול,4600,,54,23:17:00,,,to_tlv
2026,6,יום חול,4250,,683,23:17:00,,,from_tlv
2026,6,יום חול,4250,,8683,23:17:00,,,from_tlv
2026,6,יום חול,5800,,686,23:17:00,,,from_tlv
2026,6,שבת,1260,,7065,23:17:00,,,from_tlv
2026,6,שבת,1840,,7442,23:17:00,,,to_tlv
2026,6,שבת,2200,,7066,23:17:00,,,to_tlv
2026,6,שבת,5900,,7615,23:17:00,,,to_tlv
2026,6,שבת,4900,,7155,23:17:00,,,to_tlv
2026,6,שבת,8800,,7614,23:17:00,,,to_tlv
2026,6,יום חול,8800,,8688,23:17:00,,,to_tlv
2026,6,יום חול,2200,,474,23:18:00,,,to_tlv
2026,6,יום חול,4100,,8297,23:18:00,,,from_tlv
2026,6,יום חול,4600,,8691,23:18:00,,,to_tlv
2026,6,יום חול,4600,,783,23:18:00,,,to_tlv
2026,6,יום חול,5410,,294,23:18:00,,,from_tlv
2026,6,יום חול,4900,,186,23:18:00,,,to_tlv
2026,6,יום חול,4900,,53,23:18:00,,,to_tlv
2026,6,שבת,3500,,7225,23:18:00,,,from_tlv
2026,6,שבת,5200,,7223,23:18:00,,,to_tlv
2026,6,שבת,5150,,7224,23:18:00,,,from_tlv
2026,6,שבת,2300,,7066,23:18:00,,,to_tlv
2026,6,שבת,5000,,7905,23:18:00,,,to_tlv
2026,6,יום חול,2100,,99,23:19:00,,,from_tlv
2026,6,יום חול,3300,,8160,23:19:00,,,to_tlv
2026,6,יום חול,3600,,289,23:19:00,,,to_tlv
2026,6,יום חול,5000,,287,23:19:00,,,to_tlv
2026,6,יום חול,5800,,8686,23:19:00,,,from_tlv
2026,6,יום חול,8600,,8183,23:19:00,,,to_tlv
2026,6,שבת,9000,,7616,23:19:00,,,from_tlv
2026,6,יום חול,7300,,690,23:19:00,,,from_tlv
2026,6,שבת,5200,,7223,23:19:00,,,to_tlv
2026,6,שבת,4600,,7052,23:19:00,,,to_tlv
2026,6,שבת,9000,,8616,23:19:00,,,from_tlv
2026,6,שבת,2300,,7444,23:19:00,,,to_tlv
2026,6,שבת,5010,,7053,23:19:00,,,to_tlv
2026,6,יום חול,3300,,8188,23:20:00,,,to_tlv
2026,6,יום חול,4100,,8682,23:20:00,,,to_tlv
2026,6,יום חול,4800,,8291,23:20:00,,,to_tlv
2026,6,יום חול,4100,,8160,23:20:00,,,to_tlv
2026,6,יום חול,4250,,8682,23:20:00,,,to_tlv
2026,6,יום חול,4660,,8693,23:20:00,,,to_tlv
2026,6,יום חול,4250,,682,23:20:00,,,to_tlv
2026,6,יום חול,5150,,535,23:20:00,,,to_tlv
2026,6,יום חול,5800,,285,23:20:00,,,to_tlv
2026,6,שבת,4900,,7504,23:20:00,,,to_tlv
2026,6,שבת,1280,,7064,23:20:00,,,to_tlv
2026,6,יום חול,7300,,675,23:20:00,,,to_tlv
2026,6,יום חול,5800,,285,23:20:00,,,to_tlv
2026,6,שבת,2500,,7063,23:20:00,,,from_tlv
2026,6,שבת,1220,,7154,23:20:00,,,to_tlv
2026,6,יום חול,3700,,54,23:21:00,,,to_tlv
2026,6,יום חול,3700,,54,23:21:00,,,to_tlv
2026,6,יום חול,4800,,8289,23:21:00,,,to_tlv
2026,6,שבת,3700,,8617,23:21:00,,,to_tlv
2026,6,שבת,2100,,7066,23:21:00,,,to_tlv
2026,6,שבת,3100,,7222,23:21:00,,,to_tlv
2026,6,שבת,3600,,7722,23:21:00,,,to_tlv
2026,6,שבת,3700,,7617,23:21:00,,,to_tlv
2026,6,יום חול,2100,,474,23:22:00,,,to_tlv
2026,6,יום חול,2300,,184,23:22:00,,,to_tlv
2026,6,יום חול,3400,,290,23:22:00,,,to_tlv
2026,6,יום חול,4170,,8683,23:22:00,,,from_tlv
2026,6,יום חול,4170,,683,23:22:00,,,from_tlv
2026,6,שבת,2100,,7063,23:22:00,,,from_tlv
2026,6,שבת,4800,,7224,23:22:00,,,from_tlv
2026,6,שבת,680,,7721,23:22:00,,,to_tlv
2026,6,יום חול,4900,,8691,23:22:00,,,to_tlv
2026,6,יום חול,2100,,137,23:23:00,,,from_tlv
2026,6,יום חול,3500,,780,23:23:00,,,to_tlv
2026,6,יום חול,4600,,186,23:23:00,,,to_tlv
2026,6,יום חול,4900,,783,23:23:00,,,to_tlv
2026,6,יום חול,8700,,8688,23:23:00,,,to_tlv
2026,6,יום חול,8600,,782,23:23:00,,,from_tlv
2026,6,שבת,8700,,7614,23:23:00,,,to_tlv
2026,6,שבת,7320,,7051,23:23:00,,,to_tlv
2026,6,שבת,7000,,7054,23:23:00,,,from_tlv
2026,6,יום חול,3700,,289,23:24:00,,,to_tlv
2026,6,יום חול,4680,,8693,23:24:00,,,to_tlv
2026,6,יום חול,4170,,8682,23:24:00,,,to_tlv
2026,6,יום חול,5150,,8291,23:24:00,,,to_tlv
2026,6,יום חול,5200,,294,23:24:00,,,from_tlv
2026,6,שבת,3700,,7052,23:24:00,,,to_tlv
2026,6,שבת,3500,,7723,23:24:00,,,from_tlv
2026,6,שבת,5000,,7505,23:24:00,,,to_tlv
2026,6,שבת,3600,,7225,23:24:00,,,to_tlv
2026,6,שבת,3700,,7145,23:24:00,,,to_tlv
2026,6,שבת,9800,,7616,23:24:00,,,from_tlv
2026,6,יום חול,2300,,475,23:25:00,,,from_tlv
2026,6,יום חול,3500,,8160,23:25:00,,,to_tlv
2026,6,יום חול,3600,,8190,23:25:00,,,to_tlv
2026,6,יום חול,3600,,8297,23:25:00,,,to_tlv
2026,6,יום חול,5150,,8289,23:25:00,,,to_tlv
2026,6,יום חול,5800,,8679,23:25:00,,,to_tlv
2026,6,שבת,4600,,8617,23:25:00,,,to_tlv
2026,6,יום חול,8800,,682,23:25:00,,,to_tlv
2026,6,יום חול,5800,,679,23:25:00,,,to_tlv
2026,6,יום חול,5800,,679,23:25:00,,,to_tlv
2026,6,שבת,4600,,7504,23:25:00,,,to_tlv
2026,6,שבת,1300,,7154,23:25:00,,,to_tlv
2026,6,שבת,400,,7148,23:25:00,,,from_tlv
2026,6,שבת,2200,,7444,23:25:00,,,to_tlv
2026,6,שבת,2200,,7066,23:25:00,,,to_tlv
2026,6,יום חול,8800,,8682,23:25:00,,,to_tlv
2026,6,שבת,4600,,7617,23:25:00,,,to_tlv
2026,6,שבת,2500,,7157,23:25:00,,,from_tlv
2026,6,יום חול,3600,,54,23:26:00,,,to_tlv
2026,6,יום חול,3310,,290,23:26:00,,,to_tlv
2026,6,יום חול,5300,,287,23:26:00,,,to_tlv
2026,6,יום חול,5000,,535,23:26:00,,,to_tlv
2026,6,שבת,1250,,7065,23:26:00,,,from_tlv
2026,6,שבת,2200,,7063,23:26:00,,,from_tlv
2026,6,יום חול,9200,,8688,23:26:00,,,to_tlv
2026,6,שבת,9600,,7615,23:26:00,,,to_tlv
2026,6,שבת,1400,,7445,23:26:00,,,from_tlv
2026,6,יום חול,2200,,137,23:27:00,,,from_tlv
2026,6,יום חול,3100,,8160,23:27:00,,,to_tlv
2026,6,יום חול,3300,,291,23:27:00,,,from_tlv
2026,6,יום חול,4100,,683,23:27:00,,,from_tlv
2026,6,יום חול,3700,,186,23:27:00,,,to_tlv
2026,6,יום חול,4640,,8691,23:27:00,,,to_tlv
2026,6,יום חול,4100,,8683,23:27:00,,,from_tlv
2026,6,שבת,9800,,7616,23:27:00,,,from_tlv
2026,6,שבת,9200,,7614,23:27:00,,,to_tlv
2026,6,שבת,4600,,7145,23:27:00,,,to_tlv
2026,6,שבת,9100,,7905,23:27:00,,,to_tlv
2026,6,שבת,8600,,7155,23:27:00,,,to_tlv
2026,6,שבת,9700,,7618,23:27:00,,,from_tlv
2026,6,שבת,5410,,7223,23:27:00,,,to_tlv
2026,6,שבת,9800,,8616,23:27:00,,,from_tlv
2026,6,יום חול,3100,,8188,23:28:00,,,to_tlv
2026,6,יום חול,3600,,135,23:28:00,,,to_tlv
2026,6,יום חול,4600,,289,23:28:00,,,to_tlv
2026,6,יום חול,4250,,8682,23:28:00,,,to_tlv
2026,6,יום חול,4690,,8693,23:28:00,,,to_tlv
2026,6,יום חול,5000,,8291,23:28:00,,,to_tlv
2026,6,יום חול,7320,,675,23:28:00,,,to_tlv
2026,6,יום חול,9000,,8686,23:28:00,,,from_tlv
2026,6,שבת,1230,,7066,23:28:00,,,to_tlv
2026,6,שבת,3500,,7722,23:28:00,,,to_tlv
2026,6,יום חול,9000,,686,23:28:00,,,from_tlv
2026,6,שבת,2820,,7222,23:28:00,,,to_tlv
2026,6,שבת,6900,,7053,23:28:00,,,to_tlv
2026,6,יום חול,680,,781,23:29:00,,,to_tlv
2026,6,יום חול,2200,,184,23:29:00,,,to_tlv
2026,6,יום חול,3500,,785,23:29:00,,,from_tlv
2026,6,יום חול,2960,,8688,23:29:00,,,to_tlv
2026,6,יום חול,5000,,8289,23:29:00,,,to_tlv
2026,6,יום חול,6150,,56,23:29:00,,,from_tlv
2026,6,יום חול,5900,,285,23:29:00,,,to_tlv
2026,6,שבת,3700,,7225,23:29:00,,,to_tlv
2026,6,שבת,9600,,7615,23:29:00,,,to_tlv
2026,6,שבת,3700,,7504,23:29:00,,,to_tlv
2026,6,שבת,680,,7546,23:29:00,,,to_tlv
2026,6,שבת,2100,,7444,23:29:00,,,to_tlv
2026,6,שבת,2100,,7066,23:29:00,,,to_tlv
2026,6,יום חול,1220,,474,23:30:00,,,to_tlv
2026,6,יום חול,3400,,8158,23:30:00,,,to_tlv
2026,6,יום חול,3700,,8297,23:30:00,,,to_tlv
2026,6,שבת,5010,,7505,23:30:00,,,to_tlv
2026,6,יום חול,5300,,294,23:30:00,,,from_tlv
2026,6,שבת,3600,,7723,23:30:00,,,to_tlv
2026,6,שבת,4900,,7617,23:30:00,,,to_tlv
2026,6,שבת,4900,,8617,23:30:00,,,to_tlv
2026,6,שבת,700,,7445,23:30:00,,,from_tlv
2026,6,שבת,9700,,7618,23:30:00,,,from_tlv
2026,6,יום חול,3300,,290,23:31:00,,,to_tlv
2026,6,יום חול,3500,,8190,23:31:00,,,to_tlv
2026,6,יום חול,4100,,54,23:31:00,,,to_tlv
2026,6,יום חול,4660,,8691,23:31:00,,,to_tlv
2026,6,יום חול,8700,,8682,23:31:00,,,to_tlv
2026,6,יום חול,5200,,287,23:31:00,,,to_tlv
2026,6,שבת,1600,,7159,23:31:00,,,from_tlv
2026,6,שבת,4900,,7224,23:31:00,,,to_tlv
2026,6,יום חול,8700,,682,23:31:00,,,to_tlv
2026,6,שבת,4680,,7616,23:31:00,,,from_tlv
2026,6,יום חול,9800,,8693,23:31:00,,,to_tlv
2026,6,שבת,300,,7148,23:31:00,,,to_tlv
2026,6,יום חול,5010,,535,23:31:00,,,to_tlv
2026,6,יום חול,680,,784,23:32:00,,,to_tlv
2026,6,יום חול,3310,,291,23:32:00,,,from_tlv
2026,6,יום חול,3600,,683,23:32:00,,,to_tlv
2026,6,יום חול,3600,,8683,23:32:00,,,to_tlv
2026,6,יום חול,3600,,186,23:32:00,,,to_tlv
2026,6,שבת,5900,,7226,23:32:00,,,from_tlv
2026,6,שבת,4680,,7616,23:32:00,,,from_tlv
2026,6,שבת,1400,,7154,23:32:00,,,to_tlv
2026,6,שבת,4680,,8616,23:32:00,,,from_tlv
2026,6,שבת,7320,,7056,23:32:00,,,from_tlv
2026,6,יום חול,300,,8183,23:33:00,,,from_tlv
2026,6,יום חול,2940,,8688,23:33:00,,,to_tlv
2026,6,יום חול,2300,,137,23:33:00,,,from_tlv
2026,6,יום חול,2100,,184,23:33:00,,,to_tlv
2026,6,יום חול,3400,,8160,23:33:00,,,to_tlv
2026,6,יום חול,3700,,135,23:33:00,,,to_tlv
2026,6,יום חול,4900,,782,23:33:00,,,to_tlv
2026,6,יום חול,4900,,289,23:33:00,,,to_tlv
2026,6,יום חול,8800,,8682,23:33:00,,,to_tlv
2026,6,שבת,4600,,7225,23:33:00,,,to_tlv
2026,6,יום חול,8600,,783,23:33:00,,,to_tlv
2026,6,שבת,4900,,7145,23:33:00,,,to_tlv
2026,6,שבת,3500,,7619,23:33:00,,,from_tlv
2026,6,שבת,400,,7158,23:33:00,,,from_tlv
2026,6,שבת,2800,,7222,23:33:00,,,to_tlv
2026,6,שבת,3500,,8619,23:33:00,,,from_tlv
2026,6,יום חול,4600,,8297,23:34:00,,,to_tlv
2026,6,שבת,1280,,7065,23:34:00,,,from_tlv
2026,6,שבת,3300,,7507,23:34:00,,,from_tlv
2026,6,יום חול,8550,,51,23:34:00,,,to_tlv
2026,6,יום חול,9200,,8682,23:34:00,,,to_tlv
2026,6,שבת,2300,,7063,23:34:00,,,from_tlv
2026,6,שבת,1300,,7445,23:34:00,,,to_tlv
2026,6,שבת,9650,,7615,23:34:00,,,to_tlv
2026,6,יום חול,9200,,682,23:34:00,,,to_tlv
2026,6,שבת,3600,,7504,23:34:00,,,to_tlv
2026,6,יום חול,1300,,474,23:35:00,,,to_tlv
2026,6,יום חול,2820,,8188,23:35:00,,,to_tlv
2026,6,יום חול,3400,,291,23:35:00,,,from_tlv
2026,6,יום חול,4170,,8297,23:35:00,,,from_tlv
2026,6,יום חול,4170,,8682,23:35:00,,,to_tlv
2026,6,יום חול,4170,,8160,23:35:00,,,to_tlv
2026,6,יום חול,4100,,8682,23:35:00,,,to_tlv
2026,6,יום חול,4680,,8691,23:35:00,,,to_tlv
2026,6,יום חול,5000,,53,23:35:00,,,to_tlv
2026,6,יום חול,5300,,8291,23:35:00,,,to_tlv
2026,6,יום חול,5900,,679,23:35:00,,,to_tlv
2026,6,שבת,4660,,7616,23:35:00,,,from_tlv
2026,6,שבת,6150,,7054,23:35:00,,,from_tlv
2026,6,שבת,5800,,7223,23:35:00,,,to_tlv
2026,6,שבת,2940,,7614,23:35:00,,,to_tlv
2026,6,שבת,5010,,7506,23:35:00,,,from_tlv
2026,6,שבת,3700,,7723,23:35:00,,,to_tlv
2026,6,שבת,9650,,7618,23:35:00,,,from_tlv
2026,6,יום חול,3300,,8158,23:36:00,,,to_tlv
2026,6,יום חול,3600,,785,23:36:00,,,to_tlv
2026,6,יום חול,4170,,54,23:36:00,,,to_tlv
2026,6,יום חול,5000,,294,23:36:00,,,from_tlv
2026,6,יום חול,5300,,8289,23:36:00,,,to_tlv
2026,6,שבת,4600,,7224,23:36:00,,,to_tlv
2026,6,שבת,4660,,8617,23:36:00,,,to_tlv
2026,6,שבת,1240,,7065,23:36:00,,,from_tlv
2026,6,שבת,1230,,7066,23:36:00,,,to_tlv
2026,6,שבת,4660,,7617,23:36:00,,,to_tlv
2026,6,יום חול,2800,,8160,23:37:00,,,to_tlv
2026,6,יום חול,2960,,8682,23:37:00,,,to_tlv
2026,6,יום חול,2960,,682,23:37:00,,,to_tlv
2026,6,יום חול,3700,,683,23:37:00,,,to_tlv
2026,6,יום חול,3700,,8683,23:37:00,,,to_tlv
2026,6,שבת,6150,,7053,23:37:00,,,to_tlv
2026,6,יום חול,5900,,679,23:37:00,,,to_tlv
2026,6,שבת,4660,,7616,23:37:00,,,from_tlv
2026,6,שבת,4660,,8616,23:37:00,,,from_tlv
2026,6,שבת,9650,,7615,23:37:00,,,to_tlv
2026,6,שבת,1220,,7444,23:37:00,,,to_tlv
2026,6,שבת,5800,,7223,23:37:00,,,to_tlv
2026,6,שבת,2800,,7157,23:37:00,,,from_tlv
2026,6,שבת,5800,,7223,23:37:00,,,to_tlv
2026,6,יום חול,9700,,690,23:37:00,,,from_tlv
2026,6,יום חול,2800,,8188,23:38:00,,,to_tlv
2026,6,יום חול,3500,,186,23:38:00,,,to_tlv
2026,6,יום חול,4100,,8297,23:38:00,,,from_tlv
2026,6,יום חול,4600,,782,23:38:00,,,to_tlv
2026,6,יום חול,4600,,135,23:38:00,,,to_tlv
2026,6,יום חול,4250,,8682,23:38:00,,,to_tlv
2026,6,שבת,2940,,8619,23:38:00,,,from_tlv
2026,6,שבת,1500,,7159,23:38:00,,,from_tlv
2026,6,שבת,300,,7158,23:38:00,,,to_tlv
2026,6,שבת,9650,,7618,23:38:00,,,from_tlv
2026,6,יום חול,9800,,8686,23:38:00,,,from_tlv
2026,6,שבת,4660,,7617,23:38:00,,,to_tlv
2026,6,שבת,4900,,7225,23:38:00,,,to_tlv
2026,6,שבת,680,,7724,23:38:00,,,to_tlv
2026,6,שבת,1220,,7445,23:38:00,,,from_tlv
2026,6,יום חול,9800,,686,23:38:00,,,from_tlv
2026,6,שבת,2940,,7619,23:38:00,,,from_tlv
2026,6,יום חול,700,,474,23:39:00,,,to_tlv
2026,6,יום חול,3300,,8160,23:39:00,,,to_tlv
2026,6,יום חול,3500,,8688,23:39:00,,,to_tlv
2026,6,יום חול,3400,,8190,23:39:00,,,to_tlv
2026,6,יום חול,4170,,8682,23:39:00,,,to_tlv
2026,6,יום חול,4690,,8691,23:39:00,,,to_tlv
2026,6,יום חול,5900,,296,23:39:00,,,from_tlv
2026,6,יום חול,8700,,8682,23:39:00,,,to_tlv
2026,6,שבת,1240,,7066,23:39:00,,,to_tlv
2026,6,שבת,4600,,7723,23:39:00,,,to_tlv
2026,6,יום חול,4900,,8297,23:39:00,,,to_tlv
2026,6,שבת,7300,,7056,23:39:00,,,from_tlv
2026,6,יום חול,3100,,290,23:40:00,,,to_tlv
2026,6,יום חול,4100,,8791,23:40:00,,,from_tlv
2026,6,יום חול,4250,,54,23:40:00,,,to_tlv
2026,6,שבת,1400,,7129,23:40:00,,,from_tlv
2026,6,שבת,4680,,8617,23:40:00,,,to_tlv
2026,6,שבת,2800,,7156,23:40:00,,,to_tlv
2026,6,יום חול,9000,,8693,23:40:00,,,to_tlv
2026,6,שבת,300,,7155,23:40:00,,,from_tlv
2026,6,שבת,5000,,7506,23:40:00,,,from_tlv
2026,6,שבת,4680,,7617,23:40:00,,,to_tlv
2026,6,שבת,3400,,7507,23:40:00,,,from_tlv
2026,6,יום חול,6900,,56,23:40:00,,,from_tlv
2026,6,יום חול,400,,8183,23:41:00,,,to_tlv
2026,6,יום חול,1220,,184,23:41:00,,,to_tlv
2026,6,יום חול,2940,,682,23:41:00,,,to_tlv
2026,6,יום חול,2940,,8682,23:41:00,,,to_tlv
2026,6,יום חול,4600,,8683,23:41:00,,,to_tlv
2026,6,יום חול,3700,,785,23:41:00,,,to_tlv
2026,6,יום חול,4600,,683,23:41:00,,,to_tlv
2026,6,יום חול,5200,,8291,23:41:00,,,to_tlv
2026,6,יום חול,5150,,294,23:41:00,,,from_tlv
2026,6,יום חול,5010,,53,23:41:00,,,to_tlv
2026,6,שבת,1500,,7154,23:41:00,,,to_tlv
2026,6,שבת,5800,,7226,23:41:00,,,from_tlv
2026,6,שבת,3700,,7224,23:41:00,,,to_tlv
2026,6,יום חול,2500,,137,23:42:00,,,from_tlv
2026,6,יום חול,4690,,686,23:42:00,,,from_tlv
2026,6,יום חול,4800,,289,23:42:00,,,to_tlv
2026,6,יום חול,4690,,8686,23:42:00,,,from_tlv
2026,6,שבת,1300,,7444,23:42:00,,,to_tlv
2026,6,שבת,8600,,7148,23:42:00,,,from_tlv
2026,6,יום חול,5200,,8289,23:42:00,,,to_tlv
2026,6,שבת,400,,7547,23:42:00,,,to_tlv
2026,6,שבת,3500,,7504,23:42:00,,,to_tlv
2026,6,יום חול,9800,,8691,23:42:00,,,to_tlv
2026,6,שבת,4680,,7617,23:42:00,,,to_tlv
2026,6,שבת,4900,,8616,23:42:00,,,to_tlv
2026,6,יום חול,9200,,8682,23:42:00,,,to_tlv
2026,6,שבת,3500,,7614,23:42:00,,,to_tlv
2026,6,שבת,9100,,7906,23:42:00,,,from_tlv
2026,6,שבת,4900,,7616,23:42:00,,,to_tlv
2026,6,יום חול,3500,,291,23:43:00,,,from_tlv
2026,6,יום חול,3500,,8160,23:43:00,,,to_tlv
2026,6,יום חול,3600,,8791,23:43:00,,,to_tlv
2026,6,יום חול,3700,,782,23:43:00,,,to_tlv
2026,6,יום חול,4250,,8682,23:43:00,,,to_tlv
2026,6,יום חול,8800,,8682,23:43:00,,,to_tlv
2026,6,שבת,8600,,7145,23:43:00,,,to_tlv
2026,6,שבת,3700,,7055,23:43:00,,,to_tlv
2026,6,שבת,5800,,7226,23:43:00,,,from_tlv
2026,6,שבת,400,,7547,23:43:00,,,to_tlv
2026,6,שבת,9700,,7615,23:43:00,,,to_tlv
2026,6,שבת,1300,,7129,23:43:00,,,to_tlv
2026,6,יום חול,1400,,474,23:44:00,,,to_tlv
2026,6,יום חול,1600,,139,23:44:00,,,from_tlv
2026,6,יום חול,3100,,8158,23:44:00,,,to_tlv
2026,6,יום חול,4900,,135,23:44:00,,,to_tlv
2026,6,שבת,9600,,7618,23:44:00,,,from_tlv
2026,6,שבת,6900,,7054,23:44:00,,,from_tlv
2026,6,שבת,4900,,7723,23:44:00,,,to_tlv
2026,6,יום חול,3400,,186,23:45:00,,,to_tlv
2026,6,יום חול,3300,,8190,23:45:00,,,to_tlv
2026,6,יום חול,2960,,8682,23:45:00,,,to_tlv
2026,6,יום חול,3600,,8192,23:45:00,,,to_tlv
2026,6,יום חול,4170,,8693,23:45:00,,,from_tlv
2026,6,יום חול,3600,,8695,23:45:00,,,to_tlv
2026,6,יום חול,4100,,8697,23:45:00,,,from_tlv
2026,6,יום חול,4100,,8162,23:45:00,,,to_tlv
2026,6,יום חול,4680,,686,23:45:00,,,from_tlv
2026,6,יום חול,4900,,8683,23:45:00,,,to_tlv
2026,6,יום חול,4800,,294,23:45:00,,,from_tlv
2026,6,יום חול,4680,,8686,23:45:00,,,from_tlv
2026,6,יום חול,4900,,683,23:45:00,,,to_tlv
2026,6,יום חול,7300,,51,23:45:00,,,to_tlv
2026,6,שבת,9800,,7617,23:45:00,,,to_tlv
2026,6,שבת,9800,,8617,23:45:00,,,to_tlv
2026,6,שבת,300,,7546,23:45:00,,,to_tlv
2026,6,יום חול,8800,,54,23:45:00,,,to_tlv
2026,6,יום חול,1300,,184,23:46:00,,,to_tlv
2026,6,יום חול,4600,,785,23:46:00,,,to_tlv
2026,6,יום חול,9650,,690,23:46:00,,,from_tlv
2026,6,שבת,4600,,7055,23:46:00,,,to_tlv
2026,6,שבת,9700,,7615,23:46:00,,,to_tlv
2026,6,שבת,2800,,7227,23:46:00,,,from_tlv
2026,6,שבת,2100,,7445,23:46:00,,,from_tlv
2026,6,שבת,3600,,7224,23:46:00,,,to_tlv
2026,6,שבת,5900,,7223,23:46:00,,,to_tlv
2026,6,יום חול,3500,,682,23:47:00,,,to_tlv
2026,6,יום חול,3500,,8682,23:47:00,,,to_tlv
2026,6,יום חול,3100,,8160,23:47:00,,,to_tlv
2026,6,יום חול,3700,,8791,23:47:00,,,to_tlv
2026,6,יום חול,3600,,8297,23:47:00,,,to_tlv
2026,6,שבת,4600,,7616,23:47:00,,,to_tlv
2026,6,שבת,1400,,7159,23:47:00,,,from_tlv
2026,6,יום חול,5800,,296,23:47:00,,,from_tlv
2026,6,שבת,9200,,7619,23:47:00,,,from_tlv
2026,6,שבת,400,,7155,23:47:00,,,to_tlv
2026,6,שבת,1280,,7067,23:47:00,,,from_tlv
2026,6,שבת,9200,,8619,23:47:00,,,from_tlv
2026,6,שבת,9600,,7618,23:47:00,,,from_tlv
2026,6,יום חול,9600,,679,23:47:00,,,to_tlv
2026,6,שבת,1220,,7129,23:47:00,,,from_tlv
2026,6,שבת,4600,,8616,23:47:00,,,to_tlv
2026,6,שבת,4800,,7225,23:47:00,,,to_tlv
2026,6,שבת,1240,,7066,23:47:00,,,to_tlv
2026,6,יום חול,2820,,290,23:48:00,,,to_tlv
2026,6,יום חול,3700,,8695,23:48:00,,,to_tlv
2026,6,יום חול,3600,,782,23:48:00,,,to_tlv
2026,6,יום חול,4170,,8299,23:48:00,,,from_tlv
2026,6,יום חול,5800,,296,23:48:00,,,from_tlv
2026,6,שבת,5900,,7223,23:48:00,,,to_tlv
2026,6,שבת,9800,,7617,23:48:00,,,to_tlv
2026,6,שבת,300,,7547,23:48:00,,,from_tlv
2026,6,יום חול,8800,,8682,23:48:00,,,to_tlv
2026,6,יום חול,3500,,687,23:49:00,,,from_tlv
2026,6,יום חול,2940,,8682,23:49:00,,,to_tlv
2026,6,יום חול,3600,,291,23:49:00,,,to_tlv
2026,6,יום חול,3600,,8697,23:49:00,,,to_tlv
2026,6,יום חול,4660,,686,23:49:00,,,from_tlv
2026,6,יום חול,4100,,8693,23:49:00,,,from_tlv
2026,6,יום חול,5000,,289,23:49:00,,,to_tlv
2026,6,יום חול,4660,,8686,23:49:00,,,from_tlv
2026,6,שבת,7000,,7053,23:49:00,,,to_tlv
2026,6,יום חול,8700,,8682,23:49:00,,,to_tlv
2026,6,שבת,2820,,7227,23:49:00,,,from_tlv
2026,6,שבת,8600,,7158,23:49:00,,,from_tlv
2026,6,שבת,1260,,7065,23:49:00,,,from_tlv
2026,6,שבת,2300,,7126,23:49:00,,,to_tlv
2026,6,שבת,300,,7547,23:49:00,,,from_tlv
2026,6,שבת,3500,,7507,23:49:00,,,from_tlv
2026,6,שבת,1400,,7444,23:49:00,,,to_tlv
2026,6,יום חול,3300,,186,23:50:00,,,to_tlv
2026,6,יום חול,3500,,8162,23:50:00,,,to_tlv
2026,6,יום חול,4640,,8683,23:50:00,,,to_tlv
2026,6,יום חול,4170,,8299,23:50:00,,,from_tlv
2026,6,יום חול,4640,,683,23:50:00,,,to_tlv
2026,6,יום חול,5410,,8291,23:50:00,,,to_tlv
2026,6,יום חול,6900,,53,23:50:00,,,to_tlv
2026,6,שבת,1250,,7066,23:50:00,,,to_tlv
2026,6,שבת,8700,,8619,23:50:00,,,from_tlv
2026,6,שבת,8700,,7619,23:50:00,,,from_tlv
2026,6,שבת,3700,,8616,23:50:00,,,to_tlv
2026,6,שבת,8550,,7056,23:50:00,,,from_tlv
2026,6,שבת,3700,,7616,23:50:00,,,to_tlv
2026,6,יום חול,700,,184,23:51:00,,,to_tlv
2026,6,יום חול,3500,,8192,23:51:00,,,to_tlv
2026,6,יום חול,3400,,8160,23:51:00,,,to_tlv
2026,6,יום חול,4600,,8791,23:51:00,,,to_tlv
2026,6,יום חול,5410,,8289,23:51:00,,,to_tlv
2026,6,שבת,1600,,7154,23:51:00,,,to_tlv
2026,6,יום חול,8700,,54,23:51:00,,,to_tlv
2026,6,שבת,3400,,7504,23:51:00,,,to_tlv
2026,6,שבת,2200,,7445,23:51:00,,,from_tlv
2026,6,שבת,5150,,7225,23:51:00,,,to_tlv
2026,6,שבת,1230,,7065,23:51:00,,,from_tlv
2026,6,יום חול,9000,,8691,23:51:00,,,to_tlv
2026,6,יום חול,5150,,8297,23:51:00,,,to_tlv
2026,6,יום חול,5800,,8693,23:51:00,,,to_tlv
2026,6,יום חול,3700,,8297,23:52:00,,,to_tlv
2026,6,יום חול,4600,,8695,23:52:00,,,to_tlv
2026,6,יום חול,4640,,686,23:52:00,,,from_tlv
2026,6,יום חול,4640,,8686,23:52:00,,,from_tlv
2026,6,יום חול,4900,,294,23:52:00,,,to_tlv
2026,6,יום חול,6300,,535,23:52:00,,,to_tlv
2026,6,יום חול,8600,,784,23:52:00,,,from_tlv
2026,6,יום חול,9200,,8682,23:52:00,,,to_tlv
2026,6,שבת,400,,7546,23:52:00,,,from_tlv
2026,6,שבת,4900,,7055,23:52:00,,,to_tlv
2026,6,שבת,6300,,7505,23:52:00,,,to_tlv
2026,6,שבת,4900,,7148,23:52:00,,,to_tlv
2026,6,יום חול,4900,,785,23:52:00,,,to_tlv
2026,6,יום חול,5010,,56,23:52:00,,,from_tlv
2026,6,שבת,5000,,7906,23:52:00,,,from_tlv
2026,6,יום חול,1500,,139,23:53:00,,,from_tlv
2026,6,יום חול,3100,,8190,23:53:00,,,to_tlv
2026,6,יום חול,2800,,290,23:53:00,,,to_tlv
2026,6,יום חול,4100,,8299,23:53:00,,,from_tlv
2026,6,שבת,2500,,7156,23:53:00,,,to_tlv
2026,6,שבת,5410,,7226,23:53:00,,,from_tlv
2026,6,שבת,5010,,7054,23:53:00,,,from_tlv
2026,6,שבת,1300,,7159,23:53:00,,,to_tlv
2026,6,שבת,3500,,7224,23:53:00,,,to_tlv
2026,6,שבת,4900,,7506,23:53:00,,,to_tlv
2026,6,יום חול,2820,,8160,23:54:00,,,to_tlv
2026,6,יום חול,2800,,8158,23:54:00,,,to_tlv
2026,6,יום חול,2940,,687,23:54:00,,,from_tlv
2026,6,יום חול,3600,,8693,23:54:00,,,to_tlv
2026,6,יום חול,3700,,8697,23:54:00,,,to_tlv
2026,6,יום חול,3700,,291,23:54:00,,,to_tlv
2026,6,יום חול,4660,,8683,23:54:00,,,to_tlv
2026,6,יום חול,4660,,683,23:54:00,,,to_tlv
2026,6,שבת,2200,,7126,23:54:00,,,to_tlv
2026,6,יום חול,8600,,135,23:54:00,,,to_tlv
2026,6,יום חול,8700,,8682,23:54:00,,,to_tlv
2026,6,שבת,2100,,7129,23:54:00,,,from_tlv
2026,6,שבת,9000,,8617,23:54:00,,,to_tlv
2026,6,שבת,9000,,7617,23:54:00,,,to_tlv
2026,6,יום חול,9200,,54,23:54:00,,,to_tlv
2026,6,יום חול,400,,2,23:55:00,,,from_tlv
2026,6,יום חול,1400,,184,23:55:00,,,to_tlv
2026,6,יום חול,2800,,137,23:55:00,,,from_tlv
2026,6,יום חול,2960,,8682,23:55:00,,,to_tlv
2026,6,יום חול,3500,,8682,23:55:00,,,to_tlv
2026,6,יום חול,3500,,782,23:55:00,,,to_tlv
2026,6,יום חול,3500,,782,23:55:00,,,to_tlv
2026,6,יום חול,4100,,8684,23:55:00,,,to_tlv
2026,6,יום חול,4100,,8162,23:55:00,,,to_tlv
2026,6,יום חול,4900,,686,23:55:00,,,to_tlv
2026,6,יום חול,5000,,8297,23:55:00,,,to_tlv
2026,6,יום חול,4900,,8686,23:55:00,,,to_tlv
2026,6,יום חול,5010,,56,23:55:00,,,from_tlv
2026,6,שבת,1250,,7066,23:55:00,,,to_tlv
2026,6,יום חול,7320,,51,23:55:00,,,to_tlv
2026,6,שבת,3100,,7227,23:55:00,,,from_tlv
2026,6,שבת,3600,,7616,23:55:00,,,to_tlv
2026,6,שבת,3600,,8616,23:55:00,,,to_tlv
2026,6,שבת,400,,7002,23:55:00,,,from_tlv
2026,6,שבת,5900,,7618,23:55:00,,,from_tlv
2026,6,יום חול,4900,,8695,23:56:00,,,to_tlv
2026,6,יום חול,4600,,8297,23:56:00,,,to_tlv
2026,6,יום חול,5410,,296,23:56:00,,,from_tlv
2026,6,יום חול,5300,,289,23:56:00,,,to_tlv
2026,6,שבת,3600,,7507,23:56:00,,,to_tlv
2026,6,שבת,8800,,8619,23:56:00,,,from_tlv
2026,6,שבת,7320,,7620,23:56:00,,,from_tlv
2026,6,שבת,300,,7145,23:56:00,,,from_tlv
2026,6,יום חול,9650,,679,23:56:00,,,to_tlv
2026,6,שבת,5000,,7225,23:56:00,,,to_tlv
2026,6,יום חול,9600,,690,23:56:00,,,from_tlv
2026,6,שבת,8600,,7723,23:56:00,,,to_tlv
2026,6,שבת,8800,,7619,23:56:00,,,from_tlv
2026,6,יום חול,3300,,8160,23:57:00,,,to_tlv
2026,6,יום חול,2960,,54,23:57:00,,,to_tlv
2026,6,יום חול,2800,,8160,23:57:00,,,to_tlv
2026,6,יום חול,4600,,294,23:57:00,,,to_tlv
2026,6,יום חול,4900,,8791,23:57:00,,,to_tlv
2026,6,שבת,1250,,7065,23:57:00,,,from_tlv
2026,6,שבת,9000,,7617,23:57:00,,,to_tlv
2026,6,שבת,1220,,7159,23:57:00,,,from_tlv
2026,6,שבת,4600,,7148,23:57:00,,,to_tlv
2026,6,יום חול,9200,,8682,23:57:00,,,to_tlv
2026,6,שבת,7300,,7615,23:57:00,,,to_tlv
2026,6,יום חול,1820,,474,23:58:00,,,to_tlv
2026,6,יום חול,2800,,8160,23:58:00,,,to_tlv
2026,6,יום חול,3100,,186,23:58:00,,,to_tlv
2026,6,יום חול,3400,,8162,23:58:00,,,to_tlv
2026,6,יום חול,3600,,8299,23:58:00,,,to_tlv
2026,6,יום חול,4600,,291,23:58:00,,,to_tlv
2026,6,יום חול,4600,,8697,23:58:00,,,to_tlv
2026,6,יום חול,4680,,8683,23:58:00,,,to_tlv
2026,6,יום חול,4680,,683,23:58:00,,,to_tlv
2026,6,שבת,4600,,7506,23:58:00,,,to_tlv
2026,6,שבת,2100,,7065,23:58:00,,,from_tlv
2026,6,שבת,3300,,7504,23:58:00,,,to_tlv
2026,6,שבת,5900,,7618,23:58:00,,,from_tlv
2026,6,שבת,8600,,7724,23:58:00,,,from_tlv
2026,6,שבת,2100,,7126,23:58:00,,,to_tlv
2026,6,שבת,5000,,7054,23:58:00,,,from_tlv
2026,6,שבת,5900,,7618,23:58:00,,,from_tlv
2026,6,יום חול,680,,783,23:59:00,,,to_tlv
2026,6,יום חול,2940,,8682,23:59:00,,,to_tlv
2026,6,יום חול,2800,,186,23:59:00,,,to_tlv
2026,6,יום חול,2960,,687,23:59:00,,,from_tlv
2026,6,יום חול,3400,,8192,23:59:00,,,to_tlv
2026,6,יום חול,4170,,8684,23:59:00,,,to_tlv
2026,6,יום חול,3700,,8693,23:59:00,,,to_tlv
2026,6,יום חול,4170,,8162,23:59:00,,,to_tlv
2026,6,יום חול,4170,,8699,23:59:00,,,from_tlv
2026,6,יום חול,4170,,8695,23:59:00,,,from_tlv
2026,6,יום חול,4100,,8299,23:59:00,,,from_tlv
2026,6,יום חול,5800,,8291,23:59:00,,,to_tlv
2026,6,שבת,1840,,7447,23:59:00,,,from_tlv
2026,6,שבת,2200,,7129,23:59:00,,,from_tlv
2026,6,שבת,1260,,7066,23:59:00,,,to_tlv
2026,6,יום חול,6150,,53,23:59:00,,,to_tlv
2026,6,שבת,2300,,7445,23:59:00,,,from_tlv
2026,6,יום חול,2820,,8190,00:00:00,,,to_tlv
2026,6,יום חול,2960,,8682,00:00:00,,,to_tlv
2026,6,יום חול,3500,,8162,00:00:00,,,to_tlv
2026,6,יום חול,4600,,686,00:00:00,,,to_tlv
2026,6,יום חול,4600,,8686,00:00:00,,,to_tlv
2026,6,יום חול,5000,,56,00:00:00,,,from_tlv
2026,6,שבת,7300,,7615,00:00:00,,,to_tlv
2026,6,יום חול,5800,,8289,00:00:00,,,to_tlv
2026,6,שבת,4900,,7158,00:00:00,,,to_tlv
2026,6,שבת,5200,,7226,00:00:00,,,from_tlv
2026,6,יום חול,2300,,8160,00:01:00,,,to_tlv
2026,6,יום חול,2940,,54,00:01:00,,,to_tlv
2026,6,יום חול,4640,,8695,00:01:00,,,to_tlv
2026,6,יום חול,4900,,8297,00:01:00,,,to_tlv
2026,6,שבת,2300,,7156,00:01:00,,,to_tlv
2026,6,שבת,3700,,7507,00:01:00,,,to_tlv
2026,6,יום חול,5900,,8693,00:01:00,,,to_tlv
2026,6,שבת,4100,,8616,00:01:00,,,to_tlv
2026,6,שבת,3400,,7224,00:01:00,,,to_tlv
2026,6,שבת,4100,,7616,00:01:00,,,to_tlv
2026,6,שבת,4250,,8619,00:01:00,,,from_tlv
2026,6,שישי,3700,,8193,00:01:00,,,to_tlv
2026,6,שבת,4250,,7619,00:01:00,,,from_tlv
2026,6,יום חול,2300,,8188,00:02:00,,,to_tlv
2026,6,יום חול,3600,,8299,00:02:00,,,to_tlv
2026,6,יום חול,3700,,294,00:02:00,,,to_tlv
2026,6,יום חול,4100,,8695,00:02:00,,,from_tlv
2026,6,יום חול,4690,,683,00:02:00,,,to_tlv
2026,6,יום חול,4900,,8697,00:02:00,,,to_tlv
2026,6,יום חול,4690,,8683,00:02:00,,,to_tlv
2026,6,יום חול,4900,,784,00:02:00,,,to_tlv
2026,6,יום חול,5200,,296,00:02:00,,,from_tlv
2026,6,יום חול,5300,,8297,00:02:00,,,to_tlv
2026,6,יום חול,5200,,289,00:02:00,,,to_tlv
2026,6,יום חול,5800,,8691,00:02:00,,,to_tlv
2026,6,שבת,1260,,7067,00:02:00,,,from_tlv
2026,6,שבת,3700,,7148,00:02:00,,,to_tlv
2026,6,שבת,3700,,7506,00:02:00,,,to_tlv
2026,6,שבת,2200,,7065,00:02:00,,,from_tlv
2026,6,יום חול,2800,,8190,00:03:00,,,to_tlv
2026,6,יום חול,2820,,186,00:03:00,,,to_tlv
2026,6,יום חול,3700,,8686,00:03:00,,,to_tlv
2026,6,יום חול,3700,,686,00:03:00,,,to_tlv
2026,6,יום חול,3700,,8299,00:03:00,,,to_tlv
2026,6,יום חול,4100,,8699,00:03:00,,,from_tlv
2026,6,יום חול,4250,,8684,00:03:00,,,to_tlv
2026,6,יום חול,4900,,291,00:03:00,,,to_tlv
2026,6,יום חול,4600,,8693,00:03:00,,,to_tlv
2026,6,שבת,3600,,7157,00:03:00,,,to_tlv
2026,6,יום חול,8600,,785,00:03:00,,,to_tlv
2026,6,יום חול,9200,,687,00:03:00,,,from_tlv
2026,6,שבת,1820,,7444,00:03:00,,,to_tlv
2026,6,שבת,7300,,7620,00:03:00,,,from_tlv
2026,6,שבת,5300,,7225,00:03:00,,,to_tlv
2026,6,יום חול,2940,,8682,00:04:00,,,to_tlv
2026,6,יום חול,3100,,137,00:04:00,,,from_tlv
2026,6,יום חול,3300,,8162,00:04:00,,,to_tlv
2026,6,שבת,400,,7145,00:04:00,,,to_tlv
2026,6,שבת,5800,,8617,00:04:00,,,to_tlv
2026,6,שבת,3300,,7227,00:04:00,,,from_tlv
2026,6,שבת,1240,,7065,00:04:00,,,from_tlv
2026,6,שבת,5800,,7617,00:04:00,,,to_tlv
2026,6,שישי,4600,,8193,00:04:00,,,to_tlv
2026,6,יום חול,3300,,8192,00:05:00,,,to_tlv
2026,6,יום חול,3100,,8160,00:05:00,,,to_tlv
2026,6,יום חול,3400,,782,00:05:00,,,to_tlv
2026,6,יום חול,3500,,8682,00:05:00,,,to_tlv
2026,6,יום חול,4660,,8695,00:05:00,,,to_tlv
2026,6,יום חול,3700,,8053,00:05:00,,,to_tlv
2026,6,יום חול,9700,,679,00:05:00,,,to_tlv
2026,6,שבת,1260,,7066,00:05:00,,,to_tlv
2026,6,שבת,7000,,7056,00:05:00,,,from_tlv
2026,6,שבת,2100,,7159,00:05:00,,,from_tlv
2026,6,יום חול,9800,,8683,00:05:00,,,to_tlv
2026,6,שבת,4600,,7507,00:05:00,,,to_tlv
2026,6,שבת,4600,,7158,00:05:00,,,to_tlv
2026,6,יום חול,9800,,683,00:05:00,,,to_tlv
2026,6,שבת,2300,,7129,00:05:00,,,from_tlv
2026,6,שבת,5800,,7618,00:05:00,,,from_tlv
2026,6,שישי,3700,,8053,00:05:00,,,to_tlv
2026,6,שישי,4100,,8164,00:05:00,,,to_tlv
2026,6,יום חול,2800,,186,00:06:00,,,to_tlv
2026,6,יום חול,3600,,8299,00:06:00,,,to_tlv
2026,6,יום חול,4600,,784,00:06:00,,,to_tlv
2026,6,שבת,4170,,8619,00:06:00,,,from_tlv
2026,6,יום חול,8700,,687,00:06:00,,,from_tlv
2026,6,שבת,5000,,7055,00:06:00,,,to_tlv
2026,6,שבת,1220,,7126,00:06:00,,,to_tlv
2026,6,שבת,4170,,8616,00:06:00,,,to_tlv
2026,6,שבת,5300,,7226,00:06:00,,,from_tlv
2026,6,שבת,7320,,7615,00:06:00,,,to_tlv
2026,6,שבת,4170,,7616,00:06:00,,,to_tlv
2026,6,שבת,4170,,7619,00:06:00,,,from_tlv
2026,6,יום חול,7300,,1831,00:06:00,,,to_tlv
2026,6,שבת,1820,,7447,00:06:00,,,from_tlv
2026,6,יום חול,1500,,184,00:07:00,,,to_tlv
2026,6,יום חול,3500,,54,00:07:00,,,to_tlv
2026,6,יום חול,3600,,8695,00:07:00,,,to_tlv
2026,6,יום חול,3700,,8299,00:07:00,,,to_tlv
2026,6,יום חול,3500,,8162,00:07:00,,,to_tlv
2026,6,יום חול,4600,,8299,00:07:00,,,to_tlv
2026,6,יום חול,4640,,8697,00:07:00,,,to_tlv
2026,6,יום חול,5900,,690,00:07:00,,,from_tlv
2026,6,יום חול,5900,,690,00:07:00,,,from_tlv
2026,6,יום חול,4900,,8693,00:07:00,,,to_tlv
2026,6,שבת,5800,,7617,00:07:00,,,to_tlv
2026,6,שבת,3300,,7224,00:07:00,,,to_tlv
2026,6,יום חול,300,,135,00:08:00,,,from_tlv
2026,6,יום חול,1400,,139,00:08:00,,,from_tlv
2026,6,יום חול,2200,,8160,00:08:00,,,to_tlv
2026,6,יום חול,3400,,8162,00:08:00,,,to_tlv
2026,6,יום חול,3600,,8699,00:08:00,,,to_tlv
2026,6,יום חול,3600,,8686,00:08:00,,,to_tlv
2026,6,יום חול,3600,,686,00:08:00,,,to_tlv
2026,6,יום חול,5200,,8297,00:08:00,,,to_tlv
2026,6,יום חול,4600,,8053,00:08:00,,,to_tlv
2026,6,יום חול,5300,,296,00:08:00,,,from_tlv
2026,6,שבת,3700,,7157,00:08:00,,,to_tlv
2026,6,שבת,5200,,7225,00:08:00,,,to_tlv
2026,6,יום חול,8800,,8684,00:08:00,,,to_tlv
2026,6,יום חול,8600,,8791,00:08:00,,,to_tlv
2026,6,יום חול,5900,,8291,00:08:00,,,to_tlv
2026,6,שבת,2200,,7156,00:08:00,,,to_tlv
2026,6,שבת,4900,,7724,00:08:00,,,to_tlv
2026,6,שבת,5800,,7618,00:08:00,,,from_tlv
2026,6,שישי,4600,,8053,00:08:00,,,to_tlv
2026,6,יום חול,2200,,8188,00:09:00,,,to_tlv
2026,6,יום חול,4680,,8695,00:09:00,,,to_tlv
2026,6,יום חול,5900,,8289,00:09:00,,,to_tlv
2026,6,שבת,7320,,7615,00:09:00,,,to_tlv
2026,6,שבת,680,,7547,00:09:00,,,to_tlv
2026,6,שבת,8550,,7053,00:09:00,,,to_tlv
2026,6,שבת,1250,,7067,00:09:00,,,from_tlv
2026,6,שבת,2300,,7065,00:09:00,,,from_tlv
2026,6,יום חול,3700,,8053,00:10:00,,,to_tlv
2026,6,יום חול,3700,,784,00:10:00,,,to_tlv
2026,6,יום חול,3500,,8682,00:10:00,,,to_tlv
2026,6,יום חול,4100,,8191,00:10:00,,,from_tlv
2026,6,שבת,1300,,7126,00:10:00,,,to_tlv
2026,6,יום חול,8600,,2,00:10:00,,,from_tlv
2026,6,יום חול,5800,,8618,00:10:00,,,from_tlv
2026,6,שבת,3700,,7158,00:10:00,,,to_tlv
2026,6,שבת,4900,,7507,00:10:00,,,to_tlv
2026,6,שישי,3500,,8164,00:10:00,,,to_tlv
2026,6,שבת,2200,,7159,00:10:00,,,from_tlv
2026,6,שישי,4100,,8191,00:10:00,,,from_tlv
2026,6,שבת,8600,,7002,00:10:00,,,from_tlv
2026,6,שבת,680,,7547,00:10:00,,,to_tlv
2026,6,שישי,4170,,8201,00:10:00,,,from_tlv
2026,6,שישי,4900,,8193,00:10:00,,,to_tlv
2026,6,שבת,3400,,7227,00:10:00,,,from_tlv
2026,6,יום חול,2300,,1446,00:11:00,,,to_tlv
2026,6,יום חול,3700,,8299,00:11:00,,,to_tlv
2026,6,יום חול,4660,,8697,00:11:00,,,to_tlv
2026,6,יום חול,4600,,8299,00:11:00,,,to_tlv
2026,6,יום חול,5410,,289,00:11:00,,,to_tlv
2026,6,שבת,4100,,7619,00:11:00,,,from_tlv
2026,6,שבת,4250,,8616,00:11:00,,,to_tlv
2026,6,יום חול,5900,,8691,00:11:00,,,to_tlv
2026,6,שבת,4250,,7616,00:11:00,,,to_tlv
2026,6,שבת,4900,,7054,00:11:00,,,to_tlv
2026,6,שבת,4100,,8619,00:11:00,,,from_tlv
2026,6,יום חול,2100,,8160,00:12:00,,,to_tlv
2026,6,יום חול,1840,,474,00:12:00,,,to_tlv
2026,6,יום חול,3100,,8162,00:12:00,,,to_tlv
2026,6,יום חול,3300,,782,00:12:00,,,to_tlv
2026,6,יום חול,3700,,8695,00:12:00,,,to_tlv
2026,6,יום חול,4900,,8299,00:12:00,,,to_tlv
2026,6,יום חול,4640,,8693,00:12:00,,,to_tlv
2026,6,יום חול,4800,,291,00:12:00,,,to_tlv
2026,6,יום חול,8800,,687,00:12:00,,,from_tlv
2026,6,שבת,2100,,7156,00:12:00,,,to_tlv
2026,6,שבת,4600,,7724,00:12:00,,,to_tlv
2026,6,שבת,5010,,7055,00:12:00,,,to_tlv
2026,6,שבת,4600,,7157,00:12:00,,,to_tlv
2026,6,יום חול,1600,,1161,00:13:00,,,from_tlv
2026,6,יום חול,2500,,186,00:13:00,,,to_tlv
2026,6,יום חול,2100,,8188,00:13:00,,,to_tlv
2026,6,יום חול,3100,,8192,00:13:00,,,to_tlv
2026,6,יום חול,3700,,8699,00:13:00,,,to_tlv
2026,6,יום חול,4600,,8053,00:13:00,,,to_tlv
2026,6,יום חול,4690,,8695,00:13:00,,,to_tlv
2026,6,יום חול,4900,,56,00:13:00,,,to_tlv
2026,6,יום חול,7000,,53,00:13:00,,,to_tlv
2026,6,יום חול,5150,,8297,00:13:00,,,to_tlv
2026,6,יום חול,9600,,8693,00:13:00,,,to_tlv
2026,6,שבת,5000,,7226,00:13:00,,,from_tlv
2026,6,שישי,4100,,8201,00:13:00,,,from_tlv
2026,6,יום חול,3300,,8162,00:14:00,,,to_tlv
2026,6,יום חול,3300,,137,00:14:00,,,from_tlv
2026,6,יום חול,4100,,8686,00:14:00,,,to_tlv
2026,6,יום חול,4100,,686,00:14:00,,,to_tlv
2026,6,יום חול,3600,,8191,00:14:00,,,to_tlv
2026,6,יום חול,4900,,8053,00:14:00,,,to_tlv
2026,6,יום חול,5000,,296,00:14:00,,,from_tlv
2026,6,יום חול,9000,,683,00:14:00,,,to_tlv
2026,6,שבת,1400,,7126,00:14:00,,,to_tlv
2026,6,שבת,5900,,7617,00:14:00,,,to_tlv
2026,6,יום חול,8700,,8684,00:14:00,,,to_tlv
2026,6,יום חול,9000,,8683,00:14:00,,,to_tlv
2026,6,שישי,4900,,8053,00:14:00,,,to_tlv
2026,6,שישי,3600,,8191,00:14:00,,,to_tlv
2026,6,יום חול,3400,,8162,00:15:00,,,to_tlv
2026,6,יום חול,2800,,8160,00:15:00,,,to_tlv
2026,6,יום חול,3600,,784,00:15:00,,,to_tlv
2026,6,יום חול,4680,,8697,00:15:00,,,to_tlv
2026,6,יום חול,4600,,8299,00:15:00,,,to_tlv
2026,6,שבת,1230,,7065,00:15:00,,,from_tlv
2026,6,שישי,3700,,8793,00:15:00,,,to_tlv
2026,6,שבת,3600,,7158,00:15:00,,,to_tlv
2026,6,יום חול,400,,135,00:16:00,,,to_tlv
2026,6,יום חול,4900,,8299,00:16:00,,,to_tlv
2026,6,יום חול,4600,,8695,00:16:00,,,to_tlv
2026,6,יום חול,4660,,8693,00:16:00,,,to_tlv
2026,6,יום חול,5900,,7617,00:16:00,,,to_tlv
2026,6,יום חול,5150,,291,00:16:00,,,to_tlv
2026,6,שבת,3100,,7224,00:16:00,,,to_tlv
2026,6,שבת,9000,,7618,00:16:00,,,from_tlv
2026,6,שבת,3600,,7619,00:16:00,,,to_tlv
2026,6,יום חול,9800,,8695,00:16:00,,,to_tlv
2026,6,שבת,1280,,7066,00:16:00,,,to_tlv
2026,6,שבת,2300,,7159,00:16:00,,,from_tlv
2026,6,שבת,3600,,8619,00:16:00,,,to_tlv
2026,6,שבת,1240,,7067,00:16:00,,,from_tlv
2026,6,שבת,3700,,7724,00:16:00,,,to_tlv
2026,6,שבת,4600,,7054,00:16:00,,,to_tlv
2026,6,יום חול,2200,,1446,00:17:00,,,to_tlv
2026,6,יום חול,1600,,184,00:17:00,,,to_tlv
2026,6,יום חול,4250,,687,00:17:00,,,from_tlv
2026,6,יום חול,4600,,56,00:17:00,,,to_tlv
2026,6,יום חול,4600,,8699,00:17:00,,,to_tlv
2026,6,יום חול,5410,,8297,00:17:00,,,to_tlv
2026,6,יום חול,5000,,8297,00:17:00,,,to_tlv
2026,6,יום חול,5800,,690,00:17:00,,,from_tlv
2026,6,יום חול,9200,,8684,00:17:00,,,to_tlv
2026,6,שבת,1840,,7444,00:17:00,,,to_tlv
2026,6,שבת,4900,,7157,00:17:00,,,to_tlv
2026,6,שבת,8800,,7616,00:17:00,,,to_tlv
2026,6,שבת,8800,,8616,00:17:00,,,to_tlv
2026,6,שבת,9700,,7620,00:17:00,,,from_tlv
2026,6,שבת,5900,,7617,00:17:00,,,to_tlv
2026,6,שבת,6150,,7056,00:17:00,,,from_tlv
2026,6,יום חול,2300,,8158,00:18:00,,,to_tlv
2026,6,יום חול,3700,,8191,00:18:00,,,to_tlv
2026,6,יום חול,5000,,1907,00:18:00,,,to_tlv
2026,6,שבת,5150,,7226,00:18:00,,,from_tlv
2026,6,שבת,5410,,7225,00:18:00,,,to_tlv
2026,6,שישי,3400,,8164,00:18:00,,,to_tlv
2026,6,שבת,1400,,7447,00:18:00,,,from_tlv
2026,6,שישי,4600,,8793,00:18:00,,,to_tlv
2026,6,שבת,3500,,7227,00:18:00,,,from_tlv
2026,6,שישי,3700,,8191,00:18:00,,,to_tlv
2026,6,יום חול,4170,,686,00:19:00,,,to_tlv
2026,6,יום חול,4170,,8686,00:19:00,,,to_tlv
2026,6,יום חול,5150,,296,00:19:00,,,from_tlv
2026,6,יום חול,4690,,8697,00:19:00,,,to_tlv
2026,6,יום חול,4900,,8053,00:19:00,,,to_tlv
2026,6,יום חול,5800,,8690,00:19:00,,,from_tlv
2026,6,יום חול,9000,,8618,00:19:00,,,from_tlv
2026,6,שבת,7300,,7053,00:19:00,,,to_tlv
2026,6,שבת,9000,,7618,00:19:00,,,from_tlv
2026,6,יום חול,1220,,8160,00:20:00,,,to_tlv
2026,6,יום חול,2500,,186,00:20:00,,,to_tlv
2026,6,יום חול,1500,,1161,00:20:00,,,from_tlv
2026,6,יום חול,2820,,8192,00:20:00,,,to_tlv
2026,6,יום חול,2960,,8684,00:20:00,,,to_tlv
2026,6,יום חול,4680,,8693,00:20:00,,,to_tlv
2026,6,יום חול,5800,,289,00:20:00,,,to_tlv
2026,6,יום חול,4900,,8695,00:20:00,,,to_tlv
2026,6,יום חול,5800,,289,00:20:00,,,to_tlv
2026,6,שבת,1220,,7156,00:20:00,,,to_tlv
2026,6,יום חול,7300,,679,00:20:00,,,to_tlv
2026,6,שבת,2500,,7065,00:20:00,,,from_tlv
2026,6,שבת,1280,,7066,00:20:00,,,to_tlv
2026,6,יום חול,4900,,8299,00:20:00,,,to_tlv
2026,6,שישי,8600,,8193,00:20:00,,,to_tlv
2026,6,יום חול,1220,,8188,00:21:00,,,to_tlv
2026,6,יום חול,2300,,8160,00:21:00,,,to_tlv
2026,6,יום חול,2100,,1446,00:21:00,,,to_tlv
2026,6,יום חול,3300,,8162,00:21:00,,,to_tlv
2026,6,יום חול,3700,,56,00:21:00,,,to_tlv
2026,6,יום חול,3700,,56,00:21:00,,,to_tlv
2026,6,יום חול,4900,,8699,00:21:00,,,to_tlv
2026,6,יום חול,5000,,291,00:21:00,,,to_tlv
2026,6,שבת,3700,,7619,00:21:00,,,to_tlv
2026,6,שבת,3700,,8619,00:21:00,,,to_tlv
2026,6,שבת,3600,,7724,00:21:00,,,to_tlv
2026,6,שבת,6900,,7055,00:21:00,,,to_tlv
2026,6,שבת,3700,,7054,00:21:00,,,to_tlv
2026,6,שישי,3600,,8201,00:21:00,,,to_tlv
2026,6,יום חול,2800,,8162,00:22:00,,,to_tlv
2026,6,יום חול,2300,,186,00:22:00,,,to_tlv
2026,6,יום חול,2300,,8160,00:22:00,,,to_tlv
2026,6,יום חול,3100,,8162,00:22:00,,,to_tlv
2026,6,יום חול,3100,,782,00:22:00,,,to_tlv
2026,6,יום חול,3500,,784,00:22:00,,,to_tlv
2026,6,יום חול,3500,,784,00:22:00,,,to_tlv
2026,6,יום חול,4170,,687,00:22:00,,,from_tlv
2026,6,שבת,680,,7723,00:22:00,,,to_tlv
2026,6,שבת,4800,,7226,00:22:00,,,from_tlv
2026,6,שבת,2100,,7065,00:22:00,,,from_tlv
2026,6,יום חול,9800,,8697,00:22:00,,,to_tlv
2026,6,יום חול,9650,,8693,00:22:00,,,to_tlv
2026,6,שבת,2820,,7224,00:22:00,,,to_tlv
2026,6,יום חול,2800,,8192,00:23:00,,,to_tlv
2026,6,יום חול,2100,,139,00:23:00,,,from_tlv
2026,6,יום חול,4250,,8686,00:23:00,,,to_tlv
2026,6,יום חול,4600,,8191,00:23:00,,,to_tlv
2026,6,יום חול,4250,,686,00:23:00,,,to_tlv
2026,6,יום חול,4800,,296,00:23:00,,,from_tlv
2026,6,שבת,8700,,8616,00:23:00,,,to_tlv
2026,6,שבת,8700,,7616,00:23:00,,,to_tlv
2026,6,שישי,4600,,8191,00:23:00,,,to_tlv
2026,6,יום חול,2940,,8684,00:24:00,,,to_tlv
2026,6,יום חול,3700,,1147,00:24:00,,,to_tlv
2026,6,יום חול,4690,,8693,00:24:00,,,to_tlv
2026,6,יום חול,5300,,8297,00:24:00,,,to_tlv
2026,6,יום חול,5150,,8299,00:24:00,,,to_tlv
2026,6,שבת,5000,,7507,00:24:00,,,to_tlv
2026,6,שבת,9800,,7618,00:24:00,,,from_tlv
2026,6,שישי,3300,,8164,00:24:00,,,to_tlv
2026,6,שישי,4900,,8793,00:24:00,,,to_tlv
2026,6,שבת,3600,,7227,00:24:00,,,to_tlv
2026,6,יום חול,2200,,8158,00:25:00,,,to_tlv
2026,6,יום חול,3700,,2,00:25:00,,,to_tlv
2026,6,יום חול,4640,,8695,00:25:00,,,to_tlv
2026,6,יום חול,5800,,683,00:25:00,,,to_tlv
2026,6,יום חול,5800,,683,00:25:00,,,to_tlv
2026,6,יום חול,5800,,8683,00:25:00,,,to_tlv
2026,6,שבת,1300,,7156,00:25:00,,,to_tlv
2026,6,יום חול,9000,,8695,00:25:00,,,to_tlv
2026,6,שבת,4600,,7619,00:25:00,,,to_tlv
2026,6,שבת,3700,,7002,00:25:00,,,to_tlv
2026,6,שבת,9650,,7620,00:25:00,,,from_tlv
2026,6,שבת,2500,,7159,00:25:00,,,from_tlv
2026,6,שבת,4600,,8619,00:25:00,,,to_tlv
2026,6,יום חול,3500,,137,00:26:00,,,from_tlv
2026,6,יום חול,3600,,56,00:26:00,,,to_tlv
2026,6,יום חול,4640,,8699,00:26:00,,,to_tlv
2026,6,יום חול,5800,,8297,00:26:00,,,to_tlv
2026,6,יום חול,7300,,1991,00:26:00,,,to_tlv
2026,6,יום חול,9600,,7617,00:26:00,,,to_tlv
2026,6,שבת,2200,,7065,00:26:00,,,from_tlv
2026,6,שבת,1300,,7447,00:26:00,,,to_tlv
2026,6,שבת,6900,,7056,00:26:00,,,from_tlv
2026,6,שבת,9600,,7617,00:26:00,,,to_tlv
2026,6,שישי,3700,,8201,00:26:00,,,to_tlv
2026,6,יום חול,2300,,8190,00:27:00,,,to_tlv
2026,6,יום חול,4100,,687,00:27:00,,,from_tlv
2026,6,יום חול,4600,,1147,00:27:00,,,to_tlv
2026,6,שבת,1230,,7067,00:27:00,,,from_tlv
2026,6,שבת,5800,,7225,00:27:00,,,to_tlv
2026,6,יום חול,9800,,8693,00:27:00,,,to_tlv
2026,6,שבת,8600,,7157,00:27:00,,,to_tlv
2026,6,יום חול,9100,,1907,00:27:00,,,to_tlv
2026,6,יום חול,9800,,8618,00:27:00,,,from_tlv
2026,6,שבת,2800,,7224,00:27:00,,,to_tlv
2026,6,שבת,9200,,8616,00:27:00,,,to_tlv
2026,6,שבת,9800,,7618,00:27:00,,,from_tlv
2026,6,שבת,5800,,7225,00:27:00,,,to_tlv
2026,6,שבת,9200,,7616,00:27:00,,,to_tlv
2026,6,יום חול,2200,,8160,00:28:00,,,to_tlv
2026,6,יום חול,5000,,8299,00:28:00,,,to_tlv
2026,6,יום חול,5300,,291,00:28:00,,,to_tlv
2026,6,יום חול,5150,,8299,00:28:00,,,to_tlv
2026,6,יום חול,8800,,8686,00:28:00,,,to_tlv
2026,6,יום חול,7320,,679,00:28:00,,,to_tlv
2026,6,יום חול,9000,,690,00:28:00,,,from_tlv
2026,6,שבת,7320,,7053,00:28:00,,,to_tlv
2026,6,יום חול,9000,,8690,00:28:00,,,from_tlv
2026,6,יום חול,8800,,686,00:28:00,,,to_tlv
2026,6,שבת,3500,,7724,00:28:00,,,to_tlv
2026,6,יום חול,680,,785,00:29:00,,,to_tlv
2026,6,יום חול,1400,,1161,00:29:00,,,from_tlv
2026,6,יום חול,1220,,1446,00:29:00,,,to_tlv
2026,6,יום חול,700,,8160,00:29:00,,,to_tlv
2026,6,יום חול,2100,,8158,00:29:00,,,to_tlv
2026,6,יום חול,2200,,186,00:29:00,,,to_tlv
2026,6,יום חול,2200,,8160,00:29:00,,,to_tlv
2026,6,יום חול,2300,,186,00:29:00,,,to_tlv
2026,6,יום חול,3100,,8162,00:29:00,,,to_tlv
2026,6,יום חול,2820,,8162,00:29:00,,,to_tlv
2026,6,יום חול,4900,,8191,00:29:00,,,to_tlv
2026,6,יום חול,4660,,8695,00:29:00,,,to_tlv
2026,6,יום חול,5900,,289,00:29:00,,,to_tlv
2026,6,שישי,4900,,8191,00:29:00,,,to_tlv
2026,6,שבת,3700,,7227,00:29:00,,,to_tlv
2026,6,שבת,9600,,7617,00:29:00,,,to_tlv
2026,6,יום חול,700,,8188,00:30:00,,,to_tlv
2026,6,יום חול,2800,,782,00:30:00,,,to_tlv
2026,6,יום חול,3500,,8684,00:30:00,,,to_tlv
2026,6,יום חול,4660,,8699,00:30:00,,,to_tlv
2026,6,יום חול,5200,,8297,00:30:00,,,to_tlv
2026,6,שבת,6150,,7055,00:30:00,,,to_tlv
2026,6,שבת,4900,,8619,00:30:00,,,to_tlv
2026,6,יום חול,7500,,1831,00:30:00,,,to_tlv
2026,6,שבת,4900,,7619,00:30:00,,,to_tlv
2026,6,שישי,4600,,8201,00:30:00,,,to_tlv
2026,6,שבת,5010,,7507,00:30:00,,,to_tlv
2026,6,שבת,1220,,7447,00:30:00,,,from_tlv
2026,6,יום חול,3400,,784,00:31:00,,,to_tlv
2026,6,יום חול,4100,,56,00:31:00,,,to_tlv
2026,6,יום חול,4900,,296,00:31:00,,,to_tlv
2026,6,יום חול,5000,,8053,00:31:00,,,to_tlv
2026,6,יום חול,9700,,8693,00:31:00,,,to_tlv
2026,6,שבת,4680,,7618,00:31:00,,,from_tlv
2026,6,יום חול,9000,,8697,00:31:00,,,to_tlv
2026,6,שישי,5000,,8053,00:31:00,,,to_tlv
2026,6,שבת,4900,,7226,00:31:00,,,to_tlv
2026,6,יום חול,680,,700,00:32:00,,,to_tlv
2026,6,יום חול,2800,,8162,00:32:00,,,to_tlv
2026,6,יום חול,2100,,8160,00:32:00,,,to_tlv
2026,6,יום חול,2300,,139,00:32:00,,,from_tlv
2026,6,יום חול,3600,,687,00:32:00,,,to_tlv
2026,6,יום חול,4680,,8618,00:32:00,,,from_tlv
2026,6,יום חול,5150,,8299,00:32:00,,,to_tlv
2026,6,יום חול,5000,,8299,00:32:00,,,to_tlv
2026,6,שישי,3100,,8164,00:32:00,,,to_tlv
2026,6,שישי,680,,6700,00:32:00,,,to_tlv
2026,6,שבת,1400,,7156,00:32:00,,,to_tlv
2026,6,שבת,4680,,7618,00:32:00,,,from_tlv
2026,6,יום חול,1400,,8160,00:33:00,,,to_tlv
2026,6,יום חול,2100,,8160,00:33:00,,,to_tlv
2026,6,יום חול,2100,,186,00:33:00,,,to_tlv
2026,6,יום חול,2800,,8162,00:33:00,,,to_tlv
2026,6,יום חול,3600,,137,00:33:00,,,to_tlv
2026,6,יום חול,4680,,8695,00:33:00,,,to_tlv
2026,6,יום חול,4900,,1147,00:33:00,,,to_tlv
2026,6,יום חול,5200,,291,00:33:00,,,to_tlv
2026,6,שבת,4600,,7227,00:33:00,,,to_tlv
2026,6,יום חול,680,,8791,00:34:00,,,to_tlv
2026,6,יום חול,1300,,1446,00:34:00,,,to_tlv
2026,6,יום חול,1400,,8188,00:34:00,,,to_tlv
2026,6,יום חול,2200,,8190,00:34:00,,,to_tlv
2026,6,יום חול,4680,,8699,00:34:00,,,to_tlv
2026,6,יום חול,8700,,8686,00:34:00,,,to_tlv
2026,6,יום חול,8700,,686,00:34:00,,,to_tlv
2026,6,יום חול,8550,,53,00:34:00,,,to_tlv
2026,6,שבת,2300,,7065,00:34:00,,,from_tlv
2026,6,שישי,300,,8193,00:34:00,,,from_tlv
2026,6,שבת,2100,,7067,00:34:00,,,from_tlv
2026,6,יום חול,9650,,7617,00:34:00,,,to_tlv
2026,6,שבת,9600,,7620,00:34:00,,,from_tlv
2026,6,שבת,9650,,7617,00:34:00,,,to_tlv
2026,6,יום חול,1300,,1161,00:35:00,,,to_tlv
2026,6,יום חול,3500,,2,00:35:00,,,to_tlv
2026,6,יום חול,5900,,683,00:35:00,,,to_tlv
2026,6,יום חול,5300,,8299,00:35:00,,,to_tlv
2026,6,יום חול,5900,,8297,00:35:00,,,to_tlv
2026,6,שבת,2940,,7616,00:35:00,,,to_tlv
2026,6,שבת,5010,,7056,00:35:00,,,from_tlv
2026,6,שבת,4660,,7618,00:35:00,,,from_tlv
2026,6,שבת,3500,,7002,00:35:00,,,to_tlv
2026,6,שבת,2940,,8616,00:35:00,,,to_tlv
2026,6,שישי,4900,,8201,00:35:00,,,to_tlv
2026,6,שישי,8600,,8793,00:35:00,,,to_tlv
2026,6,יום חול,2200,,186,00:36:00,,,to_tlv
2026,6,יום חול,4600,,296,00:36:00,,,to_tlv
2026,6,יום חול,4170,,56,00:36:00,,,to_tlv
2026,6,יום חול,5000,,8299,00:36:00,,,to_tlv
2026,6,יום חול,5800,,8695,00:36:00,,,to_tlv
2026,6,יום חול,5000,,8053,00:36:00,,,to_tlv
2026,6,שבת,4660,,7619,00:36:00,,,to_tlv
2026,6,שבת,4600,,7226,00:36:00,,,to_tlv
2026,6,יום חול,9000,,8693,00:36:00,,,to_tlv
2026,6,שבת,4660,,8619,00:36:00,,,to_tlv
2026,6,יום חול,1220,,8158,00:37:00,,,to_tlv
2026,6,יום חול,3700,,687,00:37:00,,,to_tlv
2026,6,יום חול,3700,,687,00:37:00,,,to_tlv
2026,6,יום חול,3700,,137,00:37:00,,,to_tlv
2026,6,יום חול,4690,,8695,00:37:00,,,to_tlv
2026,6,יום חול,4660,,8618,00:37:00,,,from_tlv
2026,6,יום חול,5010,,8053,00:37:00,,,to_tlv
2026,6,שישי,5010,,8053,00:37:00,,,to_tlv
2026,6,יום חול,9200,,8686,00:37:00,,,to_tlv
2026,6,שבת,2800,,7159,00:37:00,,,from_tlv
2026,6,יום חול,9200,,686,00:37:00,,,to_tlv
2026,6,שבת,4660,,7618,00:37:00,,,from_tlv
2026,6,שבת,9650,,7617,00:37:00,,,to_tlv
2026,6,שישי,5900,,683,00:37:00,,,to_tlv
2026,6,יום חול,2100,,8190,00:38:00,,,to_tlv
2026,6,יום חול,3300,,784,00:38:00,,,to_tlv
2026,6,יום חול,4690,,8699,00:38:00,,,to_tlv
2026,6,שבת,2200,,7067,00:38:00,,,from_tlv
2026,6,שבת,4900,,7227,00:38:00,,,to_tlv
2026,6,יום חול,9800,,8690,00:38:00,,,from_tlv
2026,6,יום חול,9800,,690,00:38:00,,,from_tlv
2026,6,שבת,4660,,7619,00:38:00,,,to_tlv
2026,6,שבת,2100,,7447,00:38:00,,,from_tlv
2026,6,יום חול,1220,,1161,00:39:00,,,from_tlv
2026,6,יום חול,2300,,8160,00:39:00,,,to_tlv
2026,6,יום חול,2800,,8162,00:39:00,,,to_tlv
2026,6,יום חול,5300,,8299,00:39:00,,,to_tlv
2026,6,יום חול,5410,,8297,00:39:00,,,to_tlv
2026,6,יום חול,8600,,8191,00:39:00,,,to_tlv
2026,6,שבת,5900,,7225,00:39:00,,,to_tlv
2026,6,שישי,8600,,8191,00:39:00,,,to_tlv
2026,6,יום חול,1220,,8160,00:40:00,,,to_tlv
2026,6,יום חול,1600,,1,00:40:00,,,from_tlv
2026,6,יום חול,2100,,186,00:40:00,,,to_tlv
2026,6,יום חול,2960,,8686,00:40:00,,,to_tlv
2026,6,יום חול,2960,,686,00:40:00,,,to_tlv
2026,6,יום חול,3700,,296,00:40:00,,,to_tlv
2026,6,יום חול,3500,,9701,00:40:00,,,from_tlv
2026,6,יום חול,3500,,701,00:40:00,,,from_tlv
2026,6,יום חול,4250,,56,00:40:00,,,to_tlv
2026,6,שבת,4680,,7619,00:40:00,,,to_tlv
2026,6,יום חול,9800,,8695,00:40:00,,,to_tlv
2026,6,שישי,1600,,6001,00:40:00,,,from_tlv
2026,6,שבת,300,,7157,00:40:00,,,from_tlv
2026,6,שבת,4680,,8619,00:40:00,,,to_tlv
2026,6,שישי,3500,,6701,00:40:00,,,from_tlv
2026,6,שבת,2800,,7158,00:40:00,,,to_tlv
2026,6,שבת,5000,,7056,00:40:00,,,from_tlv
2026,6,יום חול,1220,,8160,00:41:00,,,to_tlv
2026,6,יום חול,1400,,1446,00:41:00,,,to_tlv
2026,6,יום חול,1220,,186,00:41:00,,,to_tlv
2026,6,יום חול,4600,,687,00:41:00,,,to_tlv
2026,6,יום חול,5200,,8299,00:41:00,,,to_tlv
2026,6,שבת,1500,,7156,00:41:00,,,to_tlv
2026,6,יום חול,9800,,8699,00:41:00,,,to_tlv
2026,6,שבת,3700,,7226,00:41:00,,,to_tlv
2026,6,יום חול,4600,,137,00:42:00,,,to_tlv
2026,6,יום חול,4690,,8690,00:42:00,,,from_tlv
2026,6,יום חול,4900,,8618,00:42:00,,,to_tlv
2026,6,יום חול,4690,,690,00:42:00,,,from_tlv
2026,6,יום חול,5010,,8053,00:42:00,,,to_tlv
2026,6,יום חול,5410,,291,00:42:00,,,to_tlv
2026,6,שבת,3500,,8616,00:42:00,,,to_tlv
2026,6,יום חול,5800,,8697,00:42:00,,,to_tlv
2026,6,שבת,4900,,7618,00:42:00,,,to_tlv
2026,6,שבת,7000,,7055,00:42:00,,,to_tlv
2026,6,שבת,3500,,7616,00:42:00,,,to_tlv
2026,6,שישי,400,,8193,00:42:00,,,to_tlv
2026,6,שבת,4680,,7619,00:42:00,,,to_tlv
2026,6,שישי,2800,,8164,00:42:00,,,to_tlv
2026,6,יום חול,5300,,8299,00:43:00,,,to_tlv
2026,6,יום חול,8600,,1147,00:43:00,,,to_tlv
2026,6,שבת,2820,,7159,00:43:00,,,from_tlv
2026,6,שבת,9700,,7617,00:43:00,,,to_tlv
2026,6,יום חול,9700,,7617,00:43:00,,,to_tlv
2026,6,שבת,2200,,7447,00:43:00,,,from_tlv
2026,6,יום חול,2940,,686,00:44:00,,,to_tlv
2026,6,יום חול,2940,,8686,00:44:00,,,to_tlv
2026,6,שבת,2300,,7067,00:44:00,,,from_tlv
2026,6,יום חול,1500,,8160,00:45:00,,,to_tlv
2026,6,יום חול,4900,,687,00:45:00,,,to_tlv
2026,6,יום חול,4680,,8690,00:45:00,,,from_tlv
2026,6,יום חול,4680,,690,00:45:00,,,from_tlv
2026,6,יום חול,5200,,8299,00:45:00,,,to_tlv
2026,6,יום חול,8800,,56,00:45:00,,,to_tlv
2026,6,יום חול,7300,,53,00:45:00,,,to_tlv
2026,6,שבת,9800,,8619,00:45:00,,,to_tlv
2026,6,שבת,9800,,7619,00:45:00,,,to_tlv
2026,6,שבת,5900,,7620,00:45:00,,,from_tlv
2026,6,יום חול,1300,,186,00:46:00,,,to_tlv
2026,6,יום חול,700,,8158,00:46:00,,,to_tlv
2026,6,יום חול,1220,,8190,00:46:00,,,to_tlv
2026,6,יום חול,2200,,8160,00:46:00,,,to_tlv
2026,6,יום חול,1500,,8188,00:46:00,,,to_tlv
2026,6,יום חול,2300,,8162,00:46:00,,,to_tlv
2026,6,יום חול,4900,,137,00:46:00,,,to_tlv
2026,6,יום חול,5900,,8695,00:46:00,,,to_tlv
2026,6,יום חול,7300,,8693,00:46:00,,,to_tlv
2026,6,שישי,6900,,8053,00:46:00,,,to_tlv
2026,6,שבת,9700,,7617,00:46:00,,,to_tlv
2026,6,יום חול,6900,,8053,00:46:00,,,to_tlv
2026,6,יום חול,2800,,1011,00:47:00,,,from_tlv
2026,6,יום חול,2300,,8192,00:47:00,,,to_tlv
2026,6,יום חול,2100,,1161,00:47:00,,,from_tlv
2026,6,יום חול,3300,,2,00:47:00,,,to_tlv
2026,6,יום חול,3700,,9701,00:47:00,,,to_tlv
2026,6,יום חול,4600,,8618,00:47:00,,,to_tlv
2026,6,יום חול,3700,,701,00:47:00,,,to_tlv
2026,6,יום חול,5800,,8693,00:47:00,,,to_tlv
2026,6,שבת,400,,7157,00:47:00,,,to_tlv
2026,6,יום חול,9600,,683,00:47:00,,,to_tlv
2026,6,שישי,5150,,8201,00:47:00,,,to_tlv
2026,6,שישי,3700,,6701,00:47:00,,,to_tlv
2026,6,שבת,3300,,7002,00:47:00,,,to_tlv
2026,6,שבת,4600,,7618,00:47:00,,,to_tlv
2026,6,שישי,9600,,683,00:47:00,,,to_tlv
2026,6,יום חול,1220,,186,00:48:00,,,to_tlv
2026,6,יום חול,3100,,784,00:48:00,,,to_tlv
2026,6,יום חול,5800,,8297,00:48:00,,,to_tlv
2026,6,שבת,9800,,7619,00:48:00,,,to_tlv
2026,6,יום חול,700,,8160,00:49:00,,,to_tlv
2026,6,יום חול,4660,,690,00:49:00,,,from_tlv
2026,6,יום חול,4660,,8690,00:49:00,,,from_tlv
2026,6,יום חול,5200,,8299,00:49:00,,,to_tlv
2026,6,שבת,3100,,7159,00:49:00,,,from_tlv
2026,6,יום חול,9000,,8695,00:49:00,,,to_tlv
2026,6,יום חול,1500,,1,00:50:00,,,from_tlv
2026,6,יום חול,400,,4,00:50:00,,,from_tlv
2026,6,יום חול,1400,,8158,00:50:00,,,to_tlv
2026,6,יום חול,400,,1004,00:50:00,,,from_tlv
2026,6,יום חול,700,,8160,00:50:00,,,to_tlv
2026,6,יום חול,2100,,8160,00:50:00,,,to_tlv
2026,6,יום חול,3500,,686,00:50:00,,,to_tlv
2026,6,יום חול,3500,,8686,00:50:00,,,to_tlv
2026,6,יום חול,3700,,8618,00:50:00,,,to_tlv
2026,6,יום חול,4640,,687,00:50:00,,,to_tlv
2026,6,יום חול,5410,,8299,00:50:00,,,to_tlv
2026,6,שבת,3700,,7618,00:50:00,,,to_tlv
2026,6,שישי,400,,6004,00:50:00,,,from_tlv
2026,6,יום חול,7500,,1991,00:50:00,,,to_tlv
2026,6,יום חול,9000,,8699,00:50:00,,,to_tlv
2026,6,שישי,1500,,6001,00:50:00,,,from_tlv
2026,6,יום חול,700,,186,00:51:00,,,to_tlv
2026,6,יום חול,2800,,139,00:51:00,,,from_tlv
2026,6,יום חול,5800,,291,00:51:00,,,to_tlv
2026,6,יום חול,8700,,56,00:51:00,,,to_tlv
2026,6,יום חול,5800,,291,00:51:00,,,to_tlv
2026,6,יום חול,6900,,8053,00:51:00,,,to_tlv
2026,6,שבת,1600,,7156,00:51:00,,,to_tlv
2026,6,שבת,2300,,7447,00:51:00,,,from_tlv
2026,6,שישי,5000,,8201,00:51:00,,,to_tlv
2026,6,יום חול,2200,,1161,00:52:00,,,from_tlv
2026,6,יום חול,4640,,690,00:52:00,,,from_tlv
2026,6,יום חול,4640,,8690,00:52:00,,,from_tlv
2026,6,יום חול,5900,,8697,00:52:00,,,to_tlv
2026,6,יום חול,7300,,8691,00:52:00,,,to_tlv
2026,6,שבת,6300,,7507,00:52:00,,,to_tlv
2026,6,יום חול,300,,8191,00:53:00,,,from_tlv
2026,6,יום חול,1300,,186,00:53:00,,,to_tlv
2026,6,יום חול,1400,,8160,00:53:00,,,to_tlv
2026,6,יום חול,2200,,8162,00:53:00,,,to_tlv
2026,6,יום חול,8600,,700,00:53:00,,,from_tlv
2026,6,שישי,300,,8191,00:53:00,,,from_tlv
2026,6,שישי,8600,,6700,00:53:00,,,from_tlv
2026,6,שבת,2500,,7158,00:53:00,,,to_tlv
2026,6,שבת,4900,,7056,00:53:00,,,to_tlv
2026,6,יום חול,1400,,8160,00:54:00,,,to_tlv
2026,6,יום חול,1600,,8160,00:54:00,,,to_tlv
2026,6,יום חול,2200,,8192,00:54:00,,,to_tlv
2026,6,יום חול,4660,,687,00:54:00,,,to_tlv
2026,6,יום חול,5410,,8299,00:54:00,,,to_tlv
2026,6,יום חול,7320,,8693,00:54:00,,,to_tlv
2026,6,יום חול,9200,,56,00:54:00,,,to_tlv
2026,6,שבת,9000,,7619,00:54:00,,,to_tlv
2026,6,שבת,9000,,8619,00:54:00,,,to_tlv
2026,6,יום חול,700,,8190,00:55:00,,,to_tlv
2026,6,יום חול,1400,,186,00:55:00,,,to_tlv
2026,6,יום חול,1820,,1446,00:55:00,,,to_tlv
2026,6,יום חול,3100,,1011,00:55:00,,,from_tlv
2026,6,יום חול,4900,,8690,00:55:00,,,to_tlv
2026,6,יום חול,6150,,8053,00:55:00,,,to_tlv
2026,6,יום חול,4900,,690,00:55:00,,,to_tlv
2026,6,יום חול,7320,,53,00:55:00,,,to_tlv
2026,6,יום חול,8600,,137,00:55:00,,,to_tlv
2026,6,יום חול,8600,,9700,00:55:00,,,from_tlv
2026,6,שישי,6150,,8053,00:55:00,,,to_tlv
2026,6,יום חול,300,,1147,00:56:00,,,from_tlv
2026,6,יום חול,2300,,8162,00:56:00,,,to_tlv
2026,6,יום חול,1600,,8188,00:56:00,,,to_tlv
2026,6,יום חול,9650,,683,00:56:00,,,to_tlv
2026,6,שישי,9650,,683,00:56:00,,,to_tlv
2026,6,יום חול,2800,,784,00:57:00,,,to_tlv
2026,6,יום חול,2300,,8162,00:57:00,,,to_tlv
2026,6,יום חול,2100,,8162,00:57:00,,,to_tlv
2026,6,יום חול,2960,,56,00:57:00,,,to_tlv
2026,6,שבת,7300,,7617,00:57:00,,,to_tlv
2026,6,יום חול,5900,,8693,00:57:00,,,to_tlv
2026,6,יום חול,5900,,8297,00:57:00,,,to_tlv
2026,6,יום חול,7300,,7617,00:57:00,,,to_tlv
2026,6,שבת,9000,,7619,00:57:00,,,to_tlv
2026,6,יום חול,1220,,8160,00:58:00,,,to_tlv
2026,6,יום חול,700,,186,00:58:00,,,to_tlv
2026,6,יום חול,2300,,1161,00:58:00,,,from_tlv
2026,6,יום חול,2100,,8192,00:58:00,,,to_tlv
2026,6,יום חול,3100,,2,00:58:00,,,to_tlv
2026,6,יום חול,4680,,687,00:58:00,,,to_tlv
2026,6,יום חול,5410,,8299,00:58:00,,,to_tlv
2026,6,יום חול,7320,,8691,00:58:00,,,to_tlv
2026,6,שבת,4600,,7056,00:58:00,,,to_tlv
2026,6,שבת,3100,,7002,00:58:00,,,to_tlv
2026,6,שבת,3300,,7159,00:58:00,,,from_tlv
2026,6,יום חול,9600,,8695,00:58:00,,,to_tlv
2026,6,שישי,5300,,8201,00:58:00,,,to_tlv
2026,6,יום חול,1400,,8190,00:59:00,,,to_tlv
2026,6,יום חול,5800,,8299,00:59:00,,,to_tlv
2026,6,יום חול,4600,,8690,01:00:00,,,to_tlv
2026,6,יום חול,4600,,690,01:00:00,,,to_tlv
2026,6,יום חול,5900,,291,01:00:00,,,to_tlv
2026,6,שבת,7300,,7617,01:00:00,,,to_tlv
2026,6,יום חול,6150,,8053,01:00:00,,,to_tlv
2026,6,יום חול,5800,,8695,01:00:00,,,to_tlv
2026,6,יום חול,400,,8191,01:01:00,,,to_tlv
2026,6,יום חול,3100,,139,01:01:00,,,from_tlv
2026,6,יום חול,2940,,56,01:01:00,,,to_tlv
2026,6,יום חול,5800,,8699,01:01:00,,,to_tlv
2026,6,יום חול,8600,,9701,01:01:00,,,to_tlv
2026,6,שבת,2300,,7158,01:01:00,,,to_tlv
2026,6,שישי,400,,8191,01:01:00,,,to_tlv
2026,6,שישי,680,,8793,01:01:00,,,to_tlv
2026,6,שישי,8600,,6701,01:01:00,,,to_tlv
2026,6,יום חול,8600,,701,01:01:00,,,to_tlv
2026,6,יום חול,1400,,186,01:02:00,,,to_tlv
2026,6,יום חול,1500,,8158,01:02:00,,,to_tlv
2026,6,יום חול,4690,,687,01:02:00,,,to_tlv
2026,6,שבת,8550,,7055,01:02:00,,,to_tlv
2026,6,יום חול,2200,,8162,01:03:00,,,to_tlv
2026,6,יום חול,2300,,8162,01:03:00,,,to_tlv
2026,6,יום חול,3700,,8690,01:03:00,,,to_tlv
2026,6,יום חול,3700,,690,01:03:00,,,to_tlv
2026,6,יום חול,5800,,8299,01:03:00,,,to_tlv
2026,6,שבת,3700,,7056,01:03:00,,,to_tlv
2026,6,יום חול,400,,1147,01:04:00,,,to_tlv
2026,6,יום חול,2200,,8162,01:04:00,,,to_tlv
2026,6,יום חול,8600,,4,01:04:00,,,from_tlv
2026,6,יום חול,8600,,1004,01:04:00,,,from_tlv
2026,6,שבת,5800,,7619,01:04:00,,,to_tlv
2026,6,שבת,3400,,7159,01:04:00,,,from_tlv
2026,6,שישי,5200,,8201,01:04:00,,,to_tlv
2026,6,יום חול,9600,,8697,01:04:00,,,to_tlv
2026,6,שבת,5800,,8619,01:04:00,,,to_tlv
2026,6,שישי,8600,,6004,01:04:00,,,from_tlv
2026,6,יום חול,1220,,8162,01:05:00,,,to_tlv
2026,6,יום חול,1500,,8160,01:05:00,,,to_tlv
2026,6,יום חול,3300,,1011,01:05:00,,,from_tlv
2026,6,יום חול,9700,,683,01:05:00,,,to_tlv
2026,6,יום חול,9800,,687,01:05:00,,,to_tlv
2026,6,שישי,9700,,683,01:05:00,,,to_tlv
2026,6,יום חול,1400,,1,01:06:00,,,from_tlv
2026,6,יום חול,1220,,8192,01:06:00,,,to_tlv
2026,6,יום חול,1500,,8160,01:06:00,,,to_tlv
2026,6,יום חול,7320,,7617,01:06:00,,,to_tlv
2026,6,שבת,7320,,7617,01:06:00,,,to_tlv
2026,6,שישי,2300,,8164,01:06:00,,,to_tlv
2026,6,שישי,1400,,6001,01:06:00,,,from_tlv
2026,6,יום חול,700,,8160,01:07:00,,,to_tlv
2026,6,יום חול,2800,,2,01:07:00,,,to_tlv
2026,6,יום חול,2100,,8162,01:07:00,,,to_tlv
2026,6,יום חול,1500,,186,01:07:00,,,to_tlv
2026,6,יום חול,3500,,56,01:07:00,,,to_tlv
2026,6,יום חול,3700,,9700,01:07:00,,,to_tlv
2026,6,יום חול,3700,,700,01:07:00,,,to_tlv
2026,6,יום חול,5800,,8299,01:07:00,,,to_tlv
2026,6,שבת,5800,,7619,01:07:00,,,to_tlv
2026,6,שבת,2800,,7002,01:07:00,,,to_tlv
2026,6,יום חול,9650,,8695,01:07:00,,,to_tlv
2026,6,שבת,2800,,7002,01:07:00,,,to_tlv
2026,6,שישי,3700,,6700,01:07:00,,,to_tlv
2026,6,יום חול,300,,137,01:08:00,,,from_tlv
2026,6,יום חול,2100,,8162,01:08:00,,,to_tlv
2026,6,יום חול,5900,,8299,01:08:00,,,to_tlv
2026,6,שבת,2200,,7158,01:08:00,,,to_tlv
2026,6,יום חול,1840,,1446,01:09:00,,,to_tlv
2026,6,יום חול,7000,,8053,01:09:00,,,to_tlv
2026,6,יום חול,9600,,8693,01:09:00,,,to_tlv
2026,6,שישי,7000,,8053,01:09:00,,,to_tlv
2026,6,שבת,7320,,7617,01:09:00,,,to_tlv
2026,6,יום חול,2200,,8162,01:10:00,,,to_tlv
2026,6,יום חול,5900,,8695,01:10:00,,,to_tlv
2026,6,יום חול,1400,,8160,01:11:00,,,to_tlv
2026,6,יום חול,1500,,8190,01:11:00,,,to_tlv
2026,6,יום חול,3300,,139,01:11:00,,,from_tlv
2026,6,יום חול,5900,,7619,01:11:00,,,to_tlv
2026,6,יום חול,5900,,8699,01:11:00,,,to_tlv
2026,6,יום חול,1600,,8158,01:12:00,,,to_tlv
2026,6,יום חול,5900,,8299,01:12:00,,,to_tlv
2026,6,שבת,7300,,7055,01:12:00,,,to_tlv
2026,6,שבת,2100,,7158,01:12:00,,,to_tlv
2026,6,שישי,5410,,8201,01:13:00,,,to_tlv
2026,6,יום חול,9650,,8697,01:13:00,,,to_tlv
2026,6,שישי,2200,,8164,01:13:00,,,to_tlv
2026,6,שבת,3500,,7159,01:13:00,,,from_tlv
2026,6,יום חול,700,,8162,01:14:00,,,to_tlv
2026,6,יום חול,2100,,8162,01:14:00,,,to_tlv
2026,6,יום חול,1500,,186,01:14:00,,,to_tlv
2026,6,יום חול,1600,,8160,01:14:00,,,to_tlv
2026,6,יום חול,9000,,687,01:14:00,,,to_tlv
2026,6,יום חול,7000,,8053,01:14:00,,,to_tlv
2026,6,שבת,5900,,7619,01:14:00,,,to_tlv
2026,6,יום חול,1220,,8162,01:15:00,,,to_tlv
2026,6,יום חול,700,,8192,01:15:00,,,to_tlv
2026,6,יום חול,1600,,8160,01:15:00,,,to_tlv
2026,6,יום חול,1220,,8162,01:16:00,,,to_tlv
2026,6,יום חול,400,,137,01:16:00,,,to_tlv
2026,6,יום חול,2800,,1161,01:16:00,,,from_tlv
2026,6,יום חול,5900,,8299,01:16:00,,,to_tlv
2026,6,יום חול,9700,,8695,01:16:00,,,to_tlv
2026,6,יום חול,1600,,186,01:17:00,,,to_tlv
2026,6,יום חול,3500,,700,01:17:00,,,to_tlv
2026,6,יום חול,3500,,9700,01:17:00,,,to_tlv
2026,6,יום חול,3500,,1011,01:17:00,,,from_tlv
2026,6,שישי,3500,,6700,01:17:00,,,to_tlv
2026,6,שישי,2100,,8164,01:17:00,,,to_tlv
2026,6,שבת,5900,,7619,01:17:00,,,to_tlv
2026,6,יום חול,1400,,8162,01:18:00,,,to_tlv
2026,6,יום חול,9650,,8693,01:18:00,,,to_tlv
2026,6,יום חול,1400,,8192,01:19:00,,,to_tlv
2026,6,יום חול,3700,,1004,01:19:00,,,to_tlv
2026,6,יום חול,3700,,4,01:19:00,,,to_tlv
2026,6,שישי,3700,,6004,01:19:00,,,to_tlv
2026,6,שבת,1220,,7158,01:20:00,,,to_tlv
2026,6,שישי,7300,,683,01:20:00,,,to_tlv
2026,6,יום חול,7300,,683,01:20:00,,,to_tlv
2026,6,שבת,3600,,7159,01:20:00,,,to_tlv
2026,6,יום חול,1600,,8190,01:21:00,,,to_tlv
2026,6,יום חול,9600,,7619,01:21:00,,,to_tlv
2026,6,שבת,7320,,7055,01:21:00,,,to_tlv
2026,6,יום חול,1220,,8162,01:22:00,,,to_tlv
2026,6,יום חול,9600,,8695,01:22:00,,,to_tlv
2026,6,יום חול,9700,,8697,01:22:00,,,to_tlv
2026,6,שישי,5800,,8201,01:22:00,,,to_tlv
2026,6,יום חול,2100,,1,01:23:00,,,from_tlv
2026,6,יום חול,1500,,8160,01:23:00,,,to_tlv
2026,6,יום חול,3500,,139,01:23:00,,,from_tlv
2026,6,שישי,2100,,6001,01:23:00,,,from_tlv
2026,6,יום חול,700,,8162,01:24:00,,,to_tlv
2026,6,יום חול,1600,,186,01:24:00,,,to_tlv
2026,6,יום חול,700,,8162,01:25:00,,,to_tlv
2026,6,יום חול,3100,,1161,01:25:00,,,from_tlv
2026,6,יום חול,5800,,687,01:25:00,,,to_tlv
2026,6,שבת,1300,,7158,01:25:00,,,to_tlv
2026,6,שבת,3700,,7159,01:25:00,,,to_tlv
2026,6,שישי,1220,,8164,01:25:00,,,to_tlv
2026,6,יום חול,2300,,2,01:26:00,,,to_tlv
2026,6,יום חול,3700,,1011,01:26:00,,,to_tlv
2026,6,שבת,2300,,7002,01:26:00,,,to_tlv
2026,6,שבת,9600,,7619,01:26:00,,,to_tlv
2026,6,יום חול,9700,,8693,01:27:00,,,to_tlv
2026,6,יום חול,1400,,8162,01:28:00,,,to_tlv
2026,6,יום חול,7320,,683,01:28:00,,,to_tlv
2026,6,שישי,7320,,683,01:28:00,,,to_tlv
2026,6,יום חול,680,,701,01:29:00,,,to_tlv
2026,6,יום חול,1400,,8162,01:29:00,,,to_tlv
2026,6,יום חול,3500,,4,01:29:00,,,to_tlv
2026,6,יום חול,3500,,1004,01:29:00,,,to_tlv
2026,6,יום חול,9650,,7619,01:29:00,,,to_tlv
2026,6,שישי,3500,,6004,01:29:00,,,to_tlv
2026,6,שבת,9600,,7619,01:29:00,,,to_tlv
2026,6,שישי,680,,6701,01:29:00,,,to_tlv
2026,6,יום חול,1500,,8162,01:30:00,,,to_tlv
2026,6,יום חול,8550,,8053,01:30:00,,,to_tlv
2026,6,שבת,4600,,7159,01:30:00,,,to_tlv
2026,6,שישי,8550,,8053,01:30:00,,,to_tlv
2026,6,יום חול,700,,8162,01:31:00,,,to_tlv
2026,6,יום חול,1500,,8192,01:31:00,,,to_tlv
2026,6,יום חול,7300,,8695,01:31:00,,,to_tlv
2026,6,יום חול,9650,,8695,01:31:00,,,to_tlv
2026,6,שישי,5900,,8201,01:31:00,,,to_tlv
2026,6,יום חול,680,,702,01:32:00,,,to_tlv
2026,6,יום חול,1600,,8160,01:32:00,,,to_tlv
2026,6,יום חול,2300,,1,01:32:00,,,from_tlv
2026,6,יום חול,3700,,139,01:32:00,,,to_tlv
2026,6,שבת,1400,,7158,01:32:00,,,to_tlv
2026,6,שישי,2300,,6001,01:32:00,,,from_tlv
2026,6,שישי,680,,6702,01:32:00,,,to_tlv
2026,6,יום חול,3300,,1161,01:34:00,,,from_tlv
2026,6,שישי,700,,8164,01:34:00,,,to_tlv
2026,6,שבת,9650,,7619,01:34:00,,,to_tlv
2026,6,יום חול,1400,,8162,01:35:00,,,to_tlv
2026,6,יום חול,2100,,2,01:35:00,,,to_tlv
2026,6,יום חול,5900,,687,01:35:00,,,to_tlv
2026,6,יום חול,8550,,8053,01:35:00,,,to_tlv
2026,6,יום חול,5900,,687,01:35:00,,,to_tlv
2026,6,שבת,2100,,7002,01:35:00,,,to_tlv
2026,6,שבת,4900,,7159,01:35:00,,,to_tlv
2026,6,יום חול,7300,,8697,01:37:00,,,to_tlv
2026,6,שבת,9650,,7619,01:37:00,,,to_tlv
2026,6,יום חול,9700,,7619,01:38:00,,,to_tlv
2026,6,שישי,1400,,8164,01:38:00,,,to_tlv
2026,6,יום חול,1600,,8162,01:39:00,,,to_tlv
2026,6,יום חול,7320,,8695,01:39:00,,,to_tlv
2026,6,יום חול,1500,,8162,01:40:00,,,to_tlv
2026,6,יום חול,1600,,3,01:40:00,,,from_tlv
2026,6,יום חול,3500,,9703,01:40:00,,,from_tlv
2026,6,יום חול,3500,,703,01:40:00,,,from_tlv
2026,6,שישי,1600,,6003,01:40:00,,,from_tlv
2026,6,שישי,3500,,6703,01:40:00,,,from_tlv
2026,6,יום חול,9700,,8695,01:40:00,,,to_tlv
2026,6,יום חול,1600,,8192,01:41:00,,,to_tlv
2026,6,יום חול,1500,,8162,01:41:00,,,to_tlv
2026,6,יום חול,3300,,4,01:41:00,,,to_tlv
2026,6,יום חול,3300,,1004,01:41:00,,,to_tlv
2026,6,יום חול,7300,,8053,01:41:00,,,to_tlv
2026,6,שישי,3300,,6004,01:41:00,,,to_tlv
2026,6,יום חול,8600,,1011,01:41:00,,,to_tlv
2026,6,שבת,1500,,7158,01:41:00,,,to_tlv
2026,6,שישי,7300,,8053,01:41:00,,,to_tlv
2026,6,יום חול,7300,,8693,01:42:00,,,to_tlv
2026,6,שבת,9700,,7619,01:43:00,,,to_tlv
2026,6,יום חול,3500,,1161,01:45:00,,,from_tlv
2026,6,יום חול,7320,,8697,01:45:00,,,to_tlv
2026,6,שבת,8600,,7159,01:45:00,,,to_tlv
2026,6,יום חול,7300,,8053,01:46:00,,,to_tlv
2026,6,שבת,9700,,7619,01:46:00,,,to_tlv
2026,6,יום חול,1500,,8162,01:47:00,,,to_tlv
2026,6,יום חול,3700,,703,01:47:00,,,to_tlv
2026,6,יום חול,3700,,9703,01:47:00,,,to_tlv
2026,6,יום חול,8600,,139,01:47:00,,,to_tlv
2026,6,יום חול,9600,,687,01:47:00,,,to_tlv
2026,6,שישי,3700,,6703,01:47:00,,,to_tlv
2026,6,יום חול,1600,,8162,01:49:00,,,to_tlv
2026,6,יום חול,1500,,3,01:50:00,,,from_tlv
2026,6,יום חול,400,,6,01:50:00,,,from_tlv
2026,6,יום חול,400,,1006,01:50:00,,,from_tlv
2026,6,יום חול,1600,,8162,01:50:00,,,to_tlv
2026,6,יום חול,7320,,8693,01:50:00,,,to_tlv
2026,6,שישי,400,,6006,01:50:00,,,from_tlv
2026,6,שישי,1500,,6003,01:50:00,,,from_tlv
2026,6,שישי,1500,,8164,01:50:00,,,to_tlv
2026,6,יום חול,2800,,1,01:51:00,,,from_tlv
2026,6,יום חול,3100,,4,01:51:00,,,to_tlv
2026,6,יום חול,3100,,1004,01:51:00,,,to_tlv
2026,6,שישי,7320,,8053,01:51:00,,,to_tlv
2026,6,יום חול,7320,,8053,01:51:00,,,to_tlv
2026,6,שבת,1600,,7158,01:51:00,,,to_tlv
2026,6,שישי,2800,,6001,01:51:00,,,from_tlv
2026,6,שישי,3100,,6004,01:51:00,,,to_tlv
2026,6,יום חול,7300,,7619,01:52:00,,,to_tlv
2026,6,יום חול,2800,,1001,01:53:00,,,from_tlv
2026,6,יום חול,8600,,9702,01:53:00,,,from_tlv
2026,6,יום חול,8600,,702,01:53:00,,,from_tlv
2026,6,שישי,8600,,6702,01:53:00,,,from_tlv
2026,6,יום חול,1400,,2,01:54:00,,,to_tlv
2026,6,יום חול,3700,,1161,01:54:00,,,to_tlv
2026,6,שבת,1400,,7002,01:54:00,,,to_tlv
2026,6,יום חול,7300,,8695,01:55:00,,,to_tlv
2026,6,יום חול,1600,,8162,01:56:00,,,to_tlv
2026,6,יום חול,7320,,8053,01:56:00,,,to_tlv
2026,6,יום חול,9650,,687,01:56:00,,,to_tlv
2026,6,יום חול,9650,,687,01:56:00,,,to_tlv
2026,6,שבת,7300,,7619,01:57:00,,,to_tlv
2026,6,שבת,300,,7159,01:58:00,,,from_tlv
2026,6,יום חול,400,,1011,02:00:00,,,to_tlv
2026,6,יום חול,2800,,1004,02:00:00,,,to_tlv
2026,6,יום חול,2800,,4,02:00:00,,,to_tlv
2026,6,שישי,1600,,8164,02:00:00,,,to_tlv
2026,6,שבת,7300,,7619,02:00:00,,,to_tlv
2026,6,שישי,2800,,6004,02:00:00,,,to_tlv
2026,6,יום חול,3100,,1,02:01:00,,,from_tlv
2026,6,יום חול,3100,,1001,02:01:00,,,from_tlv
2026,6,יום חול,8600,,9703,02:01:00,,,to_tlv
2026,6,יום חול,7320,,7619,02:01:00,,,to_tlv
2026,6,שישי,8600,,6703,02:01:00,,,to_tlv
2026,6,יום חול,8600,,703,02:01:00,,,to_tlv
2026,6,שישי,3100,,6001,02:01:00,,,from_tlv
2026,6,יום חול,7320,,8695,02:03:00,,,to_tlv
2026,6,יום חול,8600,,1006,02:04:00,,,from_tlv
2026,6,יום חול,8600,,6,02:04:00,,,from_tlv
2026,6,יום חול,9700,,687,02:04:00,,,to_tlv
2026,6,שישי,8600,,6006,02:04:00,,,from_tlv
2026,6,שבת,400,,7159,02:05:00,,,to_tlv
2026,6,יום חול,9700,,687,02:05:00,,,to_tlv
2026,6,יום חול,400,,139,02:06:00,,,to_tlv
2026,6,יום חול,1400,,3,02:06:00,,,from_tlv
2026,6,שבת,7320,,7619,02:06:00,,,to_tlv
2026,6,שישי,1400,,6003,02:06:00,,,from_tlv
2026,6,יום חול,1500,,2,02:07:00,,,to_tlv
2026,6,יום חול,3700,,702,02:07:00,,,to_tlv
2026,6,יום חול,3700,,9702,02:07:00,,,to_tlv
2026,6,שבת,1500,,7002,02:07:00,,,to_tlv
2026,6,שישי,3700,,6702,02:07:00,,,to_tlv
2026,6,יום חול,8600,,1161,02:08:00,,,to_tlv
2026,6,שבת,7320,,7619,02:09:00,,,to_tlv
2026,6,יום חול,3300,,1001,02:11:00,,,from_tlv
2026,6,יום חול,3300,,1,02:11:00,,,from_tlv
2026,6,שישי,3300,,6001,02:11:00,,,from_tlv
2026,6,יום חול,7300,,687,02:15:00,,,to_tlv
2026,6,יום חול,3500,,9702,02:17:00,,,to_tlv
2026,6,יום חול,3500,,702,02:17:00,,,to_tlv
2026,6,שישי,3500,,6702,02:17:00,,,to_tlv
2026,6,יום חול,7300,,687,02:18:00,,,to_tlv
2026,6,יום חול,2300,,4,02:19:00,,,to_tlv
2026,6,יום חול,1600,,2,02:19:00,,,to_tlv
2026,6,יום חול,3700,,1006,02:19:00,,,to_tlv
2026,6,יום חול,3700,,6,02:19:00,,,to_tlv
2026,6,שבת,1600,,7002,02:19:00,,,to_tlv
2026,6,שישי,2300,,6004,02:19:00,,,to_tlv
2026,6,שישי,3700,,6006,02:19:00,,,to_tlv
2026,6,יום חול,7300,,687,02:20:00,,,to_tlv
2026,6,יום חול,2100,,3,02:23:00,,,from_tlv
2026,6,יום חול,3500,,1,02:23:00,,,from_tlv
2026,6,יום חול,3500,,1001,02:23:00,,,from_tlv
2026,6,שישי,2100,,6003,02:23:00,,,from_tlv
2026,6,שישי,3500,,6001,02:23:00,,,from_tlv
2026,6,יום חול,7320,,687,02:23:00,,,to_tlv
2026,6,יום חול,7320,,687,02:26:00,,,to_tlv
2026,6,יום חול,2100,,4,02:28:00,,,to_tlv
2026,6,יום חול,7320,,687,02:28:00,,,to_tlv
2026,6,שישי,2100,,6004,02:28:00,,,to_tlv
2026,6,יום חול,680,,703,02:29:00,,,to_tlv
2026,6,יום חול,3500,,1006,02:29:00,,,to_tlv
2026,6,יום חול,3500,,6,02:29:00,,,to_tlv
2026,6,שישי,680,,6703,02:29:00,,,to_tlv
2026,6,שישי,3500,,6006,02:29:00,,,to_tlv
2026,6,יום חול,680,,704,02:32:00,,,to_tlv
2026,6,יום חול,2300,,3,02:32:00,,,from_tlv
2026,6,יום חול,3700,,1001,02:32:00,,,to_tlv
2026,6,יום חול,3700,,1,02:32:00,,,to_tlv
2026,6,שישי,2300,,6003,02:32:00,,,from_tlv
2026,6,שישי,680,,6704,02:32:00,,,to_tlv
2026,6,שישי,3700,,6001,02:32:00,,,to_tlv
2026,6,יום חול,1600,,5,02:38:00,,,from_tlv
2026,6,שישי,1600,,6005,02:38:00,,,from_tlv
2026,6,יום חול,3500,,705,02:40:00,,,from_tlv
2026,6,יום חול,3500,,9705,02:40:00,,,from_tlv
2026,6,שישי,3500,,6705,02:40:00,,,from_tlv
2026,6,יום חול,3300,,1006,02:41:00,,,to_tlv
2026,6,יום חול,3300,,6,02:41:00,,,to_tlv
2026,6,שישי,3300,,6006,02:41:00,,,to_tlv
2026,6,יום חול,1500,,5,02:47:00,,,from_tlv
2026,6,יום חול,3700,,9705,02:47:00,,,to_tlv
2026,6,יום חול,3700,,705,02:47:00,,,to_tlv
2026,6,יום חול,8600,,1,02:47:00,,,to_tlv
2026,6,יום חול,8600,,1001,02:47:00,,,to_tlv
2026,6,שישי,1500,,6005,02:47:00,,,from_tlv
2026,6,שישי,8600,,6001,02:47:00,,,to_tlv
2026,6,שישי,3700,,6705,02:47:00,,,to_tlv
2026,6,יום חול,1400,,4,02:49:00,,,to_tlv
2026,6,שישי,1400,,6004,02:49:00,,,to_tlv
2026,6,יום חול,400,,8,02:50:00,,,from_tlv
2026,6,יום חול,400,,1008,02:50:00,,,from_tlv
2026,6,שישי,400,,6008,02:50:00,,,from_tlv
2026,6,יום חול,3100,,1006,02:51:00,,,to_tlv
2026,6,יום חול,3100,,6,02:51:00,,,to_tlv
2026,6,יום חול,2800,,3,02:51:00,,,from_tlv
2026,6,שישי,2800,,6003,02:51:00,,,from_tlv
2026,6,שישי,3100,,6006,02:51:00,,,to_tlv
2026,6,יום חול,2800,,1003,02:53:00,,,from_tlv
2026,6,יום חול,8600,,9704,02:53:00,,,from_tlv
2026,6,יום חול,8600,,704,02:53:00,,,from_tlv
2026,6,שישי,8600,,6704,02:53:00,,,from_tlv
2026,6,יום חול,2800,,1006,03:00:00,,,to_tlv
2026,6,יום חול,2800,,6,03:00:00,,,to_tlv
2026,6,שישי,2800,,6006,03:00:00,,,to_tlv
2026,6,יום חול,1400,,5,03:01:00,,,from_tlv
2026,6,יום חול,3100,,1003,03:01:00,,,from_tlv
2026,6,יום חול,3100,,3,03:01:00,,,from_tlv
2026,6,יום חול,8600,,705,03:01:00,,,to_tlv
2026,6,יום חול,8600,,9705,03:01:00,,,to_tlv
2026,6,שישי,1400,,6005,03:01:00,,,from_tlv
2026,6,שישי,3100,,6003,03:01:00,,,from_tlv
2026,6,שישי,8600,,6705,03:01:00,,,to_tlv
2026,6,יום חול,1500,,4,03:03:00,,,to_tlv
2026,6,שישי,1500,,6004,03:03:00,,,to_tlv
2026,6,יום חול,8600,,1008,03:04:00,,,from_tlv
2026,6,יום חול,8600,,8,03:04:00,,,from_tlv
2026,6,שישי,8600,,6008,03:04:00,,,from_tlv
2026,6,יום חול,400,,1,03:06:00,,,to_tlv
2026,6,יום חול,400,,1001,03:06:00,,,to_tlv
2026,6,שישי,400,,6001,03:06:00,,,to_tlv
2026,6,יום חול,3700,,704,03:07:00,,,to_tlv
2026,6,יום חול,3700,,9704,03:07:00,,,to_tlv
2026,6,שישי,3700,,6704,03:07:00,,,to_tlv
2026,6,יום חול,3300,,1003,03:11:00,,,from_tlv
2026,6,יום חול,3300,,3,03:11:00,,,from_tlv
2026,6,שישי,3300,,6003,03:11:00,,,from_tlv
2026,6,יום חול,1600,,4,03:16:00,,,to_tlv
2026,6,שישי,1600,,6004,03:16:00,,,to_tlv
2026,6,יום חול,3500,,704,03:17:00,,,to_tlv
2026,6,יום חול,3500,,9704,03:17:00,,,to_tlv
2026,6,שישי,3500,,6704,03:17:00,,,to_tlv
2026,6,יום חול,2300,,6,03:19:00,,,to_tlv
2026,6,יום חול,3700,,1008,03:19:00,,,to_tlv
2026,6,יום חול,3700,,8,03:19:00,,,to_tlv
2026,6,שישי,2300,,6006,03:19:00,,,to_tlv
2026,6,שישי,3700,,6008,03:19:00,,,to_tlv
2026,6,יום חול,2100,,5,03:20:00,,,from_tlv
2026,6,שישי,2100,,6005,03:20:00,,,from_tlv
2026,6,יום חול,3500,,1003,03:23:00,,,from_tlv
2026,6,יום חול,3500,,3,03:23:00,,,from_tlv
2026,6,שישי,3500,,6003,03:23:00,,,from_tlv
2026,6,יום חול,2100,,6,03:28:00,,,to_tlv
2026,6,שישי,2100,,6006,03:28:00,,,to_tlv
2026,6,יום חול,680,,705,03:29:00,,,to_tlv
2026,6,יום חול,3500,,8,03:29:00,,,to_tlv
2026,6,יום חול,3500,,1008,03:29:00,,,to_tlv
2026,6,שישי,3500,,6008,03:29:00,,,to_tlv
2026,6,שישי,680,,6705,03:29:00,,,to_tlv
2026,6,יום חול,680,,706,03:32:00,,,to_tlv
2026,6,יום חול,2300,,5,03:32:00,,,from_tlv
2026,6,יום חול,3700,,1003,03:32:00,,,to_tlv
2026,6,יום חול,3700,,3,03:32:00,,,to_tlv
2026,6,שישי,680,,6706,03:32:00,,,to_tlv
2026,6,שישי,3700,,6003,03:32:00,,,to_tlv
2026,6,שישי,2300,,6005,03:32:00,,,from_tlv
2026,6,יום חול,1600,,7,03:38:00,,,from_tlv
2026,6,שישי,1600,,6007,03:38:00,,,from_tlv
2026,6,יום חול,3500,,707,03:40:00,,,from_tlv
2026,6,יום חול,3500,,9707,03:40:00,,,from_tlv
2026,6,שישי,3500,,6707,03:40:00,,,from_tlv
2026,6,יום חול,3300,,1008,03:41:00,,,to_tlv
2026,6,יום חול,3300,,8,03:41:00,,,to_tlv
2026,6,שישי,3300,,6008,03:41:00,,,to_tlv
2026,6,יום חול,1500,,7,03:47:00,,,from_tlv
2026,6,יום חול,3700,,9707,03:47:00,,,to_tlv
2026,6,יום חול,3700,,707,03:47:00,,,to_tlv
2026,6,יום חול,8600,,1003,03:47:00,,,to_tlv
2026,6,יום חול,8600,,3,03:47:00,,,to_tlv
2026,6,שישי,1500,,6007,03:47:00,,,from_tlv
2026,6,שישי,3700,,6707,03:47:00,,,to_tlv
2026,6,שישי,8600,,6003,03:47:00,,,to_tlv
2026,6,יום חול,1400,,6,03:49:00,,,to_tlv
2026,6,שישי,1400,,6006,03:49:00,,,to_tlv
2026,6,יום חול,400,,1010,03:50:00,,,from_tlv
2026,6,יום חול,400,,10,03:50:00,,,from_tlv
2026,6,שישי,400,,6010,03:50:00,,,from_tlv
2026,6,יום חול,2800,,5,03:51:00,,,from_tlv
2026,6,יום חול,3100,,8,03:51:00,,,to_tlv
2026,6,יום חול,3100,,1008,03:51:00,,,to_tlv
2026,6,שישי,2800,,6005,03:51:00,,,from_tlv
2026,6,שישי,3100,,6008,03:51:00,,,to_tlv
2026,6,יום חול,2800,,1005,03:53:00,,,from_tlv
2026,6,יום חול,8600,,706,03:53:00,,,from_tlv
2026,6,יום חול,8600,,9706,03:53:00,,,from_tlv
2026,6,שישי,8600,,6706,03:53:00,,,from_tlv
